area_type,location,total_sqft,bath,balcony,price,bhk,price_per_sqft,total_rooms
Super built-up  Area,Electronic City Phase II,1056.0,2.0,1.0,39.07,2.0,3699.810606060606,4.0
Plot  Area,Chikka Tirupathi,2600.0,5.0,3.0,120.0,4.0,4615.384615384615,9.0
Built-up  Area,Uttarahalli,1440.0,2.0,3.0,62.0,3.0,4305.555555555556,5.0
Super built-up  Area,Lingadheeranahalli,1521.0,3.0,1.0,95.0,3.0,6245.890861275477,6.0
Super built-up  Area,Kothanur,1200.0,2.0,1.0,51.0,2.0,4250.0,4.0
Super built-up  Area,Whitefield,1170.0,2.0,1.0,38.0,2.0,3247.863247863248,4.0
Super built-up  Area,Old Airport Road,2732.0,4.0,2.0,204.0,4.0,7467.0571010248905,8.0
Super built-up  Area,Rajaji Nagar,3300.0,4.0,2.0,600.0,4.0,18181.81818181818,8.0
Super built-up  Area,Marathahalli,1310.0,3.0,1.0,63.25,3.0,4828.244274809161,6.0
Super built-up  Area,Whitefield,1800.0,2.0,2.0,70.0,3.0,3888.8888888888887,5.0
Plot  Area,Whitefield,2785.0,5.0,3.0,295.0,4.0,10592.45960502693,9.0
Super built-up  Area,7th Phase JP Nagar,1000.0,2.0,1.0,38.0,2.0,3800.0,4.0
Built-up  Area,Gottigere,1100.0,2.0,2.0,40.0,2.0,3636.3636363636365,4.0
Plot  Area,Sarjapur,2250.0,3.0,2.0,148.0,3.0,6577.777777777777,6.0
Super built-up  Area,Mysore Road,1175.0,2.0,2.0,73.5,2.0,6255.31914893617,4.0
Super built-up  Area,Bisuvanahalli,1180.0,3.0,2.0,48.0,3.0,4067.7966101694915,6.0
Super built-up  Area,Raja Rajeshwari Nagar,1540.0,3.0,3.0,60.0,3.0,3896.103896103896,6.0
Super built-up  Area,Other,2770.0,4.0,2.0,290.0,3.0,10469.314079422382,7.0
Super built-up  Area,Other,1100.0,2.0,2.0,48.0,2.0,4363.636363636364,4.0
Built-up  Area,Kengeri,600.0,1.0,1.0,15.0,1.0,2500.0,2.0
Super built-up  Area,Binny Pete,1755.0,3.0,1.0,122.0,3.0,6951.5669515669515,6.0
Plot  Area,Thanisandra,2800.0,5.0,2.0,380.0,4.0,13571.42857142857,9.0
Super built-up  Area,Bellandur,1767.0,3.0,1.0,103.0,3.0,5829.088851160159,6.0
Super built-up  Area,Thanisandra,510.0,1.0,0.0,25.25,1.0,4950.980392156863,2.0
Super built-up  Area,Other,1250.0,3.0,2.0,56.0,3.0,4480.0,6.0
Super built-up  Area,Electronic City,660.0,1.0,1.0,23.1,2.0,3500.0,3.0
Built-up  Area,Whitefield,1610.0,3.0,2.0,81.0,3.0,5031.055900621118,6.0
Super built-up  Area,Ramagondanahalli,1151.0,2.0,2.0,48.77,2.0,4237.185056472633,4.0
Super built-up  Area,Electronic City,1025.0,2.0,1.0,47.0,3.0,4585.365853658536,5.0
Super built-up  Area,Yelahanka,2475.0,4.0,0.0,186.0,4.0,7515.151515151515,8.0
Super built-up  Area,Bisuvanahalli,1075.0,2.0,1.0,35.0,3.0,3255.813953488372,5.0
Super built-up  Area,Hebbal,1760.0,2.0,2.0,123.0,3.0,6988.636363636364,5.0
Super built-up  Area,Raja Rajeshwari Nagar,1693.0,3.0,3.0,57.39,3.0,3389.84051978736,6.0
Built-up  Area,Kasturi Nagar,1925.0,3.0,2.0,125.0,3.0,6493.506493506494,6.0
Super built-up  Area,Kanakpura Road,700.0,2.0,1.0,36.0,2.0,5142.857142857143,4.0
Super built-up  Area,Electronics City Phase 1,1070.0,2.0,1.0,45.5,2.0,4252.336448598131,4.0
Super built-up  Area,Kundalahalli,1724.0,3.0,2.0,125.0,3.0,7250.580046403712,6.0
Super built-up  Area,Chikkalasandra,1290.0,2.0,2.0,56.12,3.0,4350.387596899225,5.0
Built-up  Area,Uttarahalli,1143.0,2.0,2.0,45.0,2.0,3937.0078740157483,4.0
Built-up  Area,Murugeshpalya,1296.0,2.0,2.0,81.0,2.0,6250.0,4.0
Super built-up  Area,Sarjapur  Road,1254.0,3.0,2.0,38.0,3.0,3030.3030303030305,6.0
Super built-up  Area,Other,600.0,1.0,0.0,38.0,1.0,6333.333333333333,2.0
Plot  Area,Yelahanka,660.0,1.0,0.0,48.0,1.0,7272.727272727273,2.0
Super built-up  Area,Kanakpura Road,1330.74,2.0,2.0,91.79,2.0,6897.665960292769,4.0
Super built-up  Area,Doddathoguru,970.0,2.0,0.0,33.0,2.0,3402.061855670103,4.0
Super built-up  Area,Whitefield,1459.0,2.0,1.0,94.82,2.0,6498.971898560658,4.0
Plot  Area,KR Puram,800.0,1.0,1.0,130.0,2.0,16250.0,3.0
Built-up  Area,Other,869.0,2.0,1.0,36.0,2.0,4142.692750287687,4.0
Super built-up  Area,Other,1270.0,2.0,1.0,50.0,2.0,3937.0078740157483,4.0
Super built-up  Area,Bhoganhalli,1670.0,3.0,1.0,99.0,3.0,5928.143712574851,6.0
Built-up  Area,Whitefield,2010.0,3.0,2.0,91.0,3.0,4527.363184079602,6.0
Super built-up  Area,Lakshminarayana Pura,1185.0,2.0,2.0,75.0,2.0,6329.113924050633,4.0
Super built-up  Area,Yelahanka,1600.0,2.0,3.0,75.0,3.0,4687.5,5.0
Super built-up  Area,Begur Road,1200.0,2.0,2.0,44.0,2.0,3666.6666666666665,4.0
Super built-up  Area,Other,1500.0,2.0,2.0,185.0,2.0,12333.333333333334,4.0
Super built-up  Area,Other,840.0,2.0,2.0,45.0,2.0,5357.142857142857,4.0
Plot  Area,Other,4395.0,3.0,2.0,240.0,3.0,5460.750853242321,6.0
Super built-up  Area,Other,845.0,2.0,1.0,55.0,2.0,6508.87573964497,4.0
Plot  Area,Whitefield,5700.0,5.0,3.0,650.0,4.0,11403.508771929824,9.0
Built-up  Area,Varthur,1160.0,2.0,2.0,44.0,2.0,3793.103448275862,4.0
Built-up  Area,Bommanahalli,3000.0,8.0,0.0,140.0,8.0,4666.666666666667,16.0
Super built-up  Area,Doddathoguru,1100.0,2.0,1.0,62.0,2.0,5636.363636363636,4.0
Super built-up  Area,Gunjur,1140.0,2.0,3.0,43.0,2.0,3771.9298245614036,4.0
Super built-up  Area,Marathahalli,1220.0,2.0,1.0,57.0,2.0,4672.131147540984,4.0
Super built-up  Area,Kanakpura Road,1005.0,2.0,1.0,36.68,2.0,3649.7512437810947,4.0
Super built-up  Area,Begur Road,1358.0,2.0,1.0,80.58,2.0,5933.726067746687,4.0
Super built-up  Area,Hegde Nagar,1569.0,3.0,1.0,101.0,3.0,6437.221159974506,6.0
Super built-up  Area,Haralur Road,1240.0,2.0,1.0,70.0,2.0,5645.1612903225805,4.0
Super built-up  Area,Hennur Road,2089.0,3.0,2.0,140.0,3.0,6701.771182383915,6.0
Super built-up  Area,Kothannur,1206.0,2.0,1.0,48.23,2.0,3999.1708126036483,4.0
Super built-up  Area,Kalena Agrahara,1150.0,2.0,3.0,40.0,2.0,3478.2608695652175,4.0
Built-up  Area,Other,2511.0,3.0,3.0,205.0,3.0,8164.078056551175,6.0
Built-up  Area,ISRO Layout,4400.0,6.0,3.0,250.0,6.0,5681.818181818182,12.0
Super built-up  Area,Other,1660.0,2.0,2.0,105.0,3.0,6325.301204819277,5.0
Super built-up  Area,Yelahanka,1326.0,2.0,2.0,78.0,2.0,5882.35294117647,4.0
Super built-up  Area,Garudachar Palya,1325.0,2.0,2.0,60.8,3.0,4588.679245283019,5.0
Super built-up  Area,EPIP Zone,1499.0,5.0,2.0,102.0,3.0,6804.536357571715,8.0
Built-up  Area,Hegde Nagar,3000.0,7.0,2.0,210.0,6.0,7000.0,13.0
Super built-up  Area,Kanakpura Road,1665.0,3.0,2.0,88.0,3.0,5285.285285285286,6.0
Super built-up  Area,Dasanapura,708.0,2.0,2.0,37.0,2.0,5225.988700564972,4.0
Super built-up  Area,Kasavanhalli,1060.0,2.0,2.0,58.06,2.0,5477.358490566037,4.0
Built-up  Area,Sanjay nagar,1000.0,2.0,2.0,70.0,2.0,7000.0,4.0
Super built-up  Area,Electronic City,1000.0,2.0,1.0,28.88,2.0,2888.0,4.0
Super built-up  Area,Other,1450.0,2.0,2.0,70.0,3.0,4827.586206896552,5.0
Plot  Area,ISRO Layout,1200.0,4.0,2.0,155.0,4.0,12916.666666666666,8.0
Super built-up  Area,Thanisandra,1296.0,2.0,3.0,80.0,2.0,6172.83950617284,4.0
Super built-up  Area,Domlur,1540.0,3.0,2.0,90.0,3.0,5844.1558441558445,6.0
Plot  Area,Kengeri,2894.0,4.0,1.0,245.0,4.0,8465.791292328957,8.0
Super built-up  Area,Sarjapura - Attibele Road,1330.0,2.0,1.0,48.0,3.0,3609.0225563909776,5.0
Built-up  Area,Other,1200.0,2.0,1.0,65.0,2.0,5416.666666666667,4.0
Built-up  Area,Other,1200.0,3.0,1.0,90.0,3.0,7500.0,6.0
Super built-up  Area,Yeshwanthpur,2502.0,3.0,3.0,138.0,3.0,5515.587529976019,6.0
Built-up  Area,Chandapura,650.0,1.0,1.0,17.0,2.0,2615.3846153846152,3.0
Plot  Area,Kothanur,2400.0,2.0,1.0,150.0,3.0,6250.0,5.0
Super built-up  Area,Other,1007.0,2.0,2.0,43.0,2.0,4270.109235352532,4.0
Super built-up  Area,Other,1200.0,2.0,2.0,50.0,2.0,4166.666666666667,4.0
Super built-up  Area,Other,966.0,2.0,2.0,49.9,2.0,5165.631469979296,4.0
Built-up  Area,Nagarbhavi,1630.0,2.0,1.0,98.0,3.0,6012.269938650306,5.0
Built-up  Area,Rajaji Nagar,1640.0,3.0,2.0,229.0,3.0,13963.414634146342,6.0
Built-up  Area,Other,782.0,2.0,2.0,55.68,2.0,7120.204603580562,4.0
Super built-up  Area,Devanahalli,1260.0,2.0,2.0,66.78,2.0,5300.0,4.0
Super built-up  Area,Other,1800.0,3.0,3.0,120.0,3.0,6666.666666666667,6.0
Super built-up  Area,Other,1413.0,2.0,2.0,75.0,3.0,5307.855626326964,5.0
Super built-up  Area,Whitefield,1116.0,2.0,1.0,51.91,2.0,4651.433691756272,4.0
Super built-up  Area,Electronic City,1530.0,2.0,1.0,45.9,3.0,3000.0,5.0
Built-up  Area,Ramamurthy Nagar,3700.0,4.0,1.0,225.0,4.0,6081.081081081081,8.0
Built-up  Area,Sarjapur  Road,2497.0,3.0,2.0,140.0,3.0,5606.728073688426,6.0
Super built-up  Area,Kengeri,1540.0,2.0,3.0,64.0,3.0,4155.8441558441555,5.0
Super built-up  Area,Thanisandra,1436.0,3.0,1.0,74.75,3.0,5205.431754874652,6.0
Super built-up  Area,Malleshwaram,1100.0,2.0,2.0,75.0,2.0,6818.181818181818,4.0
Super built-up  Area,Thanisandra,1427.0,3.0,2.0,120.0,3.0,8409.250175192712,6.0
Super built-up  Area,Akshaya Nagar,2061.0,3.0,1.0,200.0,3.0,9704.02717127608,6.0
Super built-up  Area,Hebbal,5611.5,4.0,0.0,477.0,4.0,8500.400962309543,8.0
Built-up  Area,Shampura,2650.0,4.0,2.0,150.0,4.0,5660.377358490566,8.0
Super built-up  Area,Devanahalli,1282.0,2.0,2.0,68.52,3.0,5344.773790951638,5.0
Built-up  Area,Kadugodi,1050.0,2.0,1.0,34.0,2.0,3238.095238095238,4.0
Built-up  Area,LB Shastri Nagar,1600.0,3.0,2.0,65.0,3.0,4062.5,6.0
Super built-up  Area,Other,945.0,2.0,1.0,54.0,2.0,5714.285714285715,4.0
Super built-up  Area,Hormavu,1500.0,2.0,1.0,78.0,2.0,5200.0,4.0
Built-up  Area,Other,1870.0,3.0,3.0,110.0,3.0,5882.35294117647,6.0
Plot  Area,Sarjapur,1600.0,3.0,1.0,75.0,3.0,4687.5,6.0
Super built-up  Area,Electronic City,880.0,1.0,1.0,16.5,2.0,1875.0,3.0
Plot  Area,Other,1200.0,4.0,0.0,210.0,4.0,17500.0,8.0
Super built-up  Area,Kudlu Gate,1535.0,3.0,2.0,83.0,3.0,5407.166123778502,6.0
Built-up  Area,Kanakpura Road,950.0,2.0,1.0,57.0,2.0,6000.0,4.0
Super built-up  Area,Devanahalli,1360.0,2.0,1.0,65.0,2.0,4779.411764705882,4.0
Super built-up  Area,8th Phase JP Nagar,1073.5,2.0,0.0,54.005,2.0,5030.740568234746,4.0
Super built-up  Area,Bommasandra Industrial Area,1280.0,3.0,1.0,50.4,3.0,3937.5,6.0
Super built-up  Area,Other,1260.0,2.0,2.0,85.05,3.0,6750.0,5.0
Built-up  Area,Hennur Road,5000.0,8.0,2.0,250.0,8.0,5000.0,16.0
Super built-up  Area,Yelahanka,3050.0,5.0,1.0,213.0,5.0,6983.606557377049,10.0
Super built-up  Area,Kasavanhalli,1563.05,3.0,1.0,105.0,3.0,6717.635392341896,6.0
Super built-up  Area,ISRO Layout,1000.0,2.0,1.0,60.0,2.0,6000.0,4.0
Super built-up  Area,Anandapura,1167.0,2.0,1.0,43.76,2.0,3749.7857754927163,4.0
Super built-up  Area,Vishveshwarya Layout,4000.0,7.0,2.0,225.0,7.0,5625.0,14.0
Super built-up  Area,Kothanur,1828.0,3.0,2.0,110.0,3.0,6017.505470459519,6.0
Super built-up  Area,Kengeri Satellite Town,890.0,2.0,1.0,35.0,2.0,3932.5842696629215,4.0
Super built-up  Area,Other,1612.0,3.0,3.0,46.74,3.0,2899.5037220843674,6.0
Super built-up  Area,Mysore Road,1710.0,4.0,2.0,91.31,3.0,5339.766081871345,7.0
Super built-up  Area,Kannamangala,957.0,2.0,1.0,58.0,2.0,6060.606060606061,4.0
Super built-up  Area,Devarachikkanahalli,1250.0,2.0,3.0,44.0,3.0,3520.0,5.0
Super built-up  Area,Other,2795.0,4.0,2.0,235.0,3.0,8407.871198568873,7.0
Super built-up  Area,Hulimavu,1125.0,2.0,2.0,50.0,2.0,4444.444444444444,4.0
Super built-up  Area,Electronic City Phase II,1020.0,2.0,1.0,30.6,2.0,3000.0,4.0
Super built-up  Area,Kalena Agrahara,1200.0,2.0,2.0,50.0,2.0,4166.666666666667,4.0
Super built-up  Area,Thanisandra,1735.0,3.0,3.0,135.0,3.0,7780.979827089337,6.0
Super built-up  Area,Thanisandra,2050.0,3.0,1.0,145.0,3.0,7073.170731707317,6.0
Plot  Area,Mahalakshmi Layout,3750.0,4.0,0.0,760.0,4.0,20266.666666666668,8.0
Built-up  Area,Other,1350.0,2.0,3.0,48.0,3.0,3555.5555555555557,5.0
Super built-up  Area,Hosa Road,1063.0,2.0,1.0,32.0,2.0,3010.348071495767,4.0
Super built-up  Area,Other,1904.0,3.0,1.0,150.0,3.0,7878.151260504202,6.0
Built-up  Area,Whitefield,4200.0,4.0,2.0,420.0,4.0,10000.0,8.0
Super built-up  Area,Other,2000.0,3.0,1.0,175.0,3.0,8750.0,6.0
Super built-up  Area,Sarjapur,1242.5,2.0,0.0,43.49,2.0,3500.201207243461,4.0
Super built-up  Area,Other,1425.0,2.0,2.0,75.0,3.0,5263.1578947368425,5.0
Super built-up  Area,Electronic City,1500.0,2.0,1.0,64.5,3.0,4300.0,5.0
Built-up  Area,Electronic City,1060.0,2.0,1.0,60.0,2.0,5660.377358490566,4.0
Built-up  Area,Other,1470.0,2.0,2.0,70.0,3.0,4761.9047619047615,5.0
Super built-up  Area,Attibele,450.0,1.0,1.0,11.0,1.0,2444.4444444444443,2.0
Super built-up  Area,Electronic City,1152.0,2.0,1.0,64.5,2.0,5598.958333333333,4.0
Super built-up  Area,Electronic City,1350.0,2.0,1.0,56.0,3.0,4148.148148148148,5.0
Super built-up  Area,CV Raman Nagar,1550.0,3.0,3.0,65.0,3.0,4193.548387096775,6.0
Plot  Area,Other,1500.0,3.0,2.0,100.0,3.0,6666.666666666667,6.0
Plot  Area,Nagavara,400.0,1.0,0.0,14.0,1.0,3500.0,2.0
Super built-up  Area,Malleshwaram,705.0,1.0,2.0,67.0,1.0,9503.54609929078,2.0
Built-up  Area,Electronic City,770.0,1.0,1.0,36.0,2.0,4675.324675324675,3.0
Super built-up  Area,Hulimavu,1242.0,2.0,3.0,51.0,2.0,4106.280193236715,4.0
Super built-up  Area,Hebbal Kempapura,1700.0,3.0,2.0,155.0,3.0,9117.64705882353,6.0
Super built-up  Area,Thanisandra,2144.0,3.0,2.0,145.0,3.0,6763.059701492537,6.0
Super built-up  Area,Vijayanagar,1704.0,3.0,2.0,110.0,3.0,6455.399061032864,6.0
Super built-up  Area,Electronic City,1070.0,2.0,1.0,52.0,2.0,4859.813084112149,4.0
Plot  Area,Other,1846.0,3.0,2.0,300.0,3.0,16251.354279523293,6.0
Super built-up  Area,Other,1340.0,2.0,2.0,55.7,2.0,4156.7164179104475,4.0
Built-up  Area,Electronic City,1025.0,2.0,1.0,46.0,2.0,4487.804878048781,4.0
Super built-up  Area,KR Puram,1277.5,2.0,0.0,56.8,2.0,4446.183953033268,4.0
Super built-up  Area,Marathahalli,1200.0,2.0,2.0,52.0,2.0,4333.333333333333,4.0
Built-up  Area,Kanakpura Road,2250.0,4.0,1.0,110.0,4.0,4888.888888888889,8.0
Super built-up  Area,Other,1550.0,2.0,3.0,80.0,3.0,5161.290322580645,5.0
Plot  Area,Bellandur,1200.0,5.0,2.0,325.0,4.0,27083.333333333332,9.0
Super built-up  Area,Marathahalli,1200.0,2.0,2.0,60.0,2.0,5000.0,4.0
Super built-up  Area,Yelahanka,1327.0,2.0,2.0,98.0,2.0,7385.079125847777,4.0
Super built-up  Area,Kothanur,1186.0,2.0,2.0,58.0,2.0,4890.387858347386,4.0
Built-up  Area,Other,1783.0,3.0,1.0,115.0,3.0,6449.8037016264725,6.0
Super built-up  Area,HSR Layout,1400.0,3.0,2.0,56.0,3.0,4000.0,6.0
Super built-up  Area,Nagasandra,980.0,2.0,1.0,48.0,2.0,4897.959183673469,4.0
Super built-up  Area,EPIP Zone,1285.0,2.0,2.0,82.0,2.0,6381.322957198444,4.0
Super built-up  Area,Other,912.0,2.0,1.0,70.0,3.0,7675.438596491228,5.0
Built-up  Area,Whitefield,1225.0,2.0,2.0,47.6,2.0,3885.714285714286,4.0
Super built-up  Area,Whitefield,1075.0,2.0,1.0,53.0,2.0,4930.232558139535,4.0
Built-up  Area,Kadugodi,1260.0,2.0,2.0,54.0,3.0,4285.714285714285,5.0
Super built-up  Area,Yelahanka,1282.0,2.0,2.0,48.7,3.0,3798.751950078003,5.0
Super built-up  Area,Kogilu,1909.0,3.0,2.0,88.0,3.0,4609.743321110529,6.0
Super built-up  Area,Panathur,1359.0,2.0,1.0,87.0,2.0,6401.766004415011,4.0
Built-up  Area,Other,1207.0,2.0,2.0,43.5,2.0,3603.976801988401,4.0
Plot  Area,Padmanabhanagar,1736.0,6.0,0.0,190.0,4.0,10944.700460829494,10.0
Super built-up  Area,1st Block Jayanagar,2850.0,4.0,1.0,428.0,4.0,15017.543859649122,8.0
Super built-up  Area,Kammasandra,1595.0,3.0,2.0,65.0,3.0,4075.2351097178685,6.0
Built-up  Area,Other,1798.0,3.0,2.0,89.0,3.0,4949.944382647386,6.0
Super built-up  Area,Electronics City Phase 1,1475.0,3.0,2.0,78.29,3.0,5307.796610169492,6.0
Super built-up  Area,Other,1580.0,3.0,3.0,100.0,3.0,6329.113924050633,6.0
Super built-up  Area,Dasarahalli,1295.0,2.0,1.0,65.0,2.0,5019.305019305019,4.0
Built-up  Area,Magadi Road,3600.0,6.0,0.0,141.0,6.0,3916.6666666666665,12.0
Super built-up  Area,Electronic City,589.0,1.0,1.0,27.0,1.0,4584.040747028863,2.0
Super built-up  Area,Other,1415.0,3.0,3.0,78.0,3.0,5512.367491166077,6.0
Super built-up  Area,Sarjapur  Road,1787.0,3.0,2.0,98.29,3.0,5500.279798545048,6.0
Super built-up  Area,Sarjapur  Road,1787.0,3.0,2.0,125.0,3.0,6994.963626189144,6.0
Super built-up  Area,Koramangala,1475.0,2.0,3.0,90.0,3.0,6101.6949152542375,5.0
Built-up  Area,Other,2000.0,4.0,1.0,75.5,4.0,3775.0,8.0
Super built-up  Area,Sarjapur  Road,984.0,2.0,1.0,44.28,2.0,4500.0,4.0
Super built-up  Area,Other,2405.0,4.0,2.0,260.0,3.0,10810.81081081081,7.0
Built-up  Area,7th Phase JP Nagar,1080.0,2.0,2.0,72.0,2.0,6666.666666666667,4.0
Plot  Area,Other,1500.0,2.0,1.0,115.0,2.0,7666.666666666667,4.0
Super built-up  Area,Hebbal,1900.0,3.0,2.0,119.0,3.0,6263.1578947368425,6.0
Super built-up  Area,Dommasandra,805.0,2.0,1.0,22.14,2.0,2750.3105590062114,4.0
Super built-up  Area,Budigere,1153.0,2.0,2.0,56.4,2.0,4891.587163920208,4.0
Super built-up  Area,Other,1148.0,2.0,2.0,60.0,2.0,5226.480836236934,4.0
Super built-up  Area,Other,1110.0,2.0,2.0,55.0,2.0,4954.954954954955,4.0
Built-up  Area,Electronic City,1100.0,2.0,2.0,42.0,2.0,3818.181818181818,4.0
Super built-up  Area,Kalyan nagar,1290.0,2.0,2.0,110.0,2.0,8527.131782945737,4.0
Super built-up  Area,Other,1500.0,2.0,1.0,65.0,3.0,4333.333333333333,5.0
Super built-up  Area,Other,1080.0,2.0,2.0,39.0,2.0,3611.1111111111113,4.0
Super built-up  Area,Vijayanagar,1933.0,3.0,1.0,129.0,3.0,6673.564407656492,6.0
Built-up  Area,Ramamurthy Nagar,3500.0,5.0,2.0,150.0,5.0,4285.714285714285,10.0
Built-up  Area,Other,1060.0,2.0,2.0,60.0,2.0,5660.377358490566,4.0
Super built-up  Area,Chandapura,645.0,1.0,1.0,16.45,1.0,2550.3875968992247,2.0
Plot  Area,Other,2600.0,8.0,2.0,180.0,8.0,6923.076923076923,16.0
Super built-up  Area,Chandapura,645.0,1.0,1.0,16.45,1.0,2550.3875968992247,2.0
Super built-up  Area,Other,1644.0,3.0,3.0,84.0,3.0,5109.489051094891,6.0
Super built-up  Area,Other,1285.0,2.0,3.0,72.5,2.0,5642.023346303502,4.0
Plot  Area,Electronic City,1200.0,3.0,1.0,90.0,3.0,7500.0,6.0
Super built-up  Area,Electronic City,910.0,2.0,1.0,40.0,2.0,4395.604395604396,4.0
Super built-up  Area,Kothanur,1577.0,3.0,1.0,70.0,3.0,4438.807863031072,6.0
Plot  Area,Other,4050.0,3.0,2.0,280.0,3.0,6913.580246913581,6.0
Super built-up  Area,OMBR Layout,2420.0,3.0,2.0,185.0,3.0,7644.628099173554,6.0
Super built-up  Area,Chandapura,800.0,1.0,1.0,20.0,2.0,2500.0,3.0
Built-up  Area,Other,1060.0,2.0,2.0,55.0,2.0,5188.679245283019,4.0
Super built-up  Area,7th Phase JP Nagar,1270.0,2.0,2.0,93.0,2.0,7322.834645669292,4.0
Super built-up  Area,Other,900.0,2.0,2.0,22.5,2.0,2500.0,4.0
Built-up  Area,Other,1280.0,2.0,1.0,69.0,2.0,5390.625,4.0
Plot  Area,Horamavu Agara,1200.0,2.0,0.0,95.0,4.0,7916.666666666667,6.0
Built-up  Area,Sarjapur  Road,1025.0,2.0,2.0,36.0,2.0,3512.1951219512193,4.0
Super built-up  Area,Electronic City,1108.0,2.0,1.0,63.0,2.0,5685.9205776173285,4.0
Super built-up  Area,Other,3045.0,3.0,2.0,170.0,3.0,5582.922824302134,6.0
Plot  Area,Ambedkar Nagar,2900.0,3.0,2.0,300.0,4.0,10344.827586206897,7.0
Super built-up  Area,Vijayanagar,1500.0,3.0,2.0,75.5,3.0,5033.333333333333,6.0
Super built-up  Area,Raja Rajeshwari Nagar,1295.0,2.0,2.0,43.9,2.0,3389.96138996139,4.0
Super built-up  Area,Budigere,1162.0,2.0,1.0,59.9,2.0,5154.9053356282275,4.0
Super built-up  Area,Sarjapur  Road,1035.0,2.0,2.0,49.2,2.0,4753.623188405797,4.0
Built-up  Area,Attibele,1600.0,4.0,0.0,52.8,4.0,3300.0,8.0
Super built-up  Area,Other,1464.0,3.0,2.0,46.0,3.0,3142.0765027322404,6.0
Super built-up  Area,Hennur Road,1866.0,2.0,2.0,61.58,3.0,3300.10718113612,5.0
Super built-up  Area,Other,700.0,1.0,1.0,26.0,2.0,3714.285714285714,3.0
Super built-up  Area,Kalena Agrahara,1804.0,3.0,2.0,120.0,3.0,6651.884700665189,6.0
Super built-up  Area,Sarjapur,913.0,2.0,1.0,32.0,2.0,3504.9288061336256,4.0
Super built-up  Area,Talaghattapura,1868.0,3.0,2.0,131.0,3.0,7012.847965738758,6.0
Built-up  Area,Kengeri Satellite Town,883.0,2.0,1.0,45.0,2.0,5096.262740656852,4.0
Plot  Area,Other,900.0,2.0,1.0,110.0,2.0,12222.222222222223,4.0
Super built-up  Area,Kogilu,1664.0,2.0,3.0,73.95,3.0,4444.110576923077,5.0
Super built-up  Area,Hegde Nagar,2026.0,3.0,2.0,132.0,3.0,6515.301085883514,6.0
Super built-up  Area,Balagere,1210.0,2.0,1.0,80.9,2.0,6685.950413223141,4.0
Plot  Area,Other,4111.0,4.0,2.0,250.0,4.0,6081.24543906592,8.0
Super built-up  Area,Kadugodi,1762.0,3.0,3.0,91.45,3.0,5190.124858115778,6.0
Super built-up  Area,Jigani,1252.0,3.0,3.0,55.0,3.0,4392.97124600639,6.0
Built-up  Area,Gollarapalya Hosahalli,861.0,2.0,1.0,34.5,2.0,4006.968641114983,4.0
Built-up  Area,7th Phase JP Nagar,1420.0,2.0,1.0,100.0,3.0,7042.2535211267605,5.0
Built-up  Area,Electronics City Phase 1,1490.0,3.0,1.0,78.8,3.0,5288.5906040268455,6.0
Super built-up  Area,Bisuvanahalli,1075.0,2.0,1.0,46.0,3.0,4279.069767441861,5.0
Super built-up  Area,Old Madras Road,1425.0,2.0,2.0,94.0,3.0,6596.491228070176,5.0
Built-up  Area,Kalena Agrahara,1200.0,2.0,1.0,40.0,2.0,3333.3333333333335,4.0
Super built-up  Area,Kaggadasapura,1280.0,2.0,2.0,56.0,3.0,4375.0,5.0
Super built-up  Area,Other,1084.0,2.0,2.0,50.0,2.0,4612.546125461255,4.0
Super built-up  Area,Chandapura,1015.0,2.0,2.0,25.88,2.0,2549.753694581281,4.0
Super built-up  Area,Kanakpura Road,1017.0,2.0,1.0,51.25,2.0,5039.331366764995,4.0
Super built-up  Area,Haralur Road,1027.0,2.0,2.0,44.0,2.0,4284.323271665044,4.0
Super built-up  Area,Electronic City Phase II,1069.0,2.0,2.0,45.0,2.0,4209.541627689429,4.0
Super built-up  Area,Hebbal,1349.0,2.0,1.0,98.2,2.0,7279.466271312083,4.0
Super built-up  Area,9th Phase JP Nagar,1005.0,2.0,1.0,50.0,2.0,4975.124378109453,4.0
Super built-up  Area,Jakkur,1417.0,2.0,3.0,75.0,2.0,5292.87226534933,4.0
Plot  Area,TC Palaya,1475.0,3.0,1.0,98.0,3.0,6644.067796610169,6.0
Carpet  Area,Other,950.0,2.0,2.0,47.0,2.0,4947.368421052632,4.0
Super built-up  Area,Other,2000.0,4.0,0.0,120.0,4.0,6000.0,8.0
Super built-up  Area,Sarjapur  Road,1863.0,3.0,2.0,104.0,4.0,5582.393988191089,7.0
Super built-up  Area,Singasandra,1010.0,2.0,1.0,29.5,2.0,2920.792079207921,4.0
Super built-up  Area,Kalena Agrahara,1425.0,2.0,1.0,70.0,3.0,4912.2807017543855,5.0
Super built-up  Area,Vijayanagar,1450.0,3.0,0.0,100.0,3.0,6896.551724137931,6.0
Super built-up  Area,Kothanur,1847.0,3.0,2.0,105.0,3.0,5684.89442338928,6.0
Super built-up  Area,AECS Layout,1100.0,2.0,3.0,45.0,2.0,4090.909090909091,4.0
Super built-up  Area,Kanakpura Road,525.0,1.0,1.0,26.0,1.0,4952.380952380952,2.0
Super built-up  Area,Mallasandra,1665.0,3.0,2.0,95.0,3.0,5705.705705705705,6.0
Super built-up  Area,Begur,1664.0,4.0,3.0,65.0,4.0,3906.25,8.0
Super built-up  Area,JP Nagar,1850.0,3.0,3.0,150.0,3.0,8108.108108108108,6.0
Super built-up  Area,Panathur,1438.0,2.0,3.0,100.0,2.0,6954.102920723227,4.0
Super built-up  Area,Other,1560.0,3.0,3.0,115.0,3.0,7371.794871794872,6.0
Super built-up  Area,Yelahanka,1350.0,2.0,1.0,55.55,2.0,4114.814814814815,4.0
Super built-up  Area,Kanakpura Road,1550.0,3.0,3.0,67.0,3.0,4322.580645161291,6.0
Super built-up  Area,Malleshpalya,1140.0,2.0,2.0,46.5,2.0,4078.9473684210525,4.0
Super built-up  Area,Other,850.0,2.0,2.0,27.0,2.0,3176.470588235294,4.0
Super built-up  Area,Whitefield,1280.0,2.0,2.0,75.0,2.0,5859.375,4.0
Built-up  Area,Munnekollal,1170.0,2.0,2.0,52.0,2.0,4444.444444444444,4.0
Super built-up  Area,Other,1113.0,2.0,1.0,51.0,2.0,4582.210242587601,4.0
Super built-up  Area,Hennur Road,1385.0,2.0,1.0,83.09,2.0,5999.27797833935,4.0
Super built-up  Area,Electronic City,1128.0,2.0,1.0,65.0,2.0,5762.41134751773,4.0
Plot  Area,Marathahalli,1200.0,2.0,2.0,128.0,2.0,10666.666666666666,4.0
Plot  Area,Other,1200.0,4.0,3.0,165.0,4.0,13750.0,8.0
Super built-up  Area,Rajaji Nagar,2390.0,3.0,2.0,415.0,3.0,17364.016736401674,6.0
Plot  Area,Giri Nagar,2400.0,4.0,1.0,400.0,4.0,16666.666666666668,8.0
Super built-up  Area,Haralur Road,1464.0,3.0,2.0,56.0,3.0,3825.136612021858,6.0
Super built-up  Area,Other,1200.0,2.0,2.0,55.0,2.0,4583.333333333333,4.0
Super built-up  Area,Kaval Byrasandra,1200.0,2.0,2.0,52.0,2.0,4333.333333333333,4.0
Super built-up  Area,Kaggalipura,1150.0,2.0,1.0,55.0,3.0,4782.608695652174,5.0
Built-up  Area,Other,1645.0,3.0,2.0,95.0,3.0,5775.075987841945,6.0
Super built-up  Area,Sarjapur  Road,1000.0,2.0,1.0,67.0,2.0,6700.0,4.0
Plot  Area,Haralur Road,2650.0,4.0,2.0,198.0,4.0,7471.698113207547,8.0
Super built-up  Area,6th Phase JP Nagar,1192.0,2.0,2.0,74.0,2.0,6208.053691275168,4.0
Super built-up  Area,Ulsoor,2135.0,3.0,2.0,215.0,3.0,10070.257611241217,6.0
Super built-up  Area,Whitefield,1173.0,2.0,1.0,58.0,2.0,4944.58653026428,4.0
Built-up  Area,Uttarahalli,1020.0,2.0,2.0,45.0,2.0,4411.764705882353,4.0
Super built-up  Area,Thigalarapalya,3122.0,6.0,2.0,230.0,4.0,7367.072389493914,10.0
Super built-up  Area,Somasundara Palya,1600.0,3.0,3.0,64.0,3.0,4000.0,6.0
Plot  Area,Other,1200.0,2.0,0.0,79.0,2.0,6583.333333333333,4.0
Carpet  Area,Other,1230.0,2.0,3.0,48.0,2.0,3902.439024390244,4.0
Super built-up  Area,Devarachikkanahalli,1250.0,2.0,2.0,40.0,2.0,3200.0,4.0
Super built-up  Area,Kalena Agrahara,1325.0,2.0,2.0,76.0,2.0,5735.8490566037735,4.0
Built-up  Area,7th Phase JP Nagar,1850.0,3.0,1.0,150.0,3.0,8108.108108108108,6.0
Super built-up  Area,Basaveshwara Nagar,1200.0,2.0,2.0,65.0,2.0,5416.666666666667,4.0
Plot  Area,Other,1350.0,2.0,0.0,140.0,3.0,10370.37037037037,5.0
Super built-up  Area,Bommasandra,1260.0,3.0,1.0,49.36,3.0,3917.4603174603176,6.0
Super built-up  Area,Other,1800.0,3.0,0.0,150.0,3.0,8333.333333333334,6.0
Built-up  Area,Ardendale,1100.0,2.0,1.0,43.25,2.0,3931.818181818182,4.0
Super built-up  Area,Harlur,1508.0,2.0,1.0,77.0,2.0,5106.100795755968,4.0
Carpet  Area,Other,1592.0,3.0,2.0,75.0,3.0,4711.05527638191,6.0
Super built-up  Area,Akshaya Nagar,1388.0,2.0,3.0,57.0,2.0,4106.628242074928,4.0
Super built-up  Area,Electronic City Phase II,630.0,1.0,1.0,28.35,1.0,4500.0,2.0
Plot  Area,Other,2000.0,3.0,2.0,365.0,3.0,18250.0,6.0
Super built-up  Area,Other,1762.0,3.0,1.0,125.0,3.0,7094.211123723042,6.0
Super built-up  Area,Other,950.0,2.0,2.0,50.0,2.0,5263.1578947368425,4.0
Super built-up  Area,Kodihalli,3252.0,5.0,3.0,335.0,4.0,10301.353013530135,9.0
Super built-up  Area,Magadi Road,1116.0,2.0,1.0,50.0,2.0,4480.286738351255,4.0
Super built-up  Area,Other,1308.0,2.0,2.0,89.04,2.0,6807.339449541284,4.0
Super built-up  Area,Other,1200.0,3.0,0.0,90.0,3.0,7500.0,6.0
Plot  Area,Other,1500.0,4.0,2.0,230.0,4.0,15333.333333333334,8.0
Built-up  Area,Bannerghatta Road,500.0,1.0,1.0,18.5,1.0,3700.0,2.0
Super built-up  Area,Hennur,1075.0,2.0,1.0,52.0,2.0,4837.209302325581,4.0
Super built-up  Area,Chandapura,530.0,1.0,0.0,11.66,1.0,2200.0,2.0
Built-up  Area,Bellandur,1205.0,2.0,3.0,66.0,2.0,5477.178423236514,4.0
Super built-up  Area,5th Phase JP Nagar,1075.0,2.0,2.0,60.0,2.0,5581.395348837209,4.0
Built-up  Area,KR Puram,930.0,2.0,2.0,39.0,2.0,4193.548387096775,4.0
Super built-up  Area,Balagere,1380.0,2.0,1.0,60.0,2.0,4347.826086956522,4.0
Super built-up  Area,Hebbal,2483.0,5.0,2.0,212.0,4.0,8538.058799838904,9.0
Built-up  Area,Kodigehaali,1166.0,2.0,2.0,55.0,2.0,4716.981132075472,4.0
Super built-up  Area,Bannerghatta Road,1050.0,2.0,1.0,65.0,2.0,6190.476190476191,4.0
Super built-up  Area,Other,2023.71,3.0,2.0,275.0,3.0,13588.903548433324,6.0
Super built-up  Area,Begur Road,1200.0,2.0,2.0,46.8,2.0,3900.0,4.0
Super built-up  Area,Lakshminarayana Pura,1600.0,2.0,1.0,108.0,3.0,6750.0,5.0
Super built-up  Area,Billekahalli,1935.0,3.0,2.0,110.0,3.0,5684.754521963824,6.0
Super built-up  Area,8th Phase JP Nagar,451.0,1.0,0.0,29.9,1.0,6629.711751662971,2.0
Super built-up  Area,Electronic City,1800.0,3.0,2.0,95.0,3.0,5277.777777777777,6.0
Super built-up  Area,Jalahalli,1400.0,3.0,0.0,77.0,3.0,5500.0,6.0
Super built-up  Area,Hegde Nagar,1801.0,3.0,2.0,115.0,3.0,6385.341476957246,6.0
Built-up  Area,Mahadevpura,1451.0,2.0,2.0,90.0,2.0,6202.618883528601,4.0
Plot  Area,Anekal,1200.0,1.0,1.0,36.0,2.0,3000.0,3.0
Super built-up  Area,Begur Road,1160.0,2.0,2.0,44.0,2.0,3793.103448275862,4.0
Built-up  Area,Kengeri,1000.0,2.0,1.0,25.0,2.0,2500.0,4.0
Super built-up  Area,Kanakpura Road,950.0,2.0,1.0,40.0,2.0,4210.526315789473,4.0
Built-up  Area,Other,1629.0,3.0,2.0,79.0,3.0,4849.600982197668,6.0
Built-up  Area,Vijayanagar,1580.0,2.0,0.0,134.0,3.0,8481.012658227848,5.0
Super built-up  Area,Vijayanagar,1826.0,3.0,2.0,121.0,3.0,6626.506024096386,6.0
Built-up  Area,7th Phase JP Nagar,1245.0,2.0,1.0,94.0,2.0,7550.2008032128515,4.0
Super built-up  Area,Raja Rajeshwari Nagar,1145.0,2.0,2.0,45.79,2.0,3999.126637554585,4.0
Super built-up  Area,Sompura,825.0,2.0,1.0,33.0,2.0,4000.0,4.0
Super built-up  Area,Yeshwanthpur,1693.0,3.0,3.0,108.0,3.0,6379.208505611341,6.0
Super built-up  Area,Electronics City Phase 1,1113.27,2.0,2.0,53.0,2.0,4760.74986301616,4.0
Built-up  Area,Other,1460.0,2.0,1.0,58.0,2.0,3972.6027397260273,4.0
Built-up  Area,Doddathoguru,1050.0,2.0,1.0,32.0,2.0,3047.6190476190477,4.0
Built-up  Area,Dodda Nekkundi,1260.0,2.0,2.0,55.0,2.0,4365.079365079365,4.0
Built-up  Area,Hosur Road,1656.0,2.0,1.0,120.0,2.0,7246.376811594203,4.0
Super built-up  Area,Chandapura,1208.0,3.0,1.0,45.0,3.0,3725.1655629139073,6.0
Super built-up  Area,Whitefield,1910.0,3.0,2.0,161.0,3.0,8429.319371727748,6.0
Super built-up  Area,Whitefield,3252.0,4.0,1.0,230.0,4.0,7072.570725707257,8.0
Plot  Area,Battarahalli,1200.0,2.0,1.0,65.0,2.0,5416.666666666667,4.0
Super built-up  Area,Other,1200.0,4.0,1.0,175.0,4.0,14583.333333333334,8.0
Super built-up  Area,7th Phase JP Nagar,1175.0,2.0,1.0,82.0,2.0,6978.723404255319,4.0
Plot  Area,Other,1000.0,2.0,0.0,165.0,2.0,16500.0,4.0
Plot  Area,Bannerghatta Road,1200.0,2.0,0.0,125.0,4.0,10416.666666666666,6.0
Super built-up  Area,Rajaji Nagar,2390.0,3.0,2.0,410.0,3.0,17154.81171548117,6.0
Super built-up  Area,Rajaji Nagar,12000.0,6.0,3.0,2200.0,7.0,18333.333333333332,13.0
Super built-up  Area,Other,1185.0,2.0,2.0,38.0,2.0,3206.7510548523205,4.0
Super built-up  Area,Kengeri,750.0,2.0,1.0,38.0,2.0,5066.666666666667,4.0
Super built-up  Area,Kanakpura Road,1550.0,3.0,3.0,64.5,3.0,4161.290322580645,6.0
Built-up  Area,Other,1760.0,3.0,2.0,88.0,3.0,5000.0,6.0
Super built-up  Area,Billekahalli,1125.0,2.0,2.0,62.0,2.0,5511.111111111111,4.0
Plot  Area,Nagarbhavi,1350.0,3.0,2.0,150.0,3.0,11111.111111111111,6.0
Plot  Area,Anandapura,1000.0,2.0,1.0,55.0,2.0,5500.0,4.0
Built-up  Area,Bommasandra Industrial Area,1090.0,2.0,2.0,31.48,2.0,2888.0733944954127,4.0
Plot  Area,TC Palaya,1200.0,2.0,0.0,60.0,2.0,5000.0,4.0
Super built-up  Area,Budigere,1991.0,4.0,2.0,103.0,3.0,5173.279758915118,7.0
Super built-up  Area,Bommasandra,1060.0,2.0,1.0,26.5,2.0,2500.0,4.0
Super built-up  Area,Ambalipura,1105.0,2.0,1.0,75.0,2.0,6787.330316742082,4.0
Built-up  Area,Hoodi,985.0,2.0,2.0,67.0,2.0,6802.030456852792,4.0
Super built-up  Area,Balagere,1590.0,3.0,2.0,79.0,3.0,4968.553459119496,6.0
Super built-up  Area,CV Raman Nagar,1120.0,2.0,2.0,55.0,2.0,4910.714285714285,4.0
Super built-up  Area,Other,1069.0,2.0,1.0,55.0,2.0,5144.9953227315245,4.0
Super built-up  Area,Marathahalli,1933.0,3.0,2.0,140.0,3.0,7242.628039317124,6.0
Built-up  Area,Hosur Road,1194.0,2.0,0.0,69.0,2.0,5778.894472361809,4.0
Super built-up  Area,Brookefield,1150.0,2.0,3.0,69.0,2.0,6000.0,4.0
Super built-up  Area,Yelenahalli,1240.0,2.0,2.0,47.12,2.0,3800.0,4.0
Super built-up  Area,Raja Rajeshwari Nagar,1419.0,2.0,2.0,48.1,2.0,3389.7110641296686,4.0
Super built-up  Area,Other,2150.0,4.0,2.0,240.0,3.0,11162.790697674418,7.0
Super built-up  Area,Other,1450.0,3.0,2.0,55.0,3.0,3793.103448275862,6.0
Super built-up  Area,Other,1630.0,3.0,2.0,68.29,3.0,4189.57055214724,6.0
Super built-up  Area,Dasanapura,708.0,1.0,1.0,40.0,2.0,5649.717514124294,3.0
Plot  Area,Kasavanhalli,1000.0,4.0,3.0,110.0,3.0,11000.0,7.0
Plot  Area,Whitefield,11890.0,4.0,3.0,700.0,4.0,5887.300252312868,8.0
Super built-up  Area,Bellandur,1250.0,2.0,1.0,76.0,2.0,6080.0,4.0
Super built-up  Area,7th Phase JP Nagar,1400.0,2.0,1.0,95.0,3.0,6785.714285714285,5.0
Super built-up  Area,Sarjapur  Road,1670.0,2.0,3.0,57.0,3.0,3413.1736526946106,5.0
Super built-up  Area,Ardendale,1750.0,3.0,2.0,100.0,3.0,5714.285714285715,6.0
Super built-up  Area,Vittasandra,1404.0,2.0,1.0,71.0,2.0,5056.980056980057,4.0
Super built-up  Area,Hoodi,1715.0,2.0,2.0,95.0,3.0,5539.35860058309,5.0
Built-up  Area,Electronic City,630.0,1.0,1.0,34.65,1.0,5500.0,2.0
Super built-up  Area,Harlur,1752.12,3.0,2.0,135.0,3.0,7704.951715635916,6.0
Super built-up  Area,Hulimavu,1650.0,3.0,2.0,78.0,3.0,4727.272727272727,6.0
Super built-up  Area,Raja Rajeshwari Nagar,1295.0,2.0,1.0,55.47,2.0,4283.397683397683,4.0
Plot  Area,Giri Nagar,1800.0,3.0,2.0,252.0,3.0,14000.0,6.0
Super built-up  Area,Sarjapur  Road,1346.0,2.0,1.0,74.03,2.0,5500.0,4.0
Plot  Area,Other,1200.0,4.0,2.0,200.0,4.0,16666.666666666668,8.0
Super built-up  Area,Hormavu,1150.0,2.0,2.0,55.0,2.0,4782.608695652174,4.0
Built-up  Area,Other,3309.0,4.0,3.0,325.0,4.0,9821.698398307646,8.0
Super built-up  Area,Chandapura,1190.0,2.0,2.0,30.35,3.0,2550.4201680672268,5.0
Super built-up  Area,AECS Layout,1620.0,3.0,2.0,98.0,3.0,6049.382716049383,6.0
Super built-up  Area,Marathahalli,950.0,2.0,1.0,46.96,2.0,4943.1578947368425,4.0
Super built-up  Area,Other,5000.0,9.0,3.0,360.0,11.0,7200.0,20.0
Super built-up  Area,Harlur,2450.0,3.0,0.0,120.0,3.0,4897.959183673469,6.0
Super built-up  Area,Electronic City Phase II,1220.0,2.0,1.0,35.23,3.0,2887.7049180327863,5.0
Super built-up  Area,Other,850.0,2.0,1.0,30.0,2.0,3529.4117647058824,4.0
Built-up  Area,Padmanabhanagar,1020.0,2.0,2.0,63.0,2.0,6176.470588235294,4.0
Built-up  Area,Chikkalasandra,1100.0,2.0,2.0,50.0,2.0,4545.454545454545,4.0
Super built-up  Area,Other,1150.0,2.0,2.0,126.0,2.0,10956.521739130434,4.0
Super built-up  Area,Hebbal,1760.0,2.0,2.0,130.0,3.0,7386.363636363636,5.0
Super built-up  Area,Ambalipura,1800.0,3.0,3.0,110.0,3.0,6111.111111111111,6.0
Super built-up  Area,Akshaya Nagar,1070.0,2.0,1.0,54.0,2.0,5046.728971962617,4.0
Plot  Area,2nd Stage Nagarbhavi,1500.0,4.0,2.0,220.0,4.0,14666.666666666666,8.0
Plot  Area,Vidyaranyapura,1440.0,2.0,0.0,95.0,2.0,6597.222222222223,4.0
Super built-up  Area,Amruthahalli,900.0,2.0,1.0,40.0,2.0,4444.444444444444,4.0
Built-up  Area,Other,1200.0,4.0,1.0,230.0,4.0,19166.666666666668,8.0
Super built-up  Area,Whitefield,1130.0,2.0,1.0,42.16,2.0,3730.973451327434,4.0
Super built-up  Area,Koramangala,1320.0,2.0,1.0,165.0,2.0,12500.0,4.0
Super built-up  Area,Kodigehalli,1270.0,2.0,1.0,98.0,2.0,7716.535433070866,4.0
Built-up  Area,Other,1200.0,2.0,1.0,62.0,2.0,5166.666666666667,4.0
Super built-up  Area,Other,4800.0,4.0,2.0,235.0,4.0,4895.833333333333,8.0
Super built-up  Area,Other,1200.0,2.0,1.0,74.0,2.0,6166.666666666667,4.0
Super built-up  Area,Subramanyapura,929.0,2.0,0.0,50.17,2.0,5400.4305705059205,4.0
Super built-up  Area,Other,1464.0,3.0,2.0,56.0,3.0,3825.136612021858,6.0
Super built-up  Area,7th Phase JP Nagar,3600.0,4.0,3.0,400.0,4.0,11111.111111111111,8.0
Plot  Area,Other,2000.0,4.0,2.0,99.0,4.0,4950.0,8.0
Super built-up  Area,Chikkalasandra,1208.0,2.0,1.0,49.0,2.0,4056.291390728477,4.0
Super built-up  Area,Hebbal Kempapura,1130.0,2.0,2.0,60.0,2.0,5309.734513274337,4.0
Super built-up  Area,Other,1753.0,3.0,2.0,120.0,3.0,6845.407872219053,6.0
Super built-up  Area,Old Madras Road,4500.0,7.0,3.0,337.0,5.0,7488.888888888889,12.0
Super built-up  Area,Hoodi,1196.0,2.0,2.0,94.42,2.0,7894.648829431439,4.0
Built-up  Area,5th Phase JP Nagar,1150.0,3.0,3.0,52.5,2.0,4565.217391304348,5.0
Super built-up  Area,Electronic City,1128.0,2.0,1.0,63.0,2.0,5585.106382978724,4.0
Super built-up  Area,Other,1000.0,2.0,1.0,53.0,2.0,5300.0,4.0
Super built-up  Area,Yelahanka,1035.0,2.0,1.0,45.0,2.0,4347.826086956522,4.0
Built-up  Area,Kereguddadahalli,950.0,2.0,1.0,32.0,2.0,3368.4210526315787,4.0
Super built-up  Area,Bisuvanahalli,1075.0,2.0,1.0,36.0,3.0,3348.8372093023254,5.0
Super built-up  Area,Whitefield,1040.0,2.0,1.0,48.5,2.0,4663.461538461538,4.0
Plot  Area,Other,720.0,2.0,1.0,45.0,2.0,6250.0,4.0
Super built-up  Area,Lingadheeranahalli,1511.0,3.0,1.0,95.0,3.0,6287.22700198544,6.0
Built-up  Area,Other,1300.0,3.0,1.0,58.0,3.0,4461.538461538462,6.0
Super built-up  Area,Hoodi,1545.0,3.0,1.0,68.75,3.0,4449.838187702266,6.0
Built-up  Area,Shampura,375.0,2.0,0.0,26.0,1.0,6933.333333333333,3.0
Super built-up  Area,Vidyaranyapura,1062.0,2.0,3.0,38.0,2.0,3578.154425612053,4.0
Super built-up  Area,Other,1115.0,2.0,1.0,40.0,2.0,3587.4439461883408,4.0
Super built-up  Area,JP Nagar,1000.0,2.0,1.0,35.0,2.0,3500.0,4.0
Super built-up  Area,Kambipura,883.0,2.0,1.0,45.0,2.0,5096.262740656852,4.0
Super built-up  Area,Sarjapur  Road,1195.0,2.0,1.0,70.0,2.0,5857.740585774059,4.0
Plot  Area,Other,1200.0,3.0,1.0,165.0,4.0,13750.0,7.0
Built-up  Area,Other,700.0,1.0,0.0,41.0,1.0,5857.142857142857,2.0
Super built-up  Area,Vittasandra,1246.0,2.0,1.0,67.0,2.0,5377.2070626003215,4.0
Plot  Area,Banashankari Stage III,8500.0,4.0,2.0,145.0,4.0,1705.8823529411766,8.0
Super built-up  Area,Other,1600.0,4.0,1.0,80.0,4.0,5000.0,8.0
Super built-up  Area,Haralur Road,2805.0,5.0,3.0,154.0,4.0,5490.196078431372,9.0
Super built-up  Area,Begur Road,1584.0,3.0,2.0,65.0,3.0,4103.535353535353,6.0
Plot  Area,Sector 7 HSR Layout,3000.0,5.0,1.0,275.0,4.0,9166.666666666666,9.0
Built-up  Area,Hosur Road,1175.0,2.0,2.0,48.0,3.0,4085.1063829787236,5.0
Built-up  Area,Other,1595.0,3.0,2.0,115.0,3.0,7210.031347962383,6.0
Super built-up  Area,Other,1353.0,2.0,2.0,110.0,2.0,8130.081300813008,4.0
Super built-up  Area,Electronic City,1599.0,3.0,2.0,125.0,3.0,7817.385866166354,6.0
Super built-up  Area,Whitefield,1150.0,2.0,1.0,70.0,2.0,6086.95652173913,4.0
Super built-up  Area,Jakkur,5230.0,6.0,1.0,465.0,4.0,8891.013384321224,10.0
Super built-up  Area,KR Puram,1155.0,2.0,2.0,42.74,2.0,3700.4329004329006,4.0
Built-up  Area,Other,1200.0,2.0,0.0,85.0,1.0,7083.333333333333,3.0
Super built-up  Area,Electronic City Phase II,1000.0,2.0,1.0,25.0,2.0,2500.0,4.0
Super built-up  Area,Thanisandra,3000.0,4.0,2.0,120.0,4.0,4000.0,8.0
Built-up  Area,Rajiv Nagar,1867.0,3.0,1.0,160.0,3.0,8569.89823245849,6.0
Super built-up  Area,Ramagondanahalli,1251.0,2.0,1.0,47.0,2.0,3756.994404476419,4.0
Super built-up  Area,Other,1028.0,2.0,1.0,45.5,2.0,4426.070038910506,4.0
Super built-up  Area,Arekere,1222.0,2.0,2.0,45.0,2.0,3682.4877250409168,4.0
Super built-up  Area,Bannerghatta Road,1170.0,2.0,1.0,66.0,3.0,5641.025641025641,5.0
Super built-up  Area,Hebbal,2400.0,4.0,1.0,245.0,3.0,10208.333333333334,7.0
Super built-up  Area,Other,1385.0,2.0,2.0,48.48,3.0,3500.361010830325,5.0
Super built-up  Area,HSR Layout,1372.0,2.0,1.0,68.0,2.0,4956.268221574344,4.0
Super built-up  Area,Magadi Road,1282.0,2.0,2.0,49.0,3.0,3822.1528861154447,5.0
Super built-up  Area,Mico Layout,5000.0,9.0,3.0,210.0,9.0,4200.0,18.0
Built-up  Area,Other,3000.0,3.0,1.0,528.0,5.0,17600.0,8.0
Super built-up  Area,Kanakpura Road,1135.0,2.0,1.0,39.73,2.0,3500.440528634361,4.0
Built-up  Area,Whitefield,1768.0,3.0,2.0,101.0,3.0,5712.669683257918,6.0
Built-up  Area,Other,1325.0,2.0,1.0,90.0,3.0,6792.452830188679,5.0
Super built-up  Area,Electronic City,1599.0,3.0,2.0,99.0,3.0,6191.369606003753,6.0
Plot  Area,Whitefield,1500.0,3.0,1.0,61.95,3.0,4130.0,6.0
Plot  Area,Other,2610.0,3.0,0.0,499.0,3.0,19118.773946360154,6.0
Super built-up  Area,Uttarahalli,1286.0,2.0,2.0,63.0,2.0,4898.9113530326595,4.0
Built-up  Area,Kammanahalli,2845.0,5.0,1.0,140.0,5.0,4920.91388400703,10.0
Super built-up  Area,Other,1600.0,2.0,2.0,50.0,3.0,3125.0,5.0
Super built-up  Area,Hennur Road,1317.5,2.0,0.0,63.77,2.0,4840.2277039848195,4.0
Super built-up  Area,Hebbal,3450.0,5.0,2.0,260.0,3.0,7536.231884057971,8.0
Super built-up  Area,Munnekollal,1102.0,2.0,2.0,53.67,2.0,4870.235934664247,4.0
Super built-up  Area,Yelahanka,1350.0,2.0,2.0,54.0,2.0,4000.0,4.0
Super built-up  Area,Banashankari,1200.0,2.0,2.0,42.0,3.0,3500.0,5.0
Plot  Area,Other,1800.0,1.0,1.0,80.0,2.0,4444.444444444444,3.0
Built-up  Area,Chikkabanavar,950.0,2.0,1.0,40.0,2.0,4210.526315789473,4.0
Super built-up  Area,Kanakpura Road,525.0,1.0,1.0,27.25,1.0,5190.476190476191,2.0
Built-up  Area,Attibele,656.0,2.0,1.0,25.0,2.0,3810.9756097560976,4.0
Plot  Area,Marathahalli,1780.0,4.0,3.0,175.0,4.0,9831.460674157302,8.0
Super built-up  Area,Other,1056.0,2.0,1.0,80.0,2.0,7575.757575757576,4.0
Super built-up  Area,Bannerghatta Road,595.0,1.0,1.0,33.32,1.0,5600.0,2.0
Built-up  Area,Other,1080.0,2.0,2.0,50.0,2.0,4629.62962962963,4.0
Super built-up  Area,7th Phase JP Nagar,2225.0,3.0,1.0,160.0,3.0,7191.011235955056,6.0
Super built-up  Area,Bommasandra,1126.0,2.0,1.0,28.15,2.0,2500.0,4.0
Super built-up  Area,Electronics City Phase 1,1490.0,3.0,1.0,84.0,3.0,5637.583892617449,6.0
Plot  Area,HRBR Layout,2000.0,4.0,1.0,300.0,4.0,15000.0,8.0
Super built-up  Area,Sarjapur  Road,1550.0,3.0,3.0,100.0,3.0,6451.612903225807,6.0
Built-up  Area,Other,1160.0,2.0,1.0,55.0,2.0,4741.379310344828,4.0
Built-up  Area,Whitefield,4144.0,4.0,3.0,315.0,4.0,7601.351351351352,8.0
Super built-up  Area,Sarjapur  Road,2100.0,3.0,2.0,125.0,3.0,5952.380952380952,6.0
Super built-up  Area,Vittasandra,1404.0,2.0,1.0,69.3,2.0,4935.897435897436,4.0
Plot  Area,Sarjapur  Road,2230.0,4.0,3.0,225.0,4.0,10089.686098654709,8.0
Super built-up  Area,Other,1544.0,3.0,2.0,120.0,3.0,7772.020725388601,6.0
Super built-up  Area,Banashankari Stage III,1305.0,2.0,1.0,58.7,3.0,4498.08429118774,5.0
Super built-up  Area,Marathahalli,1230.0,2.0,2.0,80.0,2.0,6504.065040650406,4.0
Plot  Area,Other,1200.0,2.0,0.0,65.0,2.0,5416.666666666667,4.0
Super built-up  Area,Harlur,1460.0,3.0,1.0,73.0,3.0,5000.0,6.0
Built-up  Area,Gottigere,967.0,2.0,3.0,45.0,2.0,4653.567735263702,4.0
Built-up  Area,Other,540.0,1.0,1.0,36.0,1.0,6666.666666666667,2.0
Super built-up  Area,Hormavu,715.0,1.0,2.0,46.0,1.0,6433.566433566433,2.0
Super built-up  Area,Whitefield,2500.0,3.0,2.0,313.0,3.0,12520.0,6.0
Super built-up  Area,Other,1578.0,3.0,1.0,180.0,3.0,11406.84410646388,6.0
Super built-up  Area,Mysore Road,1020.0,2.0,1.0,48.95,2.0,4799.019607843137,4.0
Super built-up  Area,Jigani,1020.0,2.0,1.0,40.0,2.0,3921.5686274509803,4.0
Super built-up  Area,Koramangala,1253.0,2.0,1.0,102.0,2.0,8140.462889066241,4.0
Super built-up  Area,Other,1180.0,2.0,2.0,42.0,2.0,3559.322033898305,4.0
Super built-up  Area,Nehru Nagar,961.0,2.0,2.0,38.0,2.0,3954.2143600416234,4.0
Built-up  Area,Kanakapura,1419.0,3.0,3.0,75.0,3.0,5285.412262156448,6.0
Super built-up  Area,Harlur,1709.0,3.0,2.0,150.0,3.0,8777.062609713283,6.0
Plot  Area,Other,1600.0,2.0,0.0,115.0,2.0,7187.5,4.0
Super built-up  Area,Other,416.0,1.0,1.0,18.5,1.0,4447.115384615385,2.0
Carpet  Area,Sanjay nagar,1100.0,2.0,2.0,98.0,2.0,8909.09090909091,4.0
Super built-up  Area,HSR Layout,1430.0,2.0,1.0,65.0,3.0,4545.454545454545,5.0
Super built-up  Area,Other,1260.0,2.0,2.0,45.0,2.0,3571.4285714285716,4.0
Built-up  Area,Other,1630.0,3.0,2.0,85.0,3.0,5214.7239263803685,6.0
Super built-up  Area,Sarjapur  Road,1249.0,3.0,2.0,44.71,3.0,3579.663730984788,6.0
Super built-up  Area,Kalena Agrahara,1450.0,2.0,3.0,85.0,3.0,5862.068965517241,5.0
Super built-up  Area,Konanakunte,2791.0,3.0,1.0,223.0,3.0,7989.967753493372,6.0
Super built-up  Area,Other,600.0,1.0,0.0,90.0,1.0,15000.0,2.0
Built-up  Area,Other,834.0,1.0,1.0,60.0,1.0,7194.244604316546,2.0
Plot  Area,Other,1125.0,4.0,1.0,70.0,3.0,6222.222222222223,7.0
Super built-up  Area,Arekere,2060.0,3.0,2.0,140.0,3.0,6796.116504854369,6.0
Super built-up  Area,Malleshwaram,12000.0,7.0,3.0,2200.0,7.0,18333.333333333332,14.0
Built-up  Area,Gottigere,891.0,2.0,1.0,25.0,2.0,2805.8361391694725,4.0
Super built-up  Area,Raja Rajeshwari Nagar,1133.0,2.0,1.0,49.07,2.0,4330.979699911739,4.0
Built-up  Area,Bisuvanahalli,1075.0,2.0,1.0,37.0,3.0,3441.860465116279,5.0
Super built-up  Area,Other,3000.0,5.0,2.0,260.0,4.0,8666.666666666666,9.0
Plot  Area,Brookefield,2440.0,5.0,2.0,425.0,4.0,17418.032786885247,9.0
Built-up  Area,Vidyaranyapura,1200.0,2.0,2.0,55.0,2.0,4583.333333333333,4.0
Super built-up  Area,Thanisandra,1075.0,2.0,2.0,45.8,2.0,4260.46511627907,4.0
Super built-up  Area,Kaggadasapura,1140.0,2.0,2.0,40.0,2.0,3508.7719298245615,4.0
Plot  Area,Other,2160.0,5.0,1.0,250.0,6.0,11574.074074074075,11.0
Super built-up  Area,Raja Rajeshwari Nagar,1090.0,2.0,1.0,42.0,2.0,3853.211009174312,4.0
Built-up  Area,R.T. Nagar,1500.0,4.0,1.0,70.0,4.0,4666.666666666667,8.0
Super built-up  Area,Whitefield,4104.0,4.0,2.0,360.0,4.0,8771.929824561403,8.0
Super built-up  Area,Whitefield,1790.0,3.0,2.0,100.0,3.0,5586.592178770949,6.0
Super built-up  Area,Hebbal,1920.0,3.0,2.0,134.0,3.0,6979.166666666667,6.0
Built-up  Area,HRBR Layout,1374.0,2.0,2.0,95.0,2.0,6914.1193595342065,4.0
Carpet  Area,Bannerghatta Road,1445.0,3.0,2.0,95.0,3.0,6574.39446366782,6.0
Super built-up  Area,Kanakapura,711.0,1.0,1.0,36.0,1.0,5063.291139240507,2.0
Super built-up  Area,Tumkur Road,1500.0,3.0,3.0,95.0,3.0,6333.333333333333,6.0
Super built-up  Area,Whitefield,1720.0,3.0,3.0,100.0,3.0,5813.953488372093,6.0
Super built-up  Area,Other,1400.0,3.0,2.0,60.0,3.0,4285.714285714285,6.0
Built-up  Area,Kundalahalli,1030.0,2.0,2.0,49.0,2.0,4757.281553398058,4.0
Super built-up  Area,Mysore Road,1200.0,2.0,1.0,85.0,2.0,7083.333333333333,4.0
Carpet  Area,Other,1375.0,3.0,2.0,70.0,3.0,5090.909090909091,6.0
Plot  Area,Hegde Nagar,1050.0,1.0,2.0,56.0,2.0,5333.333333333333,3.0
Super built-up  Area,Jalahalli,2250.0,3.0,2.0,160.0,3.0,7111.111111111111,6.0
Super built-up  Area,Bellandur,1000.0,2.0,2.0,50.0,2.0,5000.0,4.0
Super built-up  Area,Other,469.0,1.0,0.0,25.0,1.0,5330.490405117271,2.0
Super built-up  Area,Marathahalli,3800.0,4.0,3.0,250.0,4.0,6578.9473684210525,8.0
Super built-up  Area,Kambipura,883.0,2.0,1.0,29.0,2.0,3284.2582106455266,4.0
Super built-up  Area,GM Palaya,1820.0,2.0,3.0,86.0,3.0,4725.274725274725,5.0
Built-up  Area,Singasandra,1440.0,2.0,3.0,65.0,3.0,4513.888888888889,5.0
Super built-up  Area,Other,3600.0,4.0,1.0,160.0,6.0,4444.444444444444,10.0
Built-up  Area,Malleshwaram,2500.0,5.0,2.0,325.0,4.0,13000.0,9.0
Super built-up  Area,Mahadevpura,1225.0,2.0,2.0,48.0,2.0,3918.3673469387754,4.0
Plot  Area,Other,4000.0,3.0,1.0,660.0,3.0,16500.0,6.0
Carpet  Area,Chikkalasandra,875.0,2.0,3.0,52.8,2.0,6034.285714285715,4.0
Super built-up  Area,Jalahalli East,750.0,1.0,2.0,40.0,1.0,5333.333333333333,2.0
Super built-up  Area,6th Phase JP Nagar,1180.0,2.0,3.0,80.0,2.0,6779.661016949152,4.0
Super built-up  Area,Haralur Road,1194.0,2.0,2.0,47.0,2.0,3936.348408710218,4.0
Super built-up  Area,Hennur Road,1500.0,2.0,2.0,62.0,3.0,4133.333333333333,5.0
Super built-up  Area,Other,1160.0,2.0,2.0,52.2,2.0,4500.0,4.0
Super built-up  Area,Hosakerehalli,2378.0,3.0,1.0,262.0,3.0,11017.661900756939,6.0
Super built-up  Area,Sarjapur,1128.0,2.0,1.0,60.0,2.0,5319.148936170212,4.0
Super built-up  Area,Hebbal,1500.0,3.0,1.0,150.0,3.0,10000.0,6.0
Built-up  Area,Other,1220.0,2.0,1.0,35.23,3.0,2887.7049180327863,5.0
Super built-up  Area,Sarjapur  Road,1210.0,2.0,2.0,58.0,2.0,4793.388429752066,4.0
Super built-up  Area,Kanakpura Road,1100.0,2.0,1.0,58.0,3.0,5272.727272727273,5.0
Super built-up  Area,Bommasandra,1200.0,3.0,2.0,46.0,3.0,3833.3333333333335,6.0
Built-up  Area,Haralur Road,3385.0,5.0,2.0,260.0,4.0,7680.945347119646,9.0
Super built-up  Area,Other,1641.0,3.0,2.0,66.0,3.0,4021.9378427787933,6.0
Super built-up  Area,Horamavu Agara,1200.0,2.0,1.0,45.0,2.0,3750.0,4.0
Super built-up  Area,Raja Rajeshwari Nagar,1260.0,2.0,1.0,67.39,2.0,5348.412698412699,4.0
Super built-up  Area,Mahadevpura,1720.0,3.0,3.0,78.0,3.0,4534.883720930233,6.0
Super built-up  Area,Yelahanka,1132.5,2.0,0.0,48.13,2.0,4249.889624724062,4.0
Super built-up  Area,Yelahanka,1210.0,2.0,1.0,45.98,2.0,3800.0,4.0
Built-up  Area,Indira Nagar,2200.0,4.0,2.0,200.0,4.0,9090.90909090909,8.0
Super built-up  Area,Bisuvanahalli,1075.0,2.0,1.0,45.0,3.0,4186.046511627907,5.0
Built-up  Area,Thanisandra,1702.0,3.0,2.0,130.0,3.0,7638.07285546416,6.0
Super built-up  Area,Other,1630.0,2.0,2.0,200.0,2.0,12269.938650306749,4.0
Super built-up  Area,Raja Rajeshwari Nagar,1141.0,2.0,2.0,38.55,2.0,3378.6152497808935,4.0
Super built-up  Area,Other,2072.0,3.0,2.0,108.0,3.0,5212.355212355213,6.0
Built-up  Area,Other,1200.0,2.0,0.0,70.0,3.0,5833.333333333333,5.0
Super built-up  Area,Other,1350.0,3.0,0.0,77.0,3.0,5703.7037037037035,6.0
Built-up  Area,Other,4046.0,4.0,0.0,445.0,4.0,10998.517053880376,8.0
Super built-up  Area,Other,1180.0,2.0,2.0,78.34,3.0,6638.983050847458,5.0
Built-up  Area,Yelahanka,35000.0,3.0,3.0,130.0,3.0,371.42857142857144,6.0
Super built-up  Area,Other,1355.0,2.0,2.0,115.0,2.0,8487.084870848708,4.0
Plot  Area,Other,600.0,1.0,0.0,50.0,1.0,8333.333333333334,2.0
Super built-up  Area,Bannerghatta Road,1640.0,2.0,1.0,120.0,3.0,7317.073170731707,5.0
Super built-up  Area,Kodichikkanahalli,1190.0,2.0,2.0,57.0,3.0,4789.915966386555,5.0
Plot  Area,OMBR Layout,2400.0,4.0,2.0,375.0,4.0,15625.0,8.0
Super built-up  Area,Marathahalli,1019.0,2.0,2.0,49.85,2.0,4892.051030421982,4.0
Super built-up  Area,Other,1875.0,3.0,2.0,165.0,3.0,8800.0,6.0
Super built-up  Area,Akshaya Nagar,1250.0,3.0,2.0,40.0,3.0,3200.0,6.0
Plot  Area,Brookefield,1200.0,3.0,2.0,140.0,3.0,11666.666666666666,6.0
Super built-up  Area,Whitefield,1140.0,2.0,1.0,56.0,2.0,4912.2807017543855,4.0
Super built-up  Area,Lingadheeranahalli,1683.0,3.0,1.0,109.0,3.0,6476.5300059417705,6.0
Super built-up  Area,Kaggadasapura,1515.0,3.0,2.0,83.3,3.0,5498.349834983498,6.0
Super built-up  Area,Hoodi,2118.0,4.0,2.0,111.0,4.0,5240.793201133144,8.0
Built-up  Area,Bannerghatta Road,1380.0,3.0,0.0,58.0,4.0,4202.898550724638,7.0
Super built-up  Area,Varthur Road,1083.0,2.0,2.0,61.75,2.0,5701.754385964912,4.0
Plot  Area,Other,600.0,2.0,1.0,55.0,2.0,9166.666666666666,4.0
Built-up  Area,Other,2300.0,3.0,3.0,120.0,3.0,5217.391304347826,6.0
Super built-up  Area,Other,1240.0,2.0,2.0,60.0,2.0,4838.709677419355,4.0
Super built-up  Area,Other,1750.0,3.0,1.0,120.0,3.0,6857.142857142857,6.0
Super built-up  Area,Other,1230.0,2.0,2.0,43.48,2.0,3534.959349593496,4.0
Plot  Area,Anjanapura,1500.0,3.0,1.0,139.0,3.0,9266.666666666666,6.0
Super built-up  Area,Abbigere,985.0,2.0,1.0,40.39,2.0,4100.507614213198,4.0
Plot  Area,Tindlu,1500.0,2.0,1.0,87.0,3.0,5800.0,5.0
Built-up  Area,Electronic City,1125.0,2.0,1.0,32.49,2.0,2888.0,4.0
Built-up  Area,Other,950.0,2.0,1.0,44.0,2.0,4631.578947368421,4.0
Super built-up  Area,Kothanur,1580.0,3.0,3.0,76.0,3.0,4810.126582278481,6.0
Plot  Area,Other,1092.0,2.0,1.0,98.5,3.0,9020.14652014652,5.0
Built-up  Area,Electronic City Phase II,1090.0,2.0,1.0,28.34,2.0,2600.0,4.0
Built-up  Area,Hennur Road,2264.0,3.0,1.0,159.0,3.0,7022.968197879859,6.0
Super built-up  Area,Dommasandra,1033.0,2.0,2.0,25.53,3.0,2471.4424007744433,5.0
Super built-up  Area,Kammasandra,810.0,2.0,2.0,24.5,2.0,3024.6913580246915,4.0
Super built-up  Area,Other,1045.0,2.0,0.0,45.0,2.0,4306.2200956937795,4.0
Super built-up  Area,Hebbal,1337.0,2.0,1.0,82.0,2.0,6133.1338818249815,4.0
Super built-up  Area,Chandapura,1200.0,2.0,2.0,32.0,2.0,2666.6666666666665,4.0
Super built-up  Area,Koramangala,1580.0,3.0,2.0,160.0,3.0,10126.582278481013,6.0
Super built-up  Area,Begur Road,1500.0,2.0,3.0,54.0,3.0,3600.0,5.0
Super built-up  Area,Whitefield,1640.0,4.0,2.0,91.0,3.0,5548.780487804878,7.0
Super built-up  Area,Other,1570.0,3.0,2.0,62.0,3.0,3949.044585987261,6.0
Super built-up  Area,Gubbalala,1470.0,2.0,2.0,82.0,3.0,5578.231292517007,5.0
Super built-up  Area,Kengeri,1160.0,2.0,2.0,40.61,2.0,3500.862068965517,4.0
Built-up  Area,7th Phase JP Nagar,1050.0,2.0,1.0,71.0,2.0,6761.9047619047615,4.0
Super built-up  Area,Other,1855.0,3.0,1.0,225.0,3.0,12129.380053908355,6.0
Super built-up  Area,Bannerghatta Road,1460.0,2.0,1.0,90.0,3.0,6164.3835616438355,5.0
Built-up  Area,Hulimavu,1823.0,3.0,2.0,100.0,3.0,5485.463521667581,6.0
Super built-up  Area,Electronic City,1094.0,2.0,2.0,42.0,2.0,3839.1224862888484,4.0
Super built-up  Area,Budigere,1153.0,2.0,2.0,57.0,2.0,4943.625325238509,4.0
Built-up  Area,Other,1325.0,3.0,1.0,57.0,3.0,4301.88679245283,6.0
Plot  Area,Other,1200.0,3.0,2.0,85.0,4.0,7083.333333333333,7.0
Built-up  Area,Jakkur,1590.0,2.0,2.0,125.0,3.0,7861.635220125786,5.0
Plot  Area,Raja Rajeshwari Nagar,1200.0,4.0,0.0,220.0,4.0,18333.333333333332,8.0
Super built-up  Area,Other,1202.0,2.0,1.0,48.0,2.0,3993.3444259567386,4.0
Built-up  Area,Haralur Road,1202.0,2.0,1.0,53.0,2.0,4409.317803660566,4.0
Super built-up  Area,Other,1200.0,2.0,3.0,62.5,2.0,5208.333333333333,4.0
Super built-up  Area,Panathur,1688.0,3.0,1.0,118.0,3.0,6990.521327014218,6.0
Built-up  Area,Kaval Byrasandra,1020.0,2.0,1.0,52.0,2.0,5098.0392156862745,4.0
Super built-up  Area,Sarjapur,1185.0,2.0,2.0,47.0,2.0,3966.2447257383965,4.0
Super built-up  Area,Ramagondanahalli,1235.0,2.0,1.0,52.04,2.0,4213.765182186235,4.0
Super built-up  Area,Hosakerehalli,3205.0,5.0,1.0,500.0,4.0,15600.624024960998,9.0
Super built-up  Area,Banashankari,1077.0,2.0,2.0,37.64,2.0,3494.8932219127205,4.0
Super built-up  Area,Kengeri Satellite Town,1415.0,2.0,3.0,66.0,3.0,4664.310954063604,5.0
Super built-up  Area,EPIP Zone,2330.0,3.0,2.0,162.0,3.0,6952.789699570815,6.0
Super built-up  Area,Whitefield,805.0,2.0,2.0,35.0,2.0,4347.826086956522,4.0
Built-up  Area,Other,425.0,1.0,0.0,20.03,1.0,4712.941176470588,2.0
Super built-up  Area,Whitefield,1155.0,2.0,3.0,59.95,2.0,5190.476190476191,4.0
Super built-up  Area,Cunningham Road,5270.0,4.0,3.0,1250.0,4.0,23719.165085388995,8.0
Super built-up  Area,Anekal,656.0,2.0,1.0,22.0,2.0,3353.6585365853657,4.0
Built-up  Area,Other,1100.0,2.0,0.0,48.0,2.0,4363.636363636364,4.0
Super built-up  Area,Mahadevpura,1150.0,2.0,3.0,52.0,2.0,4521.739130434783,4.0
Plot  Area,Other,600.0,1.0,1.0,60.0,1.0,10000.0,2.0
Super built-up  Area,Other,1468.0,2.0,1.0,140.0,2.0,9536.784741144415,4.0
Plot  Area,Other,4300.0,5.0,2.0,550.0,4.0,12790.697674418605,9.0
Super built-up  Area,Whitefield,2280.0,4.0,2.0,126.0,3.0,5526.315789473684,7.0
Super built-up  Area,Hegde Nagar,1341.0,2.0,1.0,97.0,2.0,7233.407904548844,4.0
Super built-up  Area,Jakkur,1279.0,2.0,1.0,77.0,2.0,6020.3283815480845,4.0
Super built-up  Area,Electronic City Phase II,2225.0,4.0,0.0,98.88,4.0,4444.044943820225,8.0
Super built-up  Area,Thanisandra,1185.0,2.0,2.0,43.51,2.0,3671.7299578059074,4.0
Super built-up  Area,Other,1750.0,3.0,2.0,85.0,3.0,4857.142857142857,6.0
Super built-up  Area,Kudlu,1152.0,2.0,1.0,53.5,2.0,4644.097222222223,4.0
Super built-up  Area,Hulimavu,1300.0,2.0,3.0,36.0,2.0,2769.230769230769,4.0
Plot  Area,Varthur Road,2760.0,4.0,2.0,155.0,4.0,5615.942028985507,8.0
Super built-up  Area,5th Phase JP Nagar,1070.0,2.0,2.0,39.0,2.0,3644.8598130841124,4.0
Super built-up  Area,Uttarahalli,1101.0,2.0,0.0,45.0,2.0,4087.193460490463,4.0
Super built-up  Area,Other,775.0,2.0,1.0,55.0,2.0,7096.774193548387,4.0
Super built-up  Area,Yeshwanthpur,667.0,1.0,1.0,36.85,1.0,5524.737631184408,2.0
Super built-up  Area,Electronic City,1070.0,2.0,1.0,55.0,2.0,5140.186915887851,4.0
Built-up  Area,Old Airport Road,1875.0,2.0,2.0,110.0,3.0,5866.666666666667,5.0
Super built-up  Area,Kundalahalli,735.0,2.0,1.0,57.99,2.0,7889.7959183673465,4.0
Plot  Area,Sarjapur,4360.0,4.0,1.0,90.0,5.0,2064.2201834862385,9.0
Super built-up  Area,Koramangala,1750.0,3.0,2.0,130.0,3.0,7428.571428571428,6.0
Super built-up  Area,Marathahalli,1215.0,2.0,1.0,67.0,2.0,5514.40329218107,4.0
Super built-up  Area,Vishwapriya Layout,820.0,2.0,1.0,30.0,2.0,3658.5365853658536,4.0
Super built-up  Area,Banashankari Stage VI,1177.5,2.0,0.0,59.935,2.0,5090.0212314225055,4.0
Super built-up  Area,Battarahalli,1779.0,3.0,2.0,89.61,3.0,5037.099494097808,6.0
Built-up  Area,Other,1105.0,2.0,2.0,58.0,2.0,5248.868778280543,4.0
Super built-up  Area,Whitefield,1650.0,3.0,2.0,60.0,3.0,3636.3636363636365,6.0
Super built-up  Area,Jalahalli,1694.0,2.0,2.0,150.0,2.0,8854.78158205431,4.0
Super built-up  Area,Hosakerehalli,2376.0,3.0,1.0,203.0,3.0,8543.771043771043,6.0
Super built-up  Area,Cox Town,1975.0,3.0,3.0,150.0,3.0,7594.93670886076,6.0
Super built-up  Area,Kammasandra,674.0,2.0,1.0,33.0,2.0,4896.142433234421,4.0
Super built-up  Area,Kaggadasapura,1185.0,2.0,1.0,41.0,2.0,3459.915611814346,4.0
Super built-up  Area,Thanisandra,445.0,1.0,0.0,28.0,1.0,6292.134831460674,2.0
Super built-up  Area,HSR Layout,1475.0,3.0,2.0,75.0,3.0,5084.745762711865,6.0
Super built-up  Area,Gottigere,1618.0,3.0,3.0,82.5,3.0,5098.887515451174,6.0
Super built-up  Area,Koramangala,1120.0,2.0,0.0,65.0,2.0,5803.571428571428,4.0
Super built-up  Area,Marathahalli,2181.0,3.0,2.0,152.0,4.0,6969.280146721688,7.0
Plot  Area,Vidyaranyapura,1200.0,4.0,0.0,90.0,4.0,7500.0,8.0
Super built-up  Area,Bannerghatta Road,1556.0,2.0,1.0,59.13,3.0,3800.1285347043704,5.0
Super built-up  Area,Bannerghatta Road,1179.0,2.0,1.0,66.02,2.0,5599.660729431722,4.0
Super built-up  Area,Thanisandra,1296.0,2.0,2.0,83.0,2.0,6404.320987654321,4.0
Built-up  Area,Kaggadasapura,1275.0,2.0,2.0,52.0,2.0,4078.4313725490197,4.0
Super built-up  Area,Kathriguppe,1400.0,2.0,2.0,77.0,3.0,5500.0,5.0
Super built-up  Area,Gottigere,1222.0,2.0,1.0,63.0,2.0,5155.482815057283,4.0
Super built-up  Area,Electronic City,940.0,2.0,1.0,41.0,2.0,4361.702127659574,4.0
Super built-up  Area,Thanisandra,1185.0,2.0,2.0,42.6,2.0,3594.9367088607596,4.0
Super built-up  Area,Tumkur Road,1779.0,3.0,2.0,112.0,3.0,6295.6717256885895,6.0
Super built-up  Area,Begur Road,1615.0,3.0,2.0,59.76,3.0,3700.30959752322,6.0
Super built-up  Area,Haralur Road,1056.0,2.0,1.0,61.0,2.0,5776.515151515152,4.0
Super built-up  Area,7th Phase JP Nagar,1100.0,2.0,0.0,46.0,2.0,4181.818181818182,4.0
Built-up  Area,Arekere,920.0,2.0,1.0,40.0,2.0,4347.826086956522,4.0
Super built-up  Area,Other,1602.0,2.0,0.0,75.0,3.0,4681.647940074907,5.0
Built-up  Area,Padmanabhanagar,1176.0,2.0,0.0,62.0,2.0,5272.108843537415,4.0
Super built-up  Area,Other,1352.0,3.0,0.0,135.0,3.0,9985.207100591717,6.0
Built-up  Area,Kasavanhalli,1717.0,3.0,3.0,99.0,3.0,5765.87070471753,6.0
Plot  Area,Other,10961.0,4.0,1.0,80.0,4.0,729.8604141957851,8.0
Super built-up  Area,Bhoganhalli,2119.0,4.0,3.0,111.0,4.0,5238.319962246343,8.0
Super built-up  Area,Vittasandra,1246.0,2.0,1.0,67.3,2.0,5401.284109149277,4.0
Super built-up  Area,Anandapura,1141.0,2.0,1.0,42.79,2.0,3750.219106047327,4.0
Built-up  Area,Hennur Road,1157.0,2.0,1.0,84.0,2.0,7260.155574762316,4.0
Super built-up  Area,Chandapura,1025.0,2.0,2.0,27.68,2.0,2700.487804878049,4.0
Built-up  Area,Yelahanka New Town,650.0,1.0,2.0,33.0,1.0,5076.923076923077,2.0
Super built-up  Area,Hebbal,1349.0,2.0,1.0,98.0,2.0,7264.6404744255005,4.0
Super built-up  Area,Other,1566.0,3.0,1.0,83.3,3.0,5319.284802043423,6.0
Super built-up  Area,Sahakara Nagar,2830.0,3.0,3.0,195.0,4.0,6890.459363957597,7.0
Built-up  Area,Electronic City,1320.0,2.0,1.0,38.13,3.0,2888.636363636364,5.0
Super built-up  Area,Other,1780.0,3.0,1.0,84.83,3.0,4765.730337078651,6.0
Super built-up  Area,Varthur,1091.0,2.0,1.0,34.9,2.0,3198.9000916590285,4.0
Super built-up  Area,Rachenahalli,3670.0,4.0,3.0,300.0,4.0,8174.386920980926,8.0
Built-up  Area,7th Phase JP Nagar,918.0,2.0,1.0,50.49,2.0,5500.0,4.0
Super built-up  Area,Yeshwanthpur,1950.0,4.0,0.0,130.0,4.0,6666.666666666667,8.0
Super built-up  Area,Panathur,1695.0,3.0,1.0,90.0,3.0,5309.734513274337,6.0
Super built-up  Area,Yelahanka,1705.0,3.0,2.0,95.0,3.0,5571.847507331378,6.0
Built-up  Area,Kalyan nagar,1375.0,3.0,2.0,75.0,3.0,5454.545454545455,6.0
Super built-up  Area,Kanakpura Road,525.0,1.0,1.0,30.0,1.0,5714.285714285715,2.0
Built-up  Area,Whitefield,1447.0,2.0,1.0,83.0,2.0,5736.005528680028,4.0
Super built-up  Area,Thanisandra,1114.0,2.0,1.0,39.0,2.0,3500.8976660682224,4.0
Super built-up  Area,7th Phase JP Nagar,1450.0,2.0,1.0,100.0,3.0,6896.551724137931,5.0
Built-up  Area,Other,1022.0,2.0,2.0,40.0,2.0,3913.894324853229,4.0
Built-up  Area,Hebbal,1000.0,2.0,2.0,45.0,2.0,4500.0,4.0
Super built-up  Area,Electronic City,1128.0,2.0,1.0,68.75,2.0,6094.858156028369,4.0
Super built-up  Area,Kanakpura Road,1180.0,2.0,2.0,57.0,2.0,4830.5084745762715,4.0
Plot  Area,Nagarbhavi,1200.0,2.0,1.0,150.0,2.0,12500.0,4.0
Super built-up  Area,Other,3761.0,3.0,2.0,660.0,3.0,17548.524328636002,6.0
Super built-up  Area,Kanakpura Road,1339.0,2.0,3.0,75.0,2.0,5601.194921583271,4.0
Super built-up  Area,Yelachenahalli,1400.0,2.0,3.0,55.0,3.0,3928.5714285714284,5.0
Super built-up  Area,7th Phase JP Nagar,1040.0,2.0,1.0,39.52,2.0,3800.0000000000005,4.0
Super built-up  Area,Kadugodi,1198.0,2.0,2.0,58.0,2.0,4841.402337228715,4.0
Plot  Area,Other,1200.0,3.0,2.0,95.0,4.0,7916.666666666667,7.0
Super built-up  Area,Sarjapur  Road,1691.0,3.0,2.0,113.0,3.0,6682.436428149024,6.0
Super built-up  Area,Bisuvanahalli,1075.0,3.0,2.0,36.0,3.0,3348.8372093023254,6.0
Super built-up  Area,1st Block Jayanagar,1630.0,3.0,2.0,194.0,3.0,11901.840490797545,6.0
Super built-up  Area,8th Phase JP Nagar,1240.0,3.0,2.0,43.5,3.0,3508.064516129032,6.0
Super built-up  Area,Bannerghatta Road,1122.5,2.0,0.0,58.935,2.0,5250.334075723831,4.0
Super built-up  Area,Mallasandra,1665.0,3.0,2.0,86.58,3.0,5200.0,6.0
Built-up  Area,Marathahalli,2489.0,3.0,2.0,94.0,3.0,3776.6171153073524,6.0
Built-up  Area,Brookefield,1142.0,2.0,2.0,70.0,2.0,6129.5971978984235,4.0
Super built-up  Area,Other,1976.0,3.0,1.0,184.0,3.0,9311.74089068826,6.0
Plot  Area,Other,5500.0,4.0,2.0,600.0,4.0,10909.09090909091,8.0
Super built-up  Area,Kothannur,1853.0,3.0,2.0,82.0,3.0,4425.256341068538,6.0
Super built-up  Area,Kasturi Nagar,1567.0,2.0,2.0,92.0,2.0,5871.091257179323,4.0
Super built-up  Area,Talaghattapura,1090.0,2.0,1.0,27.24,2.0,2499.0825688073396,4.0
Plot  Area,Other,2400.0,4.0,1.0,640.0,4.0,26666.666666666668,8.0
Super built-up  Area,Electronics City Phase 1,1175.0,2.0,2.0,51.47,2.0,4380.425531914893,4.0
Built-up  Area,Subramanyapura,1200.0,2.0,2.0,52.0,2.0,4333.333333333333,4.0
Built-up  Area,Kodichikkanahalli,995.0,2.0,1.0,41.0,2.0,4120.603015075377,4.0
Super built-up  Area,Magadi Road,884.0,2.0,1.0,41.1,2.0,4649.321266968326,4.0
Built-up  Area,Yeshwanthpur,1170.0,2.0,2.0,57.0,2.0,4871.794871794872,4.0
Super built-up  Area,KR Puram,1225.0,2.0,1.0,46.55,2.0,3800.0,4.0
Super built-up  Area,Electronic City,1342.0,2.0,1.0,73.3,2.0,5461.997019374068,4.0
Built-up  Area,Uttarahalli,1345.0,2.0,1.0,67.0,2.0,4981.412639405205,4.0
Built-up  Area,Kodigehaali,1320.0,3.0,0.0,65.0,3.0,4924.242424242424,6.0
Super built-up  Area,Raja Rajeshwari Nagar,1140.0,2.0,1.0,49.39,2.0,4332.456140350877,4.0
Super built-up  Area,Battarahalli,1300.0,2.0,1.0,50.0,2.0,3846.153846153846,4.0
Super built-up  Area,Hosa Road,1652.0,3.0,2.0,85.0,3.0,5145.2784503631965,6.0
Super built-up  Area,Thigalarapalya,2072.0,4.0,2.0,142.0,3.0,6853.281853281854,7.0
Built-up  Area,Arekere,1740.0,2.0,2.0,95.0,3.0,5459.770114942528,5.0
Super built-up  Area,Electronic City,1360.0,2.0,1.0,71.0,3.0,5220.588235294118,5.0
Super built-up  Area,Hosur Road,1145.0,2.0,2.0,60.0,3.0,5240.174672489083,5.0
Built-up  Area,Uttarahalli,1540.0,2.0,0.0,40.0,3.0,2597.4025974025976,5.0
Super built-up  Area,Sarjapur  Road,1278.0,2.0,2.0,95.0,2.0,7433.489827856025,4.0
Super built-up  Area,Electronic City Phase II,630.0,1.0,1.0,40.0,1.0,6349.206349206349,2.0
Super built-up  Area,Kanakpura Road,1100.0,3.0,2.0,58.0,3.0,5272.727272727273,6.0
Plot  Area,Other,1200.0,3.0,0.0,95.0,3.0,7916.666666666667,6.0
Built-up  Area,Other,2500.0,6.0,2.0,115.0,7.0,4600.0,13.0
Super built-up  Area,Chandapura,582.5,1.0,0.0,15.135,1.0,2598.283261802575,2.0
Super built-up  Area,Chandapura,1015.0,2.0,2.0,25.88,2.0,2549.753694581281,4.0
Built-up  Area,Hosur Road,3300.0,5.0,2.0,240.0,5.0,7272.727272727273,10.0
Plot  Area,Basaveshwara Nagar,4500.0,5.0,1.0,415.0,5.0,9222.222222222223,10.0
Super built-up  Area,Gunjur,1356.0,2.0,3.0,66.0,3.0,4867.256637168141,5.0
Super built-up  Area,Other,823.0,2.0,1.0,28.0,2.0,3402.187120291616,4.0
Plot  Area,TC Palaya,1200.0,2.0,0.0,66.0,3.0,5500.0,5.0
Built-up  Area,Ramamurthy Nagar,1050.0,2.0,0.0,37.0,2.0,3523.809523809524,4.0
Super built-up  Area,Other,1180.0,2.0,1.0,69.0,2.0,5847.457627118644,4.0
Super built-up  Area,Whitefield,1116.0,2.0,3.0,51.91,2.0,4651.433691756272,4.0
Super built-up  Area,7th Phase JP Nagar,1070.0,2.0,1.0,42.79,2.0,3999.0654205607475,4.0
Super built-up  Area,Varthur,1385.0,2.0,3.0,80.0,2.0,5776.173285198556,4.0
Plot  Area,Varthur,1000.0,1.0,1.0,70.0,1.0,7000.0,2.0
Built-up  Area,Whitefield,1897.0,3.0,2.0,130.0,3.0,6852.925672113864,6.0
Super built-up  Area,Magadi Road,1005.0,2.0,1.0,55.78,2.0,5550.248756218905,4.0
Super built-up  Area,Green Glen Layout,1575.0,3.0,2.0,125.0,3.0,7936.507936507936,6.0
Super built-up  Area,Subramanyapura,975.0,2.0,1.0,65.0,2.0,6666.666666666667,4.0
Super built-up  Area,Hennur Road,1904.0,3.0,2.0,120.0,3.0,6302.5210084033615,6.0
Super built-up  Area,Kengeri Satellite Town,930.0,1.0,1.0,30.0,1.0,3225.8064516129034,2.0
Super built-up  Area,Kanakpura Road,525.0,1.0,1.0,26.0,1.0,4952.380952380952,2.0
Super built-up  Area,Other,686.0,1.0,1.0,17.0,1.0,2478.134110787172,2.0
Plot  Area,Electronic City Phase II,2400.0,3.0,1.0,150.0,2.0,6250.0,5.0
Plot  Area,Other,1410.0,1.0,0.0,233.0,2.0,16524.822695035462,3.0
Built-up  Area,Sarjapur  Road,2238.0,3.0,1.0,140.0,3.0,6255.585344057194,6.0
Super built-up  Area,Harlur,1174.0,2.0,1.0,69.0,2.0,5877.342419080068,4.0
Built-up  Area,Thubarahalli,3800.0,4.0,3.0,239.0,4.0,6289.473684210527,8.0
Super built-up  Area,Whitefield,2225.0,2.0,1.0,125.0,3.0,5617.9775280898875,5.0
Super built-up  Area,Other,1250.0,2.0,0.0,200.0,2.0,16000.0,4.0
Super built-up  Area,Jigani,918.0,2.0,2.0,52.0,2.0,5664.488017429194,4.0
Super built-up  Area,Mahadevpura,1250.0,2.0,3.0,52.0,2.0,4160.0,4.0
Super built-up  Area,Sarjapur  Road,1800.0,3.0,2.0,110.0,3.0,6111.111111111111,6.0
Built-up  Area,Marathahalli,1170.0,2.0,3.0,53.0,2.0,4529.91452991453,4.0
Super built-up  Area,Other,1300.0,1.0,0.0,200.0,1.0,15384.615384615385,2.0
Built-up  Area,Bannerghatta Road,793.0,2.0,1.0,45.0,2.0,5674.653215636822,4.0
Super built-up  Area,Jakkur,1710.0,3.0,2.0,107.0,3.0,6257.309941520468,6.0
Super built-up  Area,Kambipura,1082.0,2.0,1.0,57.5,3.0,5314.232902033272,5.0
Super built-up  Area,Other,1001.0,2.0,2.0,33.03,2.0,3299.7002997002996,4.0
Built-up  Area,Other,1500.0,4.0,2.0,180.0,4.0,12000.0,8.0
Super built-up  Area,Yelahanka,1590.0,2.0,1.0,54.0,3.0,3396.2264150943397,5.0
Super built-up  Area,Other,2400.0,2.0,0.0,80.0,3.0,3333.3333333333335,5.0
Super built-up  Area,Horamavu Banaswadi,1554.0,3.0,2.0,55.0,3.0,3539.253539253539,6.0
Super built-up  Area,Thanisandra,1142.5,2.0,0.0,43.415,2.0,3800.0,4.0
Super built-up  Area,Bellandur,4239.0,5.0,2.0,423.0,5.0,9978.768577494691,10.0
Built-up  Area,Konanakunte,884.0,1.0,0.0,58.0,2.0,6561.085972850678,3.0
Super built-up  Area,Hosa Road,1045.0,2.0,1.0,98.89,2.0,9463.157894736842,4.0
Super built-up  Area,Marathahalli,1019.0,2.0,2.0,49.86,2.0,4893.032384690873,4.0
Super built-up  Area,Ambedkar Nagar,1935.0,4.0,2.0,130.0,3.0,6718.3462532299745,7.0
Super built-up  Area,Uttarahalli,1135.0,2.0,2.0,39.73,3.0,3500.440528634361,5.0
Super built-up  Area,Lakshminarayana Pura,1680.0,3.0,2.0,150.0,3.0,8928.57142857143,6.0
Super built-up  Area,Hebbal,2470.0,5.0,2.0,247.0,4.0,10000.0,9.0
Super built-up  Area,1st Phase JP Nagar,2825.0,4.0,3.0,250.0,4.0,8849.557522123894,8.0
Super built-up  Area,Hosakerehalli,2480.0,3.0,1.0,330.0,3.0,13306.451612903225,6.0
Plot  Area,Ramamurthy Nagar,1800.0,4.0,3.0,187.0,5.0,10388.888888888889,9.0
Built-up  Area,Kasavanhalli,1799.0,3.0,3.0,90.0,3.0,5002.77932184547,6.0
Built-up  Area,Attibele,400.0,1.0,1.0,11.0,1.0,2750.0,2.0
Built-up  Area,Kundalahalli,1047.0,2.0,1.0,82.0,2.0,7831.900668576886,4.0
Super built-up  Area,Other,1282.0,2.0,2.0,87.0,2.0,6786.271450858035,4.0
Super built-up  Area,NGR Layout,1020.0,2.0,1.0,45.9,2.0,4500.0,4.0
Super built-up  Area,Whitefield,1495.0,2.0,1.0,79.5,2.0,5317.725752508361,4.0
Built-up  Area,Kasavanhalli,3260.0,4.0,1.0,240.0,4.0,7361.963190184049,8.0
Super built-up  Area,Other,1611.0,2.0,2.0,64.44,3.0,4000.0,5.0
Super built-up  Area,Koramangala,3500.0,5.0,2.0,425.0,4.0,12142.857142857143,9.0
Built-up  Area,Other,1500.0,2.0,2.0,95.0,3.0,6333.333333333333,5.0
Super built-up  Area,Sahakara Nagar,1500.0,2.0,2.0,95.0,3.0,6333.333333333333,5.0
Plot  Area,Yelahanka,3206.0,5.0,2.0,270.0,4.0,8421.70929507174,9.0
Super built-up  Area,Uttarahalli,1540.0,3.0,0.0,50.0,3.0,3246.753246753247,6.0
Super built-up  Area,Hosa Road,1639.0,3.0,1.0,80.0,3.0,4881.0250152532035,6.0
Super built-up  Area,Raja Rajeshwari Nagar,1303.0,2.0,2.0,55.79,2.0,4281.657712970069,4.0
Super built-up  Area,Koramangala,1005.0,1.0,1.0,110.0,2.0,10945.273631840795,3.0
Super built-up  Area,Kammasandra,657.5,1.0,0.0,18.41,1.0,2800.0,2.0
Super built-up  Area,Chandapura,1305.0,3.0,1.0,33.28,3.0,2550.191570881226,6.0
Super built-up  Area,Other,1300.0,1.0,1.0,115.0,2.0,8846.153846153846,3.0
Super built-up  Area,Brookefield,1440.0,2.0,3.0,68.0,3.0,4722.222222222223,5.0
Super built-up  Area,Seegehalli,901.0,2.0,1.0,35.14,2.0,3900.110987791343,4.0
Super built-up  Area,Rajaji Nagar,1725.0,3.0,3.0,200.0,3.0,11594.202898550724,6.0
Built-up  Area,Sarjapur,900.0,2.0,1.0,42.0,3.0,4666.666666666667,5.0
Super built-up  Area,Other,1060.0,2.0,1.0,55.0,2.0,5188.679245283019,4.0
Super built-up  Area,NGR Layout,1020.0,2.0,1.0,48.45,2.0,4750.0,4.0
Super built-up  Area,Varthur,1535.0,3.0,2.0,65.99,3.0,4299.022801302931,6.0
Built-up  Area,Other,530.0,1.0,1.0,20.0,1.0,3773.5849056603774,2.0
Super built-up  Area,Other,1350.0,2.0,3.0,80.0,2.0,5925.925925925926,4.0
Super built-up  Area,Sarjapur  Road,1115.0,2.0,2.0,50.0,2.0,4484.304932735426,4.0
Super built-up  Area,Uttarahalli,1175.0,2.0,2.0,47.0,2.0,4000.0,4.0
Built-up  Area,Whitefield,1113.0,2.0,1.0,62.0,2.0,5570.530098831986,4.0
Plot  Area,Ramamurthy Nagar,1640.0,4.0,3.0,240.0,5.0,14634.146341463415,9.0
Built-up  Area,Giri Nagar,650.0,2.0,0.0,42.0,2.0,6461.538461538462,4.0
Super built-up  Area,Marathahalli,1325.0,2.0,2.0,71.55,2.0,5400.0,4.0
Built-up  Area,Electronics City Phase 1,950.0,2.0,3.0,31.0,2.0,3263.157894736842,4.0
Super built-up  Area,Jakkur,1396.0,2.0,1.0,86.51,3.0,6196.991404011461,5.0
Super built-up  Area,Rachenahalli,1050.0,2.0,2.0,52.07,2.0,4959.047619047619,4.0
Super built-up  Area,Thanisandra,1825.0,3.0,2.0,100.0,3.0,5479.45205479452,6.0
Super built-up  Area,7th Phase JP Nagar,1190.0,2.0,1.0,49.98,2.0,4200.0,4.0
Super built-up  Area,Marathahalli,1220.0,2.0,1.0,56.5,2.0,4631.147540983607,4.0
Super built-up  Area,NRI Layout,1565.0,2.0,2.0,75.0,3.0,4792.332268370607,5.0
Super built-up  Area,Hennur Road,1891.0,3.0,1.0,109.0,3.0,5764.1459545214175,6.0
Built-up  Area,Other,900.0,2.0,0.0,27.0,2.0,3000.0,4.0
Super built-up  Area,Hosa Road,1161.0,2.0,1.0,55.15,2.0,4750.215331610681,4.0
Super built-up  Area,Sarjapur,649.5,1.0,0.0,17.535,1.0,2699.7690531177827,2.0
Plot  Area,Other,2400.0,6.0,3.0,125.0,8.0,5208.333333333333,14.0
Super built-up  Area,Yeshwanthpur,665.0,1.0,1.0,36.85,1.0,5541.353383458647,2.0
Super built-up  Area,Mysore Road,1175.0,2.0,1.0,73.5,2.0,6255.31914893617,4.0
Built-up  Area,Hoodi,1425.0,2.0,2.0,80.0,2.0,5614.035087719299,4.0
Plot  Area,Chikkabanavar,1200.0,1.0,0.0,20.0,1.0,1666.6666666666667,2.0
Plot  Area,ITPL,1200.0,3.0,1.0,56.12,3.0,4676.666666666667,6.0
Built-up  Area,Somasundara Palya,1255.0,2.0,2.0,67.0,2.0,5338.645418326693,4.0
Super built-up  Area,Hegde Nagar,2112.95,4.0,2.0,145.0,3.0,6862.443503159091,7.0
Super built-up  Area,Raja Rajeshwari Nagar,600.0,1.0,1.0,22.0,1.0,3666.6666666666665,2.0
Super built-up  Area,Haralur Road,1810.0,3.0,2.0,100.0,3.0,5524.861878453039,6.0
Super built-up  Area,Indira Nagar,1200.0,2.0,2.0,93.0,2.0,7750.0,4.0
Super built-up  Area,Harlur,1033.0,2.0,2.0,49.0,2.0,4743.465634075508,4.0
Super built-up  Area,ITPL,1548.0,3.0,2.0,89.5,3.0,5781.6537467700255,6.0
Super built-up  Area,Horamavu Banaswadi,1611.0,3.0,3.0,66.0,3.0,4096.83426443203,6.0
Built-up  Area,Electronic City Phase II,1400.0,2.0,1.0,40.43,3.0,2887.8571428571427,5.0
Super built-up  Area,Vidyaranyapura,1485.0,2.0,2.0,67.0,3.0,4511.784511784512,5.0
Built-up  Area,Margondanahalli,2400.0,2.0,1.0,82.0,2.0,3416.6666666666665,4.0
Super built-up  Area,Other,1025.0,2.0,1.0,44.5,2.0,4341.463414634146,4.0
Super built-up  Area,Other,1225.0,2.0,2.0,53.0,2.0,4326.530612244898,4.0
Built-up  Area,5th Phase JP Nagar,1256.0,2.0,1.0,62.8,2.0,5000.0,4.0
Super built-up  Area,Whitefield,2268.0,3.0,2.0,163.0,4.0,7186.94885361552,7.0
Super built-up  Area,Kanakpura Road,1100.0,3.0,2.0,53.0,3.0,4818.181818181818,6.0
Super built-up  Area,Other,1141.0,2.0,0.0,62.0,2.0,5433.829973707274,4.0
Built-up  Area,Attibele,400.0,1.0,1.0,12.0,1.0,3000.0,2.0
Plot  Area,Chandapura,1400.0,2.0,0.0,60.0,2.0,4285.714285714285,4.0
Super built-up  Area,Other,4100.0,7.0,2.0,140.0,7.0,3414.6341463414633,14.0
Super built-up  Area,Other,1175.0,2.0,2.0,48.27,2.0,4108.085106382979,4.0
Super built-up  Area,Sahakara Nagar,1100.0,2.0,1.0,56.0,2.0,5090.909090909091,4.0
Super built-up  Area,Kanakpura Road,1843.0,3.0,2.0,95.84,3.0,5200.217037438958,6.0
Super built-up  Area,Horamavu Banaswadi,1460.0,2.0,1.0,80.5,2.0,5513.698630136986,4.0
Super built-up  Area,Rachenahalli,1530.0,2.0,2.0,74.5,3.0,4869.281045751634,5.0
Built-up  Area,HSR Layout,1467.0,2.0,1.0,55.0,2.0,3749.147920927062,4.0
Super built-up  Area,Other,950.0,1.0,1.0,40.0,1.0,4210.526315789473,2.0
Super built-up  Area,Vittasandra,1246.0,2.0,1.0,64.5,2.0,5176.565008025682,4.0
Super built-up  Area,Kanakapura,711.0,1.0,1.0,38.0,1.0,5344.585091420535,2.0
Super built-up  Area,Haralur Road,1194.0,2.0,2.0,46.0,2.0,3852.5963149078725,4.0
Super built-up  Area,Babusapalaya,1358.0,2.0,1.0,43.4,3.0,3195.8762886597938,5.0
Super built-up  Area,Hoodi,1420.0,2.0,2.0,75.0,2.0,5281.69014084507,4.0
Super built-up  Area,Kathriguppe,1250.0,2.0,1.0,68.75,3.0,5500.0,5.0
Built-up  Area,Akshaya Nagar,1280.0,2.0,2.0,58.0,2.0,4531.25,4.0
Super built-up  Area,Other,1209.0,2.0,1.0,50.0,2.0,4135.6492969396195,4.0
Built-up  Area,Other,4200.0,5.0,2.0,225.0,5.0,5357.142857142857,10.0
Plot  Area,Other,1215.0,4.0,3.0,205.0,4.0,16872.427983539095,8.0
Super built-up  Area,Panathur,1315.0,2.0,1.0,54.8,3.0,4167.300380228137,5.0
Super built-up  Area,Other,1800.0,3.0,3.0,90.0,3.0,5000.0,6.0
Built-up  Area,Other,1600.0,4.0,0.0,125.0,5.0,7812.5,9.0
Super built-up  Area,TC Palaya,1600.0,2.0,2.0,65.0,3.0,4062.5,5.0
Plot  Area,Other,3968.0,5.0,2.0,900.0,6.0,22681.451612903227,11.0
Super built-up  Area,Other,1563.0,3.0,2.0,52.0,3.0,3326.935380678183,6.0
Super built-up  Area,Whitefield,1560.0,2.0,2.0,72.0,3.0,4615.384615384615,5.0
Super built-up  Area,Brookefield,2169.0,4.0,2.0,115.0,3.0,5301.982480405717,7.0
Super built-up  Area,Rachenahalli,1050.0,2.0,2.0,55.5,2.0,5285.714285714285,4.0
Super built-up  Area,Iblur Village,3235.0,3.0,1.0,235.0,3.0,7264.296754250387,6.0
Plot  Area,TC Palaya,1200.0,3.0,0.0,66.0,3.0,5500.0,6.0
Super built-up  Area,HSR Layout,1140.0,2.0,2.0,46.0,2.0,4035.0877192982457,4.0
Plot  Area,7th Phase JP Nagar,1500.0,3.0,1.0,170.0,3.0,11333.333333333334,6.0
Super built-up  Area,Horamavu Agara,1560.0,3.0,2.0,75.0,3.0,4807.692307692308,6.0
Super built-up  Area,JP Nagar,1100.0,2.0,2.0,70.0,2.0,6363.636363636364,4.0
Super built-up  Area,Kasavanhalli,1260.0,2.0,3.0,40.32,3.0,3200.0,5.0
Super built-up  Area,Hebbal,1036.0,2.0,1.0,50.0,2.0,4826.254826254826,4.0
Built-up  Area,Akshaya Nagar,1662.0,3.0,3.0,85.1,3.0,5120.336943441636,6.0
Super built-up  Area,Yelachenahalli,1464.0,2.0,3.0,105.0,3.0,7172.131147540984,5.0
Super built-up  Area,Yelahanka,1234.0,2.0,2.0,80.0,2.0,6482.982171799027,4.0
Super built-up  Area,Sarjapur  Road,1403.0,3.0,1.0,55.0,3.0,3920.1710620099784,6.0
Plot  Area,2nd Stage Nagarbhavi,3000.0,8.0,3.0,451.0,6.0,15033.333333333334,14.0
Super built-up  Area,Seegehalli,1150.0,2.0,2.0,42.9,3.0,3730.4347826086955,5.0
Built-up  Area,Hebbal,3900.0,4.0,2.0,410.0,4.0,10512.820512820514,8.0
Super built-up  Area,Kanakapura,929.0,2.0,1.0,46.0,2.0,4951.560818083961,4.0
Plot  Area,2nd Stage Nagarbhavi,2400.0,8.0,3.0,450.0,6.0,18750.0,14.0
Plot  Area,TC Palaya,1350.0,2.0,1.0,75.0,3.0,5555.555555555556,5.0
Super built-up  Area,Other,1135.0,2.0,1.0,39.73,2.0,3500.440528634361,4.0
Built-up  Area,Other,1405.0,2.0,2.0,70.0,2.0,4982.20640569395,4.0
Plot  Area,Whitefield,1200.0,2.0,1.0,45.84,2.0,3820.0,4.0
Super built-up  Area,Haralur Road,2805.0,4.0,3.0,154.0,4.0,5490.196078431372,8.0
Super built-up  Area,Yeshwanthpur,1161.0,2.0,2.0,64.08,2.0,5519.37984496124,4.0
Super built-up  Area,Kanakpura Road,1290.0,2.0,3.0,74.0,2.0,5736.434108527132,4.0
Super built-up  Area,Yeshwanthpur,2557.0,3.0,2.0,141.0,3.0,5514.274540477121,6.0
Built-up  Area,Other,1480.0,3.0,2.0,90.0,3.0,6081.081081081081,6.0
Super built-up  Area,Old Madras Road,1350.0,3.0,0.0,54.54,3.0,4040.0,6.0
Super built-up  Area,Kadugodi,1580.0,2.0,2.0,65.0,3.0,4113.9240506329115,5.0
Super built-up  Area,Banashankari,1470.0,2.0,1.0,88.64,3.0,6029.931972789115,5.0
Super built-up  Area,Ananth Nagar,500.0,1.0,1.0,14.0,1.0,2800.0,2.0
Super built-up  Area,Sarjapur  Road,1346.0,2.0,1.0,61.92,2.0,4600.297176820208,4.0
Super built-up  Area,Other,1600.0,3.0,3.0,90.0,3.0,5625.0,6.0
Super built-up  Area,Other,720.0,2.0,1.0,120.0,2.0,16666.666666666668,4.0
Plot  Area,Other,1200.0,4.0,0.0,135.0,4.0,11250.0,8.0
Super built-up  Area,Other,1200.0,2.0,2.0,35.0,2.0,2916.6666666666665,4.0
Built-up  Area,Channasandra,1340.0,2.0,2.0,48.33,3.0,3606.716417910448,5.0
Plot  Area,Devanahalli,6136.0,4.0,2.0,560.0,4.0,9126.466753585397,8.0
Super built-up  Area,Jigani,918.0,2.0,2.0,48.0,2.0,5228.75816993464,4.0
Plot  Area,Other,1500.0,3.0,2.0,115.0,3.0,7666.666666666667,6.0
Super built-up  Area,Yelahanka,1315.0,2.0,2.0,85.0,2.0,6463.878326996198,4.0
Plot  Area,Other,2400.0,5.0,2.0,775.0,4.0,32291.666666666668,9.0
Super built-up  Area,Uttarahalli,1390.0,2.0,2.0,62.55,3.0,4500.0,5.0
Super built-up  Area,Uttarahalli,1330.0,2.0,1.0,56.0,3.0,4210.526315789473,5.0
Built-up  Area,Jalahalli,3100.0,4.0,2.0,265.0,5.0,8548.387096774193,9.0
Super built-up  Area,Other,1824.0,3.0,3.0,125.0,3.0,6853.070175438596,6.0
Super built-up  Area,7th Phase JP Nagar,1420.0,2.0,2.0,96.0,3.0,6760.56338028169,5.0
Plot  Area,Other,750.0,1.0,0.0,56.25,1.0,7500.0,2.0
Super built-up  Area,Jalahalli East,1260.0,2.0,1.0,60.0,3.0,4761.9047619047615,5.0
Super built-up  Area,Hennur Road,1561.0,3.0,2.0,95.0,3.0,6085.842408712364,6.0
Super built-up  Area,Other,1060.0,2.0,2.0,42.0,2.0,3962.264150943396,4.0
Super built-up  Area,Haralur Road,1225.0,2.0,1.0,67.38,2.0,5500.408163265306,4.0
Super built-up  Area,Thanisandra,2144.0,3.0,2.0,135.0,3.0,6296.641791044776,6.0
Super built-up  Area,Electronic City,880.0,2.0,2.0,29.0,2.0,3295.4545454545455,4.0
Super built-up  Area,Hoodi,1639.0,3.0,2.0,110.0,3.0,6711.4093959731545,6.0
Built-up  Area,Thanisandra,1240.0,2.0,1.0,62.0,3.0,5000.0,5.0
Super built-up  Area,Kanakpura Road,1500.0,2.0,2.0,69.0,2.0,4600.0,4.0
Super built-up  Area,Haralur Road,1243.0,2.0,1.0,46.0,2.0,3700.7240547063557,4.0
Super built-up  Area,Marathahalli,1575.0,3.0,2.0,78.0,3.0,4952.380952380952,6.0
Super built-up  Area,Kambipura,1082.0,2.0,1.0,56.0,3.0,5175.6007393715345,5.0
Super built-up  Area,Konanakunte,1637.0,3.0,3.0,73.0,3.0,4459.376908979842,6.0
Super built-up  Area,Kanakpura Road,1665.0,3.0,2.0,86.58,3.0,5200.0,6.0
Super built-up  Area,Electronic City,1265.0,2.0,0.0,56.93,2.0,4500.395256916996,4.0
Super built-up  Area,Electronic City,1691.0,2.0,2.0,102.0,3.0,6031.933767001774,5.0
Super built-up  Area,Thanisandra,1100.0,2.0,1.0,38.0,2.0,3454.5454545454545,4.0
Plot  Area,Other,1500.0,3.0,2.0,62.0,3.0,4133.333333333333,6.0
Built-up  Area,Hosakerehalli,3205.0,5.0,1.0,380.0,4.0,11856.474258970358,9.0
Built-up  Area,Kammanahalli,1666.0,4.0,1.0,150.0,5.0,9003.60144057623,9.0
Super built-up  Area,Choodasandra,1115.0,2.0,2.0,50.0,2.0,4484.304932735426,4.0
Super built-up  Area,Mysore Road,1070.0,2.0,1.0,45.0,2.0,4205.607476635514,4.0
Super built-up  Area,Indira Nagar,1128.0,2.0,2.0,105.0,2.0,9308.510638297872,4.0
Super built-up  Area,Budigere,1162.0,2.0,1.0,57.0,2.0,4905.335628227194,4.0
Super built-up  Area,Other,1339.0,2.0,2.0,55.0,2.0,4107.542942494399,4.0
Super built-up  Area,Mahadevpura,1192.0,2.0,2.0,75.0,2.0,6291.946308724832,4.0
Super built-up  Area,Haralur Road,1920.0,3.0,1.0,115.0,3.0,5989.583333333333,6.0
Super built-up  Area,Hennur,1255.0,2.0,1.0,52.32,2.0,4168.924302788844,4.0
Super built-up  Area,Rajaji Nagar,1357.0,2.0,1.0,115.0,2.0,8474.57627118644,4.0
Super built-up  Area,Other,1600.0,3.0,2.0,75.0,3.0,4687.5,6.0
Super built-up  Area,Other,1225.0,2.0,2.0,55.11,2.0,4498.775510204082,4.0
Plot  Area,Whitefield,2400.0,4.0,3.0,200.0,4.0,8333.333333333334,8.0
Super built-up  Area,Kasturi Nagar,1570.0,3.0,3.0,80.0,3.0,5095.541401273886,6.0
Super built-up  Area,Thanisandra,1093.0,2.0,2.0,70.0,2.0,6404.391582799634,4.0
Built-up  Area,Basaveshwara Nagar,1865.0,3.0,3.0,145.0,3.0,7774.798927613941,6.0
Super built-up  Area,Kaikondrahalli,1039.0,2.0,2.0,80.0,2.0,7699.711260827719,4.0
Super built-up  Area,Whitefield,1985.0,3.0,2.0,75.0,3.0,3778.337531486146,6.0
Super built-up  Area,Hosakerehalli,1590.0,3.0,3.0,49.0,3.0,3081.761006289308,6.0
Plot  Area,Other,4000.0,4.0,2.0,675.0,4.0,16875.0,8.0
Super built-up  Area,Electronic City Phase II,775.0,2.0,2.0,38.0,2.0,4903.225806451613,4.0
Super built-up  Area,Other,1000.0,2.0,1.0,50.0,2.0,5000.0,4.0
Super built-up  Area,Hebbal Kempapura,1800.0,3.0,2.0,175.0,3.0,9722.222222222223,6.0
Super built-up  Area,Bommasandra,1035.0,2.0,1.0,41.0,2.0,3961.352657004831,4.0
Super built-up  Area,Dasarahalli,1520.0,2.0,1.0,75.0,3.0,4934.210526315789,5.0
Super built-up  Area,Whitefield,1360.0,2.0,1.0,95.0,2.0,6985.294117647059,4.0
Plot  Area,Other,6000.0,5.0,3.0,400.0,4.0,6666.666666666667,9.0
Super built-up  Area,Kodigehaali,1117.0,2.0,2.0,56.0,2.0,5013.428827215756,4.0
Plot  Area,KR Puram,1200.0,4.0,3.0,120.0,4.0,10000.0,8.0
Super built-up  Area,EPIP Zone,1330.0,2.0,1.0,92.5,2.0,6954.887218045113,4.0
Super built-up  Area,Marathahalli,1937.0,3.0,2.0,160.0,3.0,8260.196179659268,6.0
Super built-up  Area,Electronic City,1128.0,2.0,1.0,65.49,2.0,5805.851063829787,4.0
Super built-up  Area,Neeladri Nagar,1053.0,2.0,1.0,45.0,2.0,4273.504273504273,4.0
Super built-up  Area,Panathur,1198.0,2.0,1.0,77.0,2.0,6427.378964941569,4.0
Super built-up  Area,Marathahalli,1152.0,2.0,1.0,56.0,2.0,4861.111111111111,4.0
Super built-up  Area,Frazer Town,1625.0,2.0,1.0,75.0,2.0,4615.384615384615,4.0
Super built-up  Area,Kundalahalli,1397.0,3.0,3.0,105.0,3.0,7516.1059413027915,6.0
Super built-up  Area,Yeshwanthpur,1523.0,3.0,3.0,170.0,3.0,11162.179908076165,6.0
Super built-up  Area,Kambipura,883.0,2.0,1.0,45.0,2.0,5096.262740656852,4.0
Super built-up  Area,Kaggalipura,700.0,1.0,0.0,38.0,1.0,5428.571428571428,2.0
Super built-up  Area,Yelahanka,1170.0,2.0,1.0,62.5,2.0,5341.880341880342,4.0
Super built-up  Area,Kanakpura Road,1200.0,2.0,2.0,42.0,3.0,3500.0,5.0
Built-up  Area,Other,2400.0,3.0,2.0,170.0,3.0,7083.333333333333,6.0
Super built-up  Area,Other,1480.0,2.0,2.0,65.0,2.0,4391.891891891892,4.0
Super built-up  Area,Akshaya Nagar,1897.0,3.0,2.0,120.0,3.0,6325.77754348972,6.0
Super built-up  Area,Rachenahalli,996.0,2.0,1.0,67.0,2.0,6726.907630522089,4.0
Super built-up  Area,Haralur Road,1875.0,3.0,2.0,110.0,3.0,5866.666666666667,6.0
Super built-up  Area,Other,1500.0,2.0,2.0,98.0,3.0,6533.333333333333,5.0
Super built-up  Area,Other,3095.0,3.0,3.0,350.0,3.0,11308.562197092084,6.0
Super built-up  Area,Ambalipura,1390.0,2.0,1.0,175.0,3.0,12589.928057553956,5.0
Super built-up  Area,Yelahanka,1450.0,3.0,0.0,65.255,3.0,4500.3448275862065,6.0
Super built-up  Area,Yelahanka,697.0,1.0,0.0,45.0,1.0,6456.241032998565,2.0
Built-up  Area,Sarjapur  Road,710.0,1.0,1.0,27.0,1.0,3802.8169014084506,2.0
Carpet  Area,Other,910.0,2.0,1.0,30.5,2.0,3351.6483516483518,4.0
Built-up  Area,Sompura,1025.0,2.0,1.0,48.0,3.0,4682.926829268293,5.0
Super built-up  Area,Magadi Road,1000.0,2.0,0.0,46.5,2.0,4650.0,4.0
Plot  Area,Harlur,1200.0,4.0,2.0,244.0,4.0,20333.333333333332,8.0
Super built-up  Area,Horamavu Agara,1453.0,2.0,1.0,46.48,3.0,3198.8988300068822,5.0
Super built-up  Area,Sarjapur  Road,3335.0,5.0,2.0,300.0,4.0,8995.502248875562,9.0
Super built-up  Area,Thanisandra,971.5,2.0,0.0,36.435,2.0,3750.386001029336,4.0
Super built-up  Area,Bellandur,1281.0,2.0,1.0,74.0,2.0,5776.736924277908,4.0
Built-up  Area,Cooke Town,565.0,1.0,1.0,35.0,1.0,6194.690265486725,2.0
Built-up  Area,Varthur,1024.0,2.0,2.0,42.0,2.0,4101.5625,4.0
Built-up  Area,Electronic City,1620.0,3.0,2.0,62.0,3.0,3827.1604938271603,6.0
Super built-up  Area,Whitefield,1254.0,2.0,2.0,40.0,2.0,3189.792663476874,4.0
Built-up  Area,Banashankari,1300.0,2.0,2.0,75.0,3.0,5769.2307692307695,5.0
Built-up  Area,Doddakallasandra,1233.0,2.0,2.0,43.0,2.0,3487.42903487429,4.0
Plot  Area,Other,1200.0,1.0,1.0,28.0,1.0,2333.3333333333335,2.0
Super built-up  Area,Hosur Road,1510.0,2.0,1.0,105.0,3.0,6953.64238410596,5.0
Super built-up  Area,Kaggalipura,950.0,2.0,1.0,65.0,2.0,6842.105263157895,4.0
Super built-up  Area,Battarahalli,1945.0,3.0,2.0,97.42,3.0,5008.740359897172,6.0
Super built-up  Area,Uttarahalli,1008.0,2.0,3.0,45.0,2.0,4464.285714285715,4.0
Super built-up  Area,Thanisandra,1265.0,2.0,1.0,79.0,3.0,6245.059288537549,5.0
Super built-up  Area,Hebbal,1255.0,2.0,1.0,77.68,3.0,6189.641434262949,5.0
Built-up  Area,Kanakpura Road,2689.0,6.0,2.0,220.0,4.0,8181.480104127929,10.0
Built-up  Area,Yelenahalli,1200.0,2.0,2.0,46.17,2.0,3847.5,4.0
Super built-up  Area,Sarjapur  Road,1403.0,3.0,3.0,51.63,3.0,3679.9714896650034,6.0
Super built-up  Area,Kudlu Gate,1535.0,3.0,2.0,85.0,3.0,5537.459283387622,6.0
Plot  Area,Other,1500.0,3.0,3.0,100.0,3.0,6666.666666666667,6.0
Super built-up  Area,Chamrajpet,1475.0,2.0,2.0,120.0,3.0,8135.593220338983,5.0
Super built-up  Area,Uttarahalli,1390.0,2.0,2.0,60.47,3.0,4350.359712230216,5.0
Super built-up  Area,Raja Rajeshwari Nagar,1278.0,2.0,1.0,53.76,3.0,4206.572769953052,5.0
Super built-up  Area,Other,1133.0,2.0,2.0,55.0,2.0,4854.368932038835,4.0
Plot  Area,Other,1560.0,5.0,1.0,145.0,5.0,9294.871794871795,10.0
Plot  Area,Other,2900.0,5.0,2.0,90.0,5.0,3103.448275862069,10.0
Super built-up  Area,Kogilu,1170.0,2.0,1.0,51.99,2.0,4443.589743589743,4.0
Plot  Area,Sahakara Nagar,1200.0,3.0,3.0,200.0,3.0,16666.666666666668,6.0
Super built-up  Area,Whitefield,1697.0,3.0,2.0,94.79,3.0,5585.739540365351,6.0
Super built-up  Area,Thanisandra,1651.0,3.0,3.0,97.38,3.0,5898.24348879467,6.0
Super built-up  Area,Other,1560.0,3.0,1.0,188.0,3.0,12051.28205128205,6.0
Super built-up  Area,Hennur Road,1192.0,2.0,1.0,60.0,3.0,5033.557046979866,5.0
Built-up  Area,OMBR Layout,1078.0,2.0,3.0,65.0,2.0,6029.684601113173,4.0
Super built-up  Area,Kasavanhalli,1349.0,2.0,2.0,78.0,2.0,5782.060785767235,4.0
Super built-up  Area,7th Phase JP Nagar,1680.0,3.0,2.0,120.0,3.0,7142.857142857143,6.0
Super built-up  Area,Rayasandra,1314.0,2.0,2.0,63.0,3.0,4794.520547945205,5.0
Super built-up  Area,Garudachar Palya,1060.0,2.0,1.0,48.7,2.0,4594.33962264151,4.0
Built-up  Area,Kalyan nagar,820.0,2.0,0.0,39.0,2.0,4756.09756097561,4.0
Plot  Area,Whitefield,5000.0,4.0,3.0,400.0,4.0,8000.0,8.0
Super built-up  Area,Other,2000.0,3.0,2.0,85.0,3.0,4250.0,6.0
Super built-up  Area,Other,856.0,2.0,3.0,40.0,2.0,4672.897196261682,4.0
Super built-up  Area,Rajaji Nagar,1621.0,4.0,0.0,130.0,3.0,8019.740900678594,7.0
Plot  Area,ITPL,1200.0,3.0,1.0,68.4,3.0,5700.000000000001,6.0
Super built-up  Area,Bannerghatta Road,1484.0,3.0,2.0,52.5,3.0,3537.735849056604,6.0
Plot  Area,Other,14000.0,3.0,2.0,800.0,4.0,5714.285714285715,7.0
Super built-up  Area,Yelahanka New Town,500.0,1.0,1.0,20.0,1.0,4000.0,2.0
Super built-up  Area,Other,485.0,1.0,1.0,15.0,1.0,3092.783505154639,2.0
Super built-up  Area,7th Phase JP Nagar,1050.0,2.0,1.0,42.0,2.0,4000.0,4.0
Super built-up  Area,Uttarahalli,1617.0,3.0,3.0,66.68,3.0,4123.685837971553,6.0
Built-up  Area,Other,1384.0,3.0,2.0,62.28,3.0,4500.0,6.0
Super built-up  Area,Devanahalli,1408.0,2.0,2.0,85.0,2.0,6036.931818181818,4.0
Built-up  Area,Uttarahalli,1150.0,2.0,1.0,49.0,2.0,4260.869565217391,4.0
Super built-up  Area,Akshaya Nagar,1410.0,2.0,2.0,75.0,3.0,5319.148936170212,5.0
Built-up  Area,Kaggadasapura,2150.0,4.0,1.0,100.0,4.0,4651.162790697675,8.0
Super built-up  Area,Koramangala,2292.0,4.0,1.0,275.0,3.0,11998.25479930192,7.0
Built-up  Area,Malleshwaram,2006.0,3.0,2.0,297.0,3.0,14805.583250249252,6.0
Built-up  Area,Other,1508.0,3.0,2.0,70.25,3.0,4658.488063660478,6.0
Built-up  Area,Ramamurthy Nagar,1040.0,2.0,2.0,50.0,2.0,4807.692307692308,4.0
Plot  Area,TC Palaya,1240.0,2.0,1.0,60.0,2.0,4838.709677419355,4.0
Super built-up  Area,Kudlu Gate,1535.0,3.0,1.0,78.0,3.0,5081.4332247557,6.0
Built-up  Area,Lakshminarayana Pura,1180.0,2.0,2.0,75.0,2.0,6355.932203389831,4.0
Built-up  Area,Abbigere,2200.0,6.0,2.0,68.0,6.0,3090.909090909091,12.0
Super built-up  Area,Bannerghatta Road,1400.0,2.0,2.0,78.0,2.0,5571.428571428572,4.0
Super built-up  Area,Raja Rajeshwari Nagar,500.0,1.0,1.0,25.0,1.0,5000.0,2.0
Plot  Area,Whitefield,4800.0,4.0,3.0,525.0,4.0,10937.5,8.0
Super built-up  Area,Sarjapur  Road,1984.0,4.0,1.0,146.0,3.0,7358.870967741936,7.0
Plot  Area,Whitefield,3000.0,5.0,3.0,250.0,4.0,8333.333333333334,9.0
Super built-up  Area,Garudachar Palya,1960.0,3.0,3.0,160.0,3.0,8163.265306122449,6.0
Super built-up  Area,Sarjapur  Road,1035.0,2.0,1.0,45.0,2.0,4347.826086956522,4.0
Built-up  Area,Other,2150.0,4.0,1.0,80.0,4.0,3720.9302325581393,8.0
Built-up  Area,Whitefield,1700.0,3.0,2.0,115.0,3.0,6764.705882352941,6.0
Super built-up  Area,Hosakerehalli,3024.0,5.0,1.0,248.0,4.0,8201.0582010582,9.0
Super built-up  Area,Tumkur Road,1586.0,3.0,1.0,100.0,3.0,6305.170239596469,6.0
Plot  Area,Chikka Tirupathi,2325.0,4.0,1.0,120.0,4.0,5161.290322580645,8.0
Super built-up  Area,Yelahanka,1120.0,2.0,2.0,55.0,2.0,4910.714285714285,4.0
Super built-up  Area,Sarjapur  Road,1128.0,2.0,2.0,59.0,2.0,5230.49645390071,4.0
Super built-up  Area,Jigani,924.0,2.0,2.0,65.0,2.0,7034.632034632034,4.0
Super built-up  Area,Other,1600.0,3.0,2.0,52.0,3.0,3250.0,6.0
Super built-up  Area,Pai Layout,1006.0,2.0,2.0,35.0,2.0,3479.1252485089462,4.0
Super built-up  Area,Amruthahalli,1200.0,2.0,2.0,55.0,2.0,4583.333333333333,4.0
Super built-up  Area,Other,1250.0,2.0,1.0,62.0,2.0,4960.0,4.0
Plot  Area,Other,1200.0,3.0,1.0,130.0,3.0,10833.333333333334,6.0
Built-up  Area,Kannamangala,957.0,2.0,1.0,56.0,2.0,5851.619644723093,4.0
Super built-up  Area,Whitefield,1140.0,2.0,2.0,41.0,2.0,3596.4912280701756,4.0
Super built-up  Area,Other,1050.0,2.0,1.0,67.0,2.0,6380.952380952381,4.0
Super built-up  Area,Kasturi Nagar,1565.0,3.0,2.0,88.5,3.0,5654.952076677317,6.0
Super built-up  Area,Whitefield,1190.0,2.0,3.0,57.0,2.0,4789.915966386555,4.0
Built-up  Area,Whitefield,2842.0,3.0,2.0,162.0,3.0,5700.2111189303305,6.0
Built-up  Area,Kanakpura Road,1558.67,2.0,2.0,65.0,3.0,4170.222048284755,5.0
Super built-up  Area,Electronics City Phase 1,630.0,1.0,1.0,39.0,1.0,6190.476190476191,2.0
Super built-up  Area,Whitefield,1403.0,2.0,2.0,60.81,3.0,4334.283677833215,5.0
Super built-up  Area,Kanakpura Road,1542.0,2.0,3.0,85.0,3.0,5512.321660181582,5.0
Built-up  Area,Haralur Road,2750.0,4.0,0.0,220.0,4.0,8000.0,8.0
Super built-up  Area,Iblur Village,3596.0,5.0,1.0,290.0,4.0,8064.5161290322585,9.0
Super built-up  Area,Kengeri Satellite Town,1635.0,2.0,2.0,78.0,3.0,4770.642201834862,5.0
Super built-up  Area,Mysore Road,1239.0,2.0,1.0,53.0,2.0,4277.643260694108,4.0
Super built-up  Area,Other,1596.0,3.0,1.0,105.0,3.0,6578.9473684210525,6.0
Super built-up  Area,Channasandra,1009.0,2.0,1.0,38.34,2.0,3799.8017839445,4.0
Super built-up  Area,Hosa Road,1726.0,3.0,2.0,81.99,3.0,4750.289687137891,6.0
Super built-up  Area,Kudlu Gate,1535.0,3.0,2.0,86.0,3.0,5602.605863192182,6.0
Super built-up  Area,Banashankari Stage V,1300.0,2.0,1.0,58.5,3.0,4500.0,5.0
Plot  Area,Whitefield,3100.0,4.0,2.0,465.0,4.0,15000.0,8.0
Super built-up  Area,Other,1800.0,3.0,3.0,80.0,3.0,4444.444444444444,6.0
Super built-up  Area,Binny Pete,665.0,1.0,0.0,50.75,1.0,7631.578947368421,2.0
Plot  Area,Chamrajpet,4050.0,7.0,1.0,1200.0,9.0,29629.62962962963,16.0
Plot  Area,TC Palaya,1500.0,2.0,1.0,100.0,3.0,6666.666666666667,5.0
Built-up  Area,Other,925.0,2.0,2.0,48.0,2.0,5189.189189189189,4.0
Super built-up  Area,Old Airport Road,3356.0,4.0,2.0,251.0,4.0,7479.141835518474,8.0
Super built-up  Area,Other,1395.0,2.0,1.0,63.59,2.0,4558.4229390681,4.0
Super built-up  Area,Sonnenahalli,1415.0,2.0,1.0,55.0,3.0,3886.9257950530036,5.0
Super built-up  Area,Begur,1419.0,2.0,2.0,59.0,3.0,4157.85764622974,5.0
Super built-up  Area,Kasavanhalli,1121.0,2.0,2.0,78.0,2.0,6958.07314897413,4.0
Super built-up  Area,Kambipura,1082.0,2.0,1.0,45.0,3.0,4158.964879852126,5.0
Super built-up  Area,KR Puram,1100.0,2.0,1.0,47.0,2.0,4272.727272727273,4.0
Super built-up  Area,Hoodi,1606.0,3.0,3.0,89.55,3.0,5575.965130759651,6.0
Built-up  Area,Billekahalli,1650.0,3.0,2.0,88.0,3.0,5333.333333333333,6.0
Super built-up  Area,Other,4634.0,4.0,3.0,1015.0,3.0,21903.32326283988,7.0
Super built-up  Area,Old Airport Road,1206.0,2.0,3.0,75.0,2.0,6218.905472636816,4.0
Built-up  Area,Sarjapur  Road,1495.0,2.0,0.0,64.0,3.0,4280.936454849499,5.0
Super built-up  Area,Electronic City,710.0,2.0,2.0,16.0,2.0,2253.521126760563,4.0
Super built-up  Area,Balagere,1210.0,2.0,1.0,72.0,2.0,5950.413223140496,4.0
Super built-up  Area,Nagarbhavi,1523.0,2.0,2.0,53.4,3.0,3506.2376887721603,5.0
Super built-up  Area,Whitefield,1232.0,2.0,2.0,45.0,2.0,3652.5974025974024,4.0
Super built-up  Area,Rachenahalli,680.0,1.0,1.0,44.0,1.0,6470.588235294118,2.0
Super built-up  Area,Hebbal,1355.0,3.0,1.0,83.87,3.0,6189.667896678967,6.0
Super built-up  Area,Thanisandra,1430.0,2.0,2.0,51.46,3.0,3598.6013986013986,5.0
Super built-up  Area,Kothannur,1275.0,2.0,2.0,43.85,3.0,3439.2156862745096,5.0
Super built-up  Area,Electronic City,1070.0,2.0,1.0,56.1,2.0,5242.990654205608,4.0
Plot  Area,Other,1200.0,3.0,1.0,85.0,3.0,7083.333333333333,6.0
Plot  Area,Electronic City,2000.0,4.0,0.0,120.0,4.0,6000.0,8.0
Super built-up  Area,Bommanahalli,1200.0,2.0,2.0,40.0,2.0,3333.3333333333335,4.0
Super built-up  Area,Marathahalli,1610.0,3.0,1.0,90.0,3.0,5590.062111801242,6.0
Super built-up  Area,Haralur Road,1140.0,2.0,2.0,43.0,2.0,3771.9298245614036,4.0
Super built-up  Area,Raja Rajeshwari Nagar,1143.0,2.0,2.0,38.65,2.0,3381.4523184601926,4.0
Super built-up  Area,Jakkur,3467.86,6.0,3.0,249.0,4.0,7180.220654813054,10.0
Super built-up  Area,Rachenahalli,1530.0,2.0,2.0,74.4,3.0,4862.745098039216,5.0
Super built-up  Area,7th Phase JP Nagar,980.0,2.0,2.0,69.0,2.0,7040.816326530612,4.0
Super built-up  Area,Whitefield,1485.0,3.0,2.0,65.0,3.0,4377.104377104377,6.0
Plot  Area,Whitefield,1500.0,3.0,1.0,130.0,3.0,8666.666666666666,6.0
Super built-up  Area,Whitefield,1280.0,2.0,1.0,75.0,2.0,5859.375,4.0
Super built-up  Area,Thanisandra,1265.0,2.0,2.0,85.0,2.0,6719.367588932806,4.0
Built-up  Area,Other,1132.0,2.0,1.0,67.0,2.0,5918.727915194347,4.0
Super built-up  Area,Other,1262.0,2.0,2.0,63.0,2.0,4992.076069730587,4.0
Super built-up  Area,JP Nagar,940.0,2.0,1.0,49.0,2.0,5212.765957446809,4.0
Super built-up  Area,Other,1515.0,3.0,3.0,88.0,3.0,5808.580858085808,6.0
Super built-up  Area,Jigani,1300.0,3.0,3.0,150.0,3.0,11538.461538461539,6.0
Built-up  Area,Kothanur,1840.0,3.0,1.0,69.0,3.0,3750.0,6.0
Built-up  Area,Electronic City,890.0,2.0,2.0,45.0,2.0,5056.179775280899,4.0
Super built-up  Area,Other,1655.0,3.0,2.0,86.06,3.0,5200.0,6.0
Super built-up  Area,Hennur Road,2060.0,3.0,1.0,149.0,3.0,7233.0097087378645,6.0
Super built-up  Area,Bommanahalli,1730.0,3.0,1.0,96.0,3.0,5549.132947976878,6.0
Built-up  Area,Yelahanka,2195.0,4.0,2.0,127.0,3.0,5785.876993166287,7.0
Super built-up  Area,Kathriguppe,1650.0,3.0,2.0,125.0,3.0,7575.757575757576,6.0
Plot  Area,KR Puram,1200.0,2.0,0.0,71.0,2.0,5916.666666666667,4.0
Super built-up  Area,Hosa Road,1079.0,2.0,1.0,32.37,2.0,2999.9999999999995,4.0
Super built-up  Area,Panathur,1085.0,2.0,1.0,36.0,2.0,3317.9723502304146,4.0
Built-up  Area,Other,5000.0,7.0,2.0,299.0,7.0,5980.0,14.0
Super built-up  Area,Yelahanka,1075.0,2.0,1.0,51.5,2.0,4790.697674418605,4.0
Super built-up  Area,Other,1380.0,2.0,1.0,80.0,2.0,5797.101449275362,4.0
Super built-up  Area,Other,1450.0,3.0,1.0,65.0,3.0,4482.758620689655,6.0
Super built-up  Area,Thubarahalli,1200.0,2.0,2.0,78.0,2.0,6500.0,4.0
Super built-up  Area,Benson Town,3200.0,4.0,2.0,350.0,3.0,10937.5,7.0
Super built-up  Area,Hoodi,1639.0,3.0,1.0,98.32,3.0,5998.779743746187,6.0
Super built-up  Area,Other,1200.0,2.0,1.0,54.0,2.0,4500.0,4.0
Super built-up  Area,Vijayanagar,1739.0,3.0,1.0,116.0,3.0,6670.500287521564,6.0
Built-up  Area,Other,4346.0,5.0,2.0,500.0,4.0,11504.83202945237,9.0
Super built-up  Area,Old Madras Road,935.0,2.0,1.0,32.72,2.0,3499.4652406417113,4.0
Super built-up  Area,Thanisandra,510.0,1.0,1.0,25.25,1.0,4950.980392156863,2.0
Super built-up  Area,Other,1178.0,2.0,3.0,47.0,2.0,3989.8132427843802,4.0
Built-up  Area,Chikkalasandra,1375.0,2.0,1.0,50.0,3.0,3636.3636363636365,5.0
Super built-up  Area,Chandapura,1065.0,2.0,1.0,33.0,3.0,3098.5915492957747,5.0
Super built-up  Area,Other,1450.0,2.0,1.0,50.75,3.0,3500.0,5.0
Built-up  Area,Other,999.0,2.0,3.0,45.0,2.0,4504.504504504504,4.0
Super built-up  Area,Amruthahalli,4400.0,3.0,2.0,475.0,2.0,10795.454545454546,5.0
Built-up  Area,Kothannur,1100.0,2.0,2.0,40.0,2.0,3636.3636363636365,4.0
Super built-up  Area,Koramangala,1835.0,2.0,3.0,155.0,3.0,8446.866485013625,5.0
Super built-up  Area,Hoodi,2090.0,4.0,0.0,95.1,4.0,4550.239234449761,8.0
Super built-up  Area,Lingadheeranahalli,1519.0,3.0,1.0,93.0,3.0,6122.448979591837,6.0
Built-up  Area,Dommasandra,1267.0,3.0,2.0,56.0,3.0,4419.889502762431,6.0
Super built-up  Area,Sanjay nagar,1150.0,2.0,3.0,72.2,2.0,6278.260869565217,4.0
Super built-up  Area,Marathahalli,1146.0,2.0,1.0,70.0,2.0,6108.202443280978,4.0
Built-up  Area,Kannamangala,1550.0,3.0,3.0,65.0,3.0,4193.548387096775,6.0
Built-up  Area,Chandapura,850.0,1.0,1.0,18.5,2.0,2176.470588235294,3.0
Super built-up  Area,Other,2200.0,3.0,2.0,187.0,3.0,8500.0,6.0
Built-up  Area,Other,3329.0,3.0,2.0,330.0,3.0,9912.886752778611,6.0
Carpet  Area,Electronics City Phase 1,785.0,1.0,1.0,55.0,1.0,7006.369426751592,2.0
Super built-up  Area,Hebbal Kempapura,2900.0,4.0,2.0,300.0,3.0,10344.827586206897,7.0
Built-up  Area,Raja Rajeshwari Nagar,1610.0,3.0,2.0,74.0,3.0,4596.273291925466,6.0
Super built-up  Area,Bellandur,921.0,2.0,2.0,40.0,2.0,4343.105320304017,4.0
Built-up  Area,Bannerghatta Road,2700.0,5.0,0.0,158.0,5.0,5851.851851851852,10.0
Super built-up  Area,Sarjapur  Road,1700.0,3.0,3.0,110.0,3.0,6470.588235294118,6.0
Built-up  Area,Sarjapur,1020.0,2.0,2.0,35.0,2.0,3431.372549019608,4.0
Super built-up  Area,Billekahalli,1090.0,2.0,3.0,52.0,2.0,4770.642201834862,4.0
Plot  Area,Other,3600.0,4.0,2.0,300.0,4.0,8333.333333333334,8.0
Super built-up  Area,Thanisandra,1185.0,2.0,2.0,42.1,2.0,3552.7426160337554,4.0
Super built-up  Area,Doddathoguru,850.0,2.0,1.0,25.0,2.0,2941.176470588235,4.0
Built-up  Area,Harlur,1197.0,2.0,1.0,84.0,2.0,7017.543859649123,4.0
Super built-up  Area,Other,3500.0,3.0,3.0,450.0,4.0,12857.142857142857,7.0
Super built-up  Area,Poorna Pragna Layout,920.0,2.0,2.0,39.55,2.0,4298.91304347826,4.0
Super built-up  Area,Raja Rajeshwari Nagar,1105.0,2.0,1.0,65.0,2.0,5882.35294117647,4.0
Super built-up  Area,Yeshwanthpur,1850.0,3.0,3.0,100.0,3.0,5405.405405405405,6.0
Super built-up  Area,Judicial Layout,1300.0,3.0,1.0,64.0,3.0,4923.076923076923,6.0
Built-up  Area,Other,1595.0,3.0,2.0,76.0,3.0,4764.8902821316615,6.0
Super built-up  Area,Kodihalli,3073.0,5.0,2.0,696.0,4.0,22648.87731858119,9.0
Built-up  Area,Horamavu Agara,755.0,2.0,1.0,37.49,2.0,4965.562913907284,4.0
Built-up  Area,Nagasandra,4050.0,5.0,2.0,140.0,5.0,3456.7901234567903,10.0
Super built-up  Area,Kanakpura Road,1300.0,2.0,3.0,69.0,3.0,5307.692307692308,5.0
Built-up  Area,Bannerghatta Road,1215.0,2.0,0.0,50.0,2.0,4115.22633744856,4.0
Super built-up  Area,Kanakpura Road,900.0,2.0,1.0,46.0,2.0,5111.111111111111,4.0
Super built-up  Area,Banashankari Stage III,1145.0,2.0,3.0,58.4,2.0,5100.436681222707,4.0
Super built-up  Area,Other,1093.0,2.0,2.0,65.0,2.0,5946.935041171088,4.0
Super built-up  Area,Babusapalaya,1213.0,2.0,2.0,41.39,3.0,3412.201154163232,5.0
Super built-up  Area,Bannerghatta Road,1654.0,3.0,2.0,100.0,3.0,6045.949214026602,6.0
Super built-up  Area,NGR Layout,1105.0,2.0,1.0,52.48,2.0,4749.321266968326,4.0
Super built-up  Area,Babusapalaya,1611.0,2.0,2.0,66.0,3.0,4096.83426443203,5.0
Built-up  Area,Other,1367.0,2.0,2.0,62.0,2.0,4535.479151426482,4.0
Super built-up  Area,Devanahalli,1010.0,2.0,1.0,51.0,2.0,5049.504950495049,4.0
Carpet  Area,Other,1535.0,3.0,1.0,95.0,3.0,6188.9250814332245,6.0
Super built-up  Area,Anekal,620.0,2.0,1.0,22.0,2.0,3548.3870967741937,4.0
Built-up  Area,Horamavu Agara,982.0,2.0,1.0,47.65,2.0,4852.34215885947,4.0
Super built-up  Area,Banashankari Stage II,1700.0,2.0,2.0,150.0,2.0,8823.529411764706,4.0
Super built-up  Area,Whitefield,1330.0,2.0,1.0,71.0,2.0,5338.345864661655,4.0
Built-up  Area,JP Nagar,2500.0,3.0,2.0,135.0,3.0,5400.0,6.0
Super built-up  Area,Poorna Pragna Layout,1475.0,2.0,2.0,58.99,3.0,3999.322033898305,5.0
Super built-up  Area,Bhoganhalli,1410.0,3.0,1.0,65.0,3.0,4609.929078014185,6.0
Super built-up  Area,Yelahanka New Town,440.0,1.0,1.0,16.5,1.0,3750.0,2.0
Super built-up  Area,Yelahanka,1614.0,3.0,2.0,95.0,3.0,5885.9975216852545,6.0
Super built-up  Area,Neeladri Nagar,1363.0,2.0,2.0,68.0,2.0,4988.994864269993,4.0
Built-up  Area,Kogilu,650.0,2.0,0.0,28.0,2.0,4307.692307692308,4.0
Super built-up  Area,Other,1015.0,2.0,1.0,45.0,2.0,4433.4975369458125,4.0
Super built-up  Area,Horamavu Banaswadi,1156.0,2.0,2.0,46.0,2.0,3979.2387543252594,4.0
Super built-up  Area,Other,1100.0,2.0,1.0,62.7,2.0,5700.0,4.0
Super built-up  Area,KR Puram,1455.0,3.0,2.0,46.0,3.0,3161.512027491409,6.0
Super built-up  Area,Other,930.0,2.0,1.0,45.0,2.0,4838.709677419355,4.0
Built-up  Area,Other,1650.0,2.0,2.0,80.0,3.0,4848.484848484848,5.0
Built-up  Area,KR Puram,1200.0,2.0,0.0,90.0,2.0,7500.0,4.0
Plot  Area,Other,700.0,1.0,0.0,150.0,1.0,21428.571428571428,2.0
Super built-up  Area,Karuna Nagar,2900.0,3.0,2.0,135.0,4.0,4655.172413793103,7.0
Super built-up  Area,Kadugodi,1890.0,4.0,3.0,127.0,3.0,6719.576719576719,7.0
Super built-up  Area,Other,2197.0,4.0,3.0,280.0,3.0,12744.651797906236,7.0
Super built-up  Area,Hebbal Kempapura,3522.0,3.0,2.0,380.0,3.0,10789.324247586599,6.0
Super built-up  Area,Other,1240.0,2.0,2.0,46.0,3.0,3709.6774193548385,5.0
Built-up  Area,HRBR Layout,1440.0,2.0,2.0,98.0,2.0,6805.555555555556,4.0
Super built-up  Area,Kodichikkanahalli,650.0,1.0,2.0,38.0,1.0,5846.153846153846,2.0
Super built-up  Area,Budigere,764.0,1.0,1.0,32.0,1.0,4188.48167539267,2.0
Built-up  Area,Hoodi,1445.0,3.0,2.0,65.0,3.0,4498.269896193771,6.0
Super built-up  Area,Kanakpura Road,900.0,1.0,0.0,45.0,2.0,5000.0,3.0
Super built-up  Area,Singasandra,1030.0,2.0,2.0,55.0,2.0,5339.805825242718,4.0
Super built-up  Area,Yelahanka,1381.0,2.0,2.0,52.48,3.0,3800.1448225923245,5.0
Built-up  Area,Other,1100.0,2.0,1.0,60.0,2.0,5454.545454545455,4.0
Super built-up  Area,Hoodi,1575.0,3.0,2.0,66.39,3.0,4215.238095238095,6.0
Plot  Area,Thigalarapalya,1200.0,2.0,1.0,65.0,2.0,5416.666666666667,4.0
Super built-up  Area,Begur Road,1200.0,2.0,2.0,43.2,2.0,3600.0,4.0
Super built-up  Area,Kasturi Nagar,1080.0,2.0,2.0,80.0,2.0,7407.407407407408,4.0
Plot  Area,Hebbal Kempapura,2280.0,5.0,2.0,200.0,5.0,8771.929824561403,10.0
Super built-up  Area,Akshaya Nagar,1360.0,2.0,2.0,85.0,3.0,6250.0,5.0
Super built-up  Area,Jakkur,1865.0,3.0,1.0,124.0,3.0,6648.793565683646,6.0
Super built-up  Area,Sarjapur  Road,1157.0,2.0,1.0,75.0,3.0,6482.281763180639,5.0
Super built-up  Area,Kammasandra,674.0,2.0,1.0,29.0,2.0,4302.670623145401,4.0
Super built-up  Area,Whitefield,1405.0,2.0,1.0,78.0,3.0,5551.601423487545,5.0
Super built-up  Area,Begur Road,1160.0,2.0,2.0,44.08,2.0,3800.0,4.0
Plot  Area,Other,1600.0,3.0,1.0,172.0,4.0,10750.0,7.0
Super built-up  Area,Hebbal,1790.0,3.0,2.0,127.0,3.0,7094.972067039106,6.0
Super built-up  Area,Electronic City,1128.0,2.0,1.0,65.65,2.0,5820.035460992909,4.0
Super built-up  Area,Panathur,1180.0,2.0,1.0,70.0,2.0,5932.203389830508,4.0
Built-up  Area,Other,1450.0,2.0,2.0,85.0,3.0,5862.068965517241,5.0
Built-up  Area,Kengeri,340.0,1.0,1.0,10.0,1.0,2941.176470588235,2.0
Built-up  Area,Other,2000.0,3.0,1.0,166.0,4.0,8300.0,7.0
Super built-up  Area,Rachenahalli,1050.0,2.0,2.0,53.5,2.0,5095.238095238095,4.0
Super built-up  Area,Varthur,1125.0,2.0,2.0,40.0,2.0,3555.5555555555557,4.0
Super built-up  Area,Vittasandra,1246.0,2.0,1.0,68.0,2.0,5457.463884430176,4.0
Super built-up  Area,HSR Layout,1372.0,2.0,1.0,61.0,2.0,4446.064139941691,4.0
Super built-up  Area,Binny Pete,2465.0,5.0,2.0,234.0,3.0,9492.90060851927,8.0
Super built-up  Area,Dasarahalli,1300.0,2.0,3.0,55.0,2.0,4230.7692307692305,4.0
Plot  Area,Other,1420.0,1.0,0.0,220.0,2.0,15492.957746478873,3.0
Super built-up  Area,Channasandra,1065.0,2.0,1.0,35.0,2.0,3286.3849765258215,4.0
Built-up  Area,Other,700.0,2.0,0.0,27.0,2.0,3857.1428571428573,4.0
Carpet  Area,Hebbal,687.325,2.0,0.0,42.72,2.0,6215.40028370858,4.0
Super built-up  Area,Other,1050.0,2.0,1.0,45.0,2.0,4285.714285714285,4.0
Super built-up  Area,Other,1250.0,3.0,3.0,39.5,3.0,3160.0,6.0
Built-up  Area,Electronic City,865.0,2.0,0.0,42.0,2.0,4855.491329479769,4.0
Super built-up  Area,Uttarahalli,1200.0,2.0,2.0,44.0,2.0,3666.6666666666665,4.0
Built-up  Area,Other,1756.0,3.0,3.0,100.0,3.0,5694.760820045558,6.0
Super built-up  Area,Yelahanka,628.0,1.0,1.0,24.0,1.0,3821.6560509554142,2.0
Super built-up  Area,5th Phase JP Nagar,1207.0,2.0,2.0,63.0,2.0,5219.552609776305,4.0
Super built-up  Area,Kalena Agrahara,1765.0,3.0,1.0,125.0,3.0,7082.152974504249,6.0
Built-up  Area,Electronic City,1130.0,2.0,1.0,32.64,2.0,2888.495575221239,4.0
Super built-up  Area,Other,1532.0,3.0,3.0,92.0,3.0,6005.221932114882,6.0
Built-up  Area,Other,1650.0,3.0,0.0,110.0,3.0,6666.666666666667,6.0
Built-up  Area,Horamavu Banaswadi,1200.0,4.0,2.0,105.0,4.0,8750.0,8.0
Carpet  Area,Bhoganhalli,804.1,2.0,1.0,69.09,2.0,8592.214898644446,4.0
Super built-up  Area,Doddathoguru,1200.0,2.0,2.0,75.0,2.0,6250.0,4.0
Super built-up  Area,Kengeri,1197.0,2.0,2.0,50.0,2.0,4177.109440267335,4.0
Built-up  Area,Other,1200.0,2.0,2.0,66.0,2.0,5500.0,4.0
Super built-up  Area,Uttarahalli,1385.0,2.0,2.0,48.48,3.0,3500.361010830325,5.0
Super built-up  Area,Other,1010.0,2.0,3.0,148.0,2.0,14653.465346534653,4.0
Super built-up  Area,Whitefield,2225.0,3.0,3.0,115.0,3.0,5168.539325842697,6.0
Super built-up  Area,Other,1180.0,2.0,2.0,48.0,2.0,4067.7966101694915,4.0
Super built-up  Area,Other,1525.0,2.0,3.0,122.0,3.0,8000.0,5.0
Super built-up  Area,Ananth Nagar,1100.0,2.0,2.0,31.5,2.0,2863.6363636363635,4.0
Super built-up  Area,Other,1435.0,3.0,3.0,70.0,3.0,4878.048780487805,6.0
Built-up  Area,Attibele,400.0,1.0,1.0,14.0,1.0,3500.0,2.0
Super built-up  Area,Dommasandra,1200.0,2.0,2.0,50.0,2.0,4166.666666666667,4.0
Super built-up  Area,Whitefield,1272.0,2.0,1.0,95.05,2.0,7472.4842767295595,4.0
Super built-up  Area,Whitefield,1205.0,2.0,1.0,39.0,2.0,3236.514522821577,4.0
Built-up  Area,Kalena Agrahara,980.0,2.0,1.0,40.0,2.0,4081.6326530612246,4.0
Super built-up  Area,Malleshpalya,1225.0,2.0,2.0,46.86,2.0,3825.3061224489797,4.0
Built-up  Area,Whitefield,1541.0,3.0,1.0,72.0,3.0,4672.290720311486,6.0
Super built-up  Area,Ramagondanahalli,1610.0,2.0,2.0,111.0,3.0,6894.409937888198,5.0
Super built-up  Area,Jalahalli,1694.0,2.0,2.0,125.0,2.0,7378.984651711924,4.0
Super built-up  Area,Kaggalipura,950.0,2.0,1.0,39.0,2.0,4105.263157894737,4.0
Super built-up  Area,Other,1560.0,2.0,3.0,66.0,3.0,4230.7692307692305,5.0
Super built-up  Area,Chandapura,1201.0,2.0,2.0,27.0,2.0,2248.1265611990007,4.0
Plot  Area,Chandapura,1500.0,2.0,1.0,60.0,2.0,4000.0,4.0
Super built-up  Area,Malleshpalya,1785.0,3.0,2.0,75.0,3.0,4201.680672268908,6.0
Built-up  Area,Raja Rajeshwari Nagar,1258.0,2.0,1.0,63.53,2.0,5050.079491255962,4.0
Super built-up  Area,Electronic City,910.0,2.0,2.0,42.0,2.0,4615.384615384615,4.0
Super built-up  Area,Thigalarapalya,1297.0,2.0,2.0,112.0,2.0,8635.312259059368,4.0
Super built-up  Area,Kundalahalli,1291.0,2.0,3.0,49.0,2.0,3795.5073586367157,4.0
Built-up  Area,Other,1070.0,2.0,2.0,42.0,2.0,3925.233644859813,4.0
Super built-up  Area,Varthur,1012.0,2.0,1.0,66.5,2.0,6571.146245059289,4.0
Super built-up  Area,Mahadevpura,1260.0,2.0,3.0,57.6,2.0,4571.428571428572,4.0
Super built-up  Area,Sarjapur  Road,1282.0,2.0,2.0,72.0,2.0,5616.224648985959,4.0
Super built-up  Area,Kanakpura Road,1843.0,3.0,2.0,92.15,3.0,5000.0,6.0
Plot  Area,Other,2400.0,3.0,2.0,200.0,4.0,8333.333333333334,7.0
Built-up  Area,Chikka Tirupathi,3356.0,5.0,2.0,105.0,5.0,3128.7246722288437,10.0
Super built-up  Area,Hebbal,2790.0,5.0,3.0,198.0,4.0,7096.774193548387,9.0
Super built-up  Area,EPIP Zone,1330.0,2.0,1.0,86.98,2.0,6539.849624060151,4.0
Super built-up  Area,Konanakunte,1400.0,2.0,1.0,73.0,3.0,5214.285714285715,5.0
Built-up  Area,Whitefield,1192.0,2.0,1.0,71.0,2.0,5956.375838926175,4.0
Built-up  Area,Other,1000.0,2.0,1.0,130.0,2.0,13000.0,4.0
Super built-up  Area,Thigalarapalya,1297.0,2.0,2.0,103.0,2.0,7941.403238242097,4.0
Super built-up  Area,Sarjapur  Road,615.0,1.0,0.0,17.835,1.0,2900.0,2.0
Super built-up  Area,Vijayanagar,1490.0,3.0,2.0,100.0,3.0,6711.4093959731545,6.0
Super built-up  Area,Rayasandra,1373.0,3.0,2.0,72.0,3.0,5243.991260014566,6.0
Super built-up  Area,7th Phase JP Nagar,1035.0,2.0,1.0,41.39,2.0,3999.0338164251207,4.0
Plot  Area,Kadugodi,3750.0,4.0,0.0,210.0,4.0,5600.0,8.0
Super built-up  Area,Doddakallasandra,1010.0,2.0,1.0,40.39,2.0,3999.009900990099,4.0
Built-up  Area,Sarjapur,1195.0,2.0,1.0,42.0,2.0,3514.644351464435,4.0
Super built-up  Area,HSR Layout,1750.0,3.0,2.0,95.0,3.0,5428.571428571428,6.0
Super built-up  Area,Malleshpalya,1052.0,2.0,2.0,50.0,2.0,4752.851711026616,4.0
Super built-up  Area,Horamavu Banaswadi,1180.0,2.0,2.0,58.0,2.0,4915.254237288135,4.0
Built-up  Area,Padmanabhanagar,3680.0,4.0,2.0,440.0,5.0,11956.521739130434,9.0
Built-up  Area,Hormavu,2100.0,3.0,2.0,73.0,3.0,3476.190476190476,6.0
Built-up  Area,Hoodi,2863.0,4.0,1.0,140.0,4.0,4889.97555012225,8.0
Super built-up  Area,Raja Rajeshwari Nagar,1128.0,2.0,2.0,38.24,2.0,3390.0709219858154,4.0
Built-up  Area,Ulsoor,2700.0,3.0,1.0,450.0,3.0,16666.666666666668,6.0
Super built-up  Area,JP Nagar,1120.0,2.0,2.0,33.6,2.0,3000.0,4.0
Built-up  Area,HSR Layout,2424.0,3.0,2.0,90.0,3.0,3712.871287128713,6.0
Built-up  Area,Other,1300.0,2.0,1.0,60.0,2.0,4615.384615384615,4.0
Super built-up  Area,Kanakapura,1090.0,2.0,2.0,32.69,2.0,2999.0825688073396,4.0
Built-up  Area,Yelahanka,2710.0,3.0,1.0,251.0,3.0,9261.992619926199,6.0
Plot  Area,Other,3040.0,1.0,1.0,180.0,2.0,5921.0526315789475,3.0
Super built-up  Area,Uttarahalli,1330.0,2.0,2.0,46.55,3.0,3500.0,5.0
Super built-up  Area,Hosur Road,1427.0,2.0,1.0,80.63,3.0,5650.31534688157,5.0
Super built-up  Area,Banjara Layout,1294.0,2.0,2.0,48.0,3.0,3709.4281298299848,5.0
Built-up  Area,Begur,1580.0,3.0,2.0,75.0,3.0,4746.835443037975,6.0
Plot  Area,Chikka Tirupathi,1808.0,4.0,2.0,80.27,3.0,4439.712389380531,7.0
Super built-up  Area,Rajaji Nagar,3516.0,4.0,3.0,540.0,4.0,15358.361774744028,8.0
Super built-up  Area,Other,1194.0,2.0,2.0,47.0,2.0,3936.348408710218,4.0
Super built-up  Area,Kanakpura Road,900.0,2.0,1.0,46.0,2.0,5111.111111111111,4.0
Super built-up  Area,Other,1310.0,2.0,3.0,50.0,3.0,3816.793893129771,5.0
Super built-up  Area,Kanakpura Road,900.0,2.0,1.0,46.0,2.0,5111.111111111111,4.0
Built-up  Area,Singasandra,3850.0,6.0,3.0,195.0,4.0,5064.935064935065,10.0
Super built-up  Area,Yelachenahalli,2400.0,1.0,1.0,150.0,2.0,6250.0,3.0
Super built-up  Area,Koramangala,1290.0,2.0,3.0,100.0,2.0,7751.937984496124,4.0
Built-up  Area,Yelahanka,3770.0,6.0,3.0,110.0,6.0,2917.7718832891246,12.0
Super built-up  Area,Other,1390.0,3.0,1.0,120.0,3.0,8633.093525179856,6.0
Plot  Area,Other,1200.0,4.0,2.0,72.0,4.0,6000.0,8.0
Built-up  Area,Bisuvanahalli,845.0,2.0,1.0,33.0,2.0,3905.3254437869823,4.0
Super built-up  Area,Yelahanka,1537.0,3.0,3.0,120.0,3.0,7807.417046193884,6.0
Super built-up  Area,Other,1135.0,2.0,2.0,68.0,2.0,5991.1894273127755,4.0
Super built-up  Area,Hoodi,1512.0,3.0,2.0,75.77,3.0,5011.243386243386,6.0
Super built-up  Area,Other,900.0,2.0,1.0,55.0,2.0,6111.111111111111,4.0
Super built-up  Area,Jigani,1230.0,3.0,3.0,54.0,3.0,4390.243902439024,6.0
Super built-up  Area,Other,1378.0,2.0,3.0,42.33,3.0,3071.843251088534,5.0
Super built-up  Area,Whitefield,1277.0,2.0,1.0,61.3,2.0,4800.313234142522,4.0
Super built-up  Area,Hebbal,1985.0,4.0,2.0,189.0,3.0,9521.410579345089,7.0
Plot  Area,Kengeri,8000.0,5.0,2.0,500.0,5.0,6250.0,10.0
Super built-up  Area,Other,1210.0,2.0,2.0,62.0,2.0,5123.966942148761,4.0
Super built-up  Area,Yelahanka,890.0,2.0,2.0,40.0,2.0,4494.38202247191,4.0
Plot  Area,Sarjapur,1200.0,5.0,2.0,110.0,4.0,9166.666666666666,9.0
Built-up  Area,Ardendale,3198.0,4.0,3.0,200.0,4.0,6253.908692933083,8.0
Super built-up  Area,Other,1464.0,3.0,2.0,56.0,3.0,3825.136612021858,6.0
Super built-up  Area,Hebbal,2483.0,5.0,2.0,215.0,4.0,8658.880386629078,9.0
Plot  Area,Begur,1550.0,4.0,2.0,130.0,4.0,8387.09677419355,8.0
Super built-up  Area,Sarjapur  Road,4111.0,4.0,1.0,310.0,4.0,7540.744344441741,8.0
Super built-up  Area,Electronic City,975.0,2.0,2.0,37.5,2.0,3846.153846153846,4.0
Super built-up  Area,Other,2500.0,3.0,1.0,250.0,3.0,10000.0,6.0
Super built-up  Area,Rajiv Nagar,1690.0,3.0,1.0,125.0,3.0,7396.449704142012,6.0
Super built-up  Area,Hosa Road,1063.0,2.0,1.0,31.89,2.0,3000.0,4.0
Plot  Area,Cooke Town,2572.0,3.0,3.0,390.0,3.0,15163.297045101088,6.0
Carpet  Area,Other,2200.0,4.0,2.0,350.0,3.0,15909.09090909091,7.0
Built-up  Area,Other,1600.0,3.0,0.0,80.0,3.0,5000.0,6.0
Super built-up  Area,Other,1250.0,3.0,1.0,39.5,3.0,3160.0,6.0
Super built-up  Area,Bommanahalli,520.0,1.0,0.0,19.5,1.0,3750.0,2.0
Super built-up  Area,Marathahalli,4000.0,5.0,2.0,212.0,4.0,5300.0,9.0
Built-up  Area,Munnekollal,1390.0,3.0,2.0,68.0,3.0,4892.086330935252,6.0
Super built-up  Area,Whitefield,1185.0,2.0,2.0,40.0,2.0,3375.5274261603377,4.0
Super built-up  Area,Sahakara Nagar,1219.0,2.0,2.0,48.0,2.0,3937.653814602133,4.0
Super built-up  Area,Kudlu Gate,1564.0,2.0,1.0,92.0,3.0,5882.35294117647,5.0
Super built-up  Area,Sarjapur  Road,3430.0,6.0,0.0,228.5,4.0,6661.807580174927,10.0
Super built-up  Area,Hosa Road,1100.0,2.0,2.0,37.1,2.0,3372.7272727272725,4.0
Built-up  Area,Kothannur,1300.0,2.0,0.0,60.0,3.0,4615.384615384615,5.0
Plot  Area,Chikkabanavar,1600.0,2.0,0.0,80.0,3.0,5000.0,5.0
Built-up  Area,Ramamurthy Nagar,1600.0,3.0,2.0,75.0,3.0,4687.5,6.0
Super built-up  Area,Hennur Road,1482.0,2.0,1.0,92.0,3.0,6207.827260458839,5.0
Plot  Area,Other,1000.0,4.0,3.0,66.0,3.0,6600.0,7.0
Super built-up  Area,Shampura,1200.0,2.0,3.0,53.0,2.0,4416.666666666667,4.0
Super built-up  Area,Kengeri,1200.0,2.0,0.0,58.0,2.0,4833.333333333333,4.0
Built-up  Area,Nagarbhavi,2400.0,3.0,0.0,160.0,3.0,6666.666666666667,6.0
Super built-up  Area,Marathahalli,1469.0,3.0,1.0,89.0,3.0,6058.543226684819,6.0
Super built-up  Area,Kanakapura,551.0,1.0,1.0,30.0,1.0,5444.64609800363,2.0
Super built-up  Area,Electronics City Phase 1,1160.0,2.0,1.0,52.0,2.0,4482.758620689655,4.0
Super built-up  Area,Balagere,1205.0,2.0,1.0,78.5,2.0,6514.522821576764,4.0
Built-up  Area,Kasavanhalli,1550.0,2.0,3.0,52.0,3.0,3354.8387096774195,5.0
Super built-up  Area,Gubbalala,1745.0,3.0,2.0,125.0,3.0,7163.323782234957,6.0
Super built-up  Area,AECS Layout,1028.0,2.0,1.0,42.0,2.0,4085.603112840467,4.0
Super built-up  Area,Frazer Town,1700.0,3.0,1.0,180.0,3.0,10588.235294117647,6.0
Super built-up  Area,Karuna Nagar,1200.0,2.0,1.0,34.0,3.0,2833.3333333333335,5.0
Super built-up  Area,Kodihalli,2700.0,4.0,1.0,270.0,3.0,10000.0,7.0
Built-up  Area,Other,1100.0,2.0,2.0,50.0,2.0,4545.454545454545,4.0
Plot  Area,Ramamurthy Nagar,1200.0,3.0,1.0,72.0,2.0,6000.0,5.0
Super built-up  Area,Other,1269.72,2.0,2.0,68.0,2.0,5355.511451343603,4.0
Super built-up  Area,Electronic City Phase II,1266.0,2.0,2.0,59.0,2.0,4660.347551342812,4.0
Super built-up  Area,Mysore Road,1060.0,2.0,1.0,62.0,2.0,5849.056603773585,4.0
Plot  Area,Other,1168.0,3.0,0.0,70.0,3.0,5993.1506849315065,6.0
Super built-up  Area,Other,1552.0,2.0,1.0,51.0,2.0,3286.082474226804,4.0
Super built-up  Area,Talaghattapura,2038.5,3.0,0.0,120.0,3.0,5886.681383370125,6.0
Super built-up  Area,Attibele,500.0,1.0,1.0,17.0,1.0,3400.0,2.0
Super built-up  Area,Hulimavu,1080.0,2.0,2.0,43.2,2.0,4000.0,4.0
Plot  Area,Other,2100.0,4.0,2.0,155.0,4.0,7380.952380952381,8.0
Super built-up  Area,Other,1300.0,2.0,2.0,65.0,2.0,5000.0,4.0
Built-up  Area,Electronics City Phase 1,920.0,2.0,2.0,33.0,2.0,3586.9565217391305,4.0
Built-up  Area,Harlur,1310.0,2.0,1.0,50.0,2.0,3816.793893129771,4.0
Super built-up  Area,Horamavu Agara,1650.0,2.0,1.0,75.0,3.0,4545.454545454545,5.0
Super built-up  Area,Other,1515.0,3.0,3.0,93.93,3.0,6200.0,6.0
Super built-up  Area,Raja Rajeshwari Nagar,1157.0,2.0,1.0,53.8,2.0,4649.956784788245,4.0
Super built-up  Area,Other,2400.0,5.0,1.0,85.0,4.0,3541.6666666666665,9.0
Super built-up  Area,Konanakunte,3000.0,4.0,3.0,160.0,4.0,5333.333333333333,8.0
Super built-up  Area,Basavangudi,2200.0,2.0,1.0,162.0,3.0,7363.636363636364,5.0
Built-up  Area,Other,1243.0,2.0,1.0,58.0,2.0,4666.130329847144,4.0
Super built-up  Area,Rachenahalli,1530.0,2.0,2.0,74.39,3.0,4862.091503267974,5.0
Super built-up  Area,Judicial Layout,2070.0,3.0,3.0,162.0,3.0,7826.086956521739,6.0
Built-up  Area,Yelahanka,1815.0,3.0,2.0,82.0,3.0,4517.906336088155,6.0
Super built-up  Area,Sarjapur  Road,3900.0,4.0,3.0,300.0,4.0,7692.307692307692,8.0
Super built-up  Area,Electronic City Phase II,1000.0,2.0,1.0,28.88,2.0,2888.0,4.0
Super built-up  Area,Ananth Nagar,982.0,2.0,2.0,24.55,2.0,2500.0,4.0
Super built-up  Area,Hennur Road,1232.0,2.0,2.0,89.0,2.0,7224.025974025974,4.0
Super built-up  Area,Binny Pete,1282.0,3.0,2.0,178.0,3.0,13884.555382215289,6.0
Super built-up  Area,Yelahanka,654.0,1.0,1.0,38.4,1.0,5871.559633027523,2.0
Built-up  Area,Bannerghatta Road,1181.0,2.0,0.0,55.0,2.0,4657.070279424217,4.0
Plot  Area,2nd Stage Nagarbhavi,1200.0,4.0,2.0,245.0,4.0,20416.666666666668,8.0
Super built-up  Area,Other,1616.0,3.0,1.0,75.0,3.0,4641.089108910891,6.0
Built-up  Area,Other,1800.0,6.0,0.0,44.5,5.0,2472.222222222222,11.0
Super built-up  Area,Whitefield,1306.0,3.0,2.0,54.65,3.0,4184.532924961715,6.0
Super built-up  Area,Whitefield,1626.0,3.0,3.0,89.0,3.0,5473.554735547355,6.0
Built-up  Area,Other,2700.0,4.0,2.0,214.0,6.0,7925.925925925926,10.0
Super built-up  Area,Whitefield,1585.0,3.0,2.0,88.0,3.0,5552.05047318612,6.0
Super built-up  Area,7th Phase JP Nagar,1370.0,2.0,1.0,56.17,2.0,4100.0,4.0
Plot  Area,Whitefield,3250.0,5.0,3.0,900.0,5.0,27692.30769230769,10.0
Super built-up  Area,Kanakpura Road,1495.0,2.0,2.0,90.0,2.0,6020.066889632107,4.0
Super built-up  Area,Other,2000.0,3.0,2.0,210.0,3.0,10500.0,6.0
Plot  Area,Other,2400.0,4.0,1.0,300.0,5.0,12500.0,9.0
Plot  Area,Bannerghatta,1375.0,3.0,0.0,57.0,3.0,4145.454545454545,6.0
Super built-up  Area,Old Madras Road,3715.0,6.0,0.0,224.5,4.0,6043.06864064603,10.0
Built-up  Area,Kereguddadahalli,1400.0,2.0,2.0,48.0,3.0,3428.5714285714284,5.0
Plot  Area,Hebbal Kempapura,1200.0,4.0,2.0,215.0,4.0,17916.666666666668,8.0
Super built-up  Area,Yelahanka,1150.0,2.0,2.0,46.0,2.0,4000.0,4.0
Super built-up  Area,Hebbal,1080.0,2.0,1.0,54.0,2.0,5000.0,4.0
Super built-up  Area,Kaikondrahalli,1645.0,3.0,2.0,100.0,3.0,6079.0273556231,6.0
Super built-up  Area,Other,1760.0,3.0,3.0,176.0,3.0,10000.0,6.0
Built-up  Area,Other,595.0,1.0,1.0,42.0,1.0,7058.823529411765,2.0
Plot  Area,Bommenahalli,1200.0,3.0,1.0,125.0,3.0,10416.666666666666,6.0
Super built-up  Area,JP Nagar,4624.5,4.0,0.0,314.5,4.0,6800.735214617796,8.0
Built-up  Area,Other,1410.0,2.0,3.0,67.0,2.0,4751.77304964539,4.0
Built-up  Area,Other,1090.0,2.0,1.0,31.48,2.0,2888.0733944954127,4.0
Plot  Area,Ramagondanahalli,540.0,1.0,0.0,30.0,1.0,5555.555555555556,2.0
Super built-up  Area,Sarjapur  Road,1300.0,2.0,2.0,60.0,2.0,4615.384615384615,4.0
Built-up  Area,9th Phase JP Nagar,1890.0,2.0,2.0,85.0,3.0,4497.354497354498,5.0
Super built-up  Area,Other,1254.0,2.0,1.0,53.0,2.0,4226.475279106858,4.0
Built-up  Area,Other,2800.0,7.0,2.0,125.0,7.0,4464.285714285715,14.0
Built-up  Area,Ulsoor,1275.0,2.0,2.0,120.0,2.0,9411.764705882353,4.0
Super built-up  Area,Kathriguppe,1245.0,2.0,2.0,68.48,3.0,5500.401606425703,5.0
Built-up  Area,Other,1170.0,2.0,2.0,86.0,2.0,7350.427350427351,4.0
Super built-up  Area,Panathur,1193.0,2.0,1.0,86.0,2.0,7208.717518860017,4.0
Super built-up  Area,Chandapura,850.0,2.0,1.0,25.4,2.0,2988.235294117647,4.0
Super built-up  Area,Marathahalli,1678.0,3.0,3.0,70.0,3.0,4171.6328963051255,6.0
Built-up  Area,Gunjur,1600.0,3.0,3.0,75.0,3.0,4687.5,6.0
Super built-up  Area,Electronics City Phase 1,1750.0,3.0,2.0,84.0,3.0,4800.0,6.0
Super built-up  Area,Whitefield,1125.0,2.0,2.0,62.0,2.0,5511.111111111111,4.0
Plot  Area,Other,2200.0,4.0,3.0,235.0,4.0,10681.818181818182,8.0
Built-up  Area,HBR Layout,2800.0,2.0,0.0,200.0,3.0,7142.857142857143,5.0
Plot  Area,R.T. Nagar,1200.0,2.0,1.0,120.0,2.0,10000.0,4.0
Built-up  Area,Other,1000.0,2.0,1.0,50.0,2.0,5000.0,4.0
Built-up  Area,Other,2780.0,5.0,2.0,480.0,4.0,17266.187050359713,9.0
Built-up  Area,Electronic City Phase II,1320.0,2.0,1.0,38.13,3.0,2888.636363636364,5.0
Super built-up  Area,Ardendale,2422.0,4.0,2.0,160.0,4.0,6606.110652353427,8.0
Built-up  Area,Kasavanhalli,1100.0,2.0,1.0,50.0,2.0,4545.454545454545,4.0
Built-up  Area,Uttarahalli,882.0,2.0,1.0,30.0,2.0,3401.360544217687,4.0
Super built-up  Area,Bisuvanahalli,845.0,2.0,1.0,37.0,2.0,4378.698224852071,4.0
Super built-up  Area,Kambipura,883.0,2.0,1.0,39.0,2.0,4416.761041902605,4.0
Super built-up  Area,Brookefield,1595.0,3.0,3.0,88.0,3.0,5517.241379310345,6.0
Built-up  Area,Whitefield,1280.0,2.0,0.0,85.0,2.0,6640.625,4.0
Built-up  Area,Other,1700.0,2.0,1.0,550.0,4.0,32352.941176470587,6.0
Super built-up  Area,Other,920.0,2.0,0.0,35.0,2.0,3804.3478260869565,4.0
Super built-up  Area,Choodasandra,1300.0,2.0,3.0,57.0,2.0,4384.615384615385,4.0
Super built-up  Area,Other,1450.0,1.0,0.0,230.0,2.0,15862.068965517241,3.0
Super built-up  Area,Harlur,1757.0,3.0,2.0,132.0,3.0,7512.805919180421,6.0
Super built-up  Area,Anekal,600.0,1.0,1.0,16.5,1.0,2750.0,2.0
Built-up  Area,Other,2400.0,3.0,2.0,142.0,4.0,5916.666666666667,7.0
Super built-up  Area,Sarjapur,1240.0,2.0,1.0,44.0,2.0,3548.3870967741937,4.0
Super built-up  Area,EPIP Zone,1330.0,2.0,1.0,93.36,2.0,7019.548872180451,4.0
Super built-up  Area,8th Phase JP Nagar,1062.0,2.0,1.0,42.47,2.0,3999.0583804143125,4.0
Built-up  Area,JP Nagar,1078.0,2.0,2.0,45.0,2.0,4174.397031539888,4.0
Super built-up  Area,Bannerghatta Road,1460.0,2.0,2.0,72.0,3.0,4931.506849315068,5.0
Plot  Area,Whitefield,1200.0,3.0,2.0,68.5,3.0,5708.333333333333,6.0
Super built-up  Area,Laggere,1200.0,1.0,1.0,48.0,1.0,4000.0,2.0
Super built-up  Area,Kammasandra,912.0,2.0,1.0,39.0,3.0,4276.315789473684,5.0
Plot  Area,Other,2400.0,5.0,1.0,625.0,5.0,26041.666666666668,10.0
Plot  Area,Prithvi Layout,2028.0,4.0,3.0,162.0,4.0,7988.165680473373,8.0
Super built-up  Area,Mysore Road,980.0,2.0,1.0,45.47,2.0,4639.7959183673465,4.0
Built-up  Area,Sarjapur  Road,1000.0,2.0,2.0,40.0,2.0,4000.0,4.0
Super built-up  Area,Sarjapur  Road,1050.0,2.0,1.0,62.0,2.0,5904.761904761905,4.0
Built-up  Area,Bannerghatta,2611.0,3.0,1.0,239.0,3.0,9153.581003446956,6.0
Super built-up  Area,Domlur,1875.0,2.0,2.0,150.0,3.0,8000.0,5.0
Super built-up  Area,Hennur Road,1065.0,2.0,1.0,42.6,2.0,4000.0,4.0
Built-up  Area,Sanjay nagar,1800.0,3.0,2.0,180.0,3.0,10000.0,6.0
Super built-up  Area,Sector 7 HSR Layout,1163.0,2.0,2.0,98.86,2.0,8500.42992261393,4.0
Super built-up  Area,Tumkur Road,1098.0,2.0,1.0,72.0,2.0,6557.377049180328,4.0
Built-up  Area,5th Phase JP Nagar,1725.0,2.0,2.0,100.0,3.0,5797.101449275362,5.0
Plot  Area,Whitefield,4000.0,4.0,2.0,330.0,4.0,8250.0,8.0
Super built-up  Area,Thubarahalli,1128.0,2.0,2.0,75.0,2.0,6648.936170212766,4.0
Super built-up  Area,Yelahanka,1705.0,3.0,1.0,74.16,3.0,4349.560117302053,6.0
Super built-up  Area,Thigalarapalya,1418.0,2.0,2.0,95.0,2.0,6699.576868829337,4.0
Built-up  Area,Ramamurthy Nagar,1500.0,3.0,1.0,160.0,3.0,10666.666666666666,6.0
Built-up  Area,Hebbal,1100.0,2.0,2.0,50.0,2.0,4545.454545454545,4.0
Super built-up  Area,Hebbal,812.0,2.0,2.0,55.0,2.0,6773.399014778325,4.0
Super built-up  Area,Other,1280.0,2.0,2.0,40.0,2.0,3125.0,4.0
Super built-up  Area,Whitefield,1420.0,2.0,2.0,136.0,2.0,9577.464788732394,4.0
Plot  Area,Banashankari Stage II,1200.0,2.0,1.0,150.0,4.0,12500.0,6.0
Super built-up  Area,Old Airport Road,2774.0,4.0,2.0,207.0,4.0,7462.148521989906,8.0
Super built-up  Area,Other,2000.0,3.0,2.0,85.0,3.0,4250.0,6.0
Super built-up  Area,HBR Layout,1722.0,3.0,2.0,95.0,3.0,5516.8408826945415,6.0
Super built-up  Area,Indira Nagar,2800.0,3.0,1.0,330.0,3.0,11785.714285714286,6.0
Carpet  Area,Other,1650.0,3.0,3.0,175.0,3.0,10606.060606060606,6.0
Built-up  Area,Other,840.0,2.0,2.0,27.0,2.0,3214.285714285714,4.0
Built-up  Area,Jigani,914.0,2.0,2.0,47.0,2.0,5142.231947483589,4.0
Super built-up  Area,Hennur Road,1482.0,2.0,2.0,83.73,3.0,5649.797570850203,5.0
Super built-up  Area,Kundalahalli,1724.0,3.0,2.0,127.0,3.0,7366.589327146172,6.0
Super built-up  Area,Other,1670.0,3.0,3.0,91.86,3.0,5500.5988023952095,6.0
Super built-up  Area,Banaswadi,1184.0,2.0,3.0,53.0,2.0,4476.351351351352,4.0
Super built-up  Area,Kodigehaali,1200.0,2.0,1.0,55.0,2.0,4583.333333333333,4.0
Plot  Area,TC Palaya,1200.0,2.0,0.0,65.0,2.0,5416.666666666667,4.0
Super built-up  Area,Jigani,927.0,2.0,2.0,55.0,2.0,5933.117583603021,4.0
Super built-up  Area,Other,1242.0,2.0,3.0,39.7,2.0,3196.45732689211,4.0
Built-up  Area,Electronic City Phase II,1220.0,3.0,1.0,35.23,3.0,2887.7049180327863,6.0
Built-up  Area,Electronic City,1360.0,2.0,1.0,75.0,3.0,5514.705882352941,5.0
Plot  Area,Brookefield,2800.0,4.0,2.0,240.0,4.0,8571.42857142857,8.0
Super built-up  Area,7th Phase JP Nagar,1180.0,2.0,2.0,72.0,2.0,6101.6949152542375,4.0
Super built-up  Area,Whitefield,1697.0,3.0,2.0,108.0,3.0,6364.172068355922,6.0
Super built-up  Area,Hennur,1225.0,2.0,1.0,57.0,2.0,4653.061224489796,4.0
Super built-up  Area,Other,1690.0,2.0,2.0,55.0,3.0,3254.437869822485,5.0
Super built-up  Area,Other,1488.0,3.0,2.0,57.0,3.0,3830.6451612903224,6.0
Built-up  Area,Other,1250.0,2.0,1.0,80.0,3.0,6400.0,5.0
Super built-up  Area,JP Nagar,1050.0,1.0,1.0,44.0,1.0,4190.476190476191,2.0
Super built-up  Area,HSR Layout,1027.0,2.0,2.0,44.0,2.0,4284.323271665044,4.0
Super built-up  Area,Kanakpura Road,1699.0,3.0,3.0,81.94,3.0,4822.836962919364,6.0
Built-up  Area,Whitefield,1205.0,2.0,2.0,58.0,2.0,4813.278008298756,4.0
Super built-up  Area,Horamavu Agara,950.0,2.0,3.0,39.0,2.0,4105.263157894737,4.0
Plot  Area,TC Palaya,1200.0,2.0,0.0,70.0,2.0,5833.333333333333,4.0
Super built-up  Area,Akshaya Nagar,1476.0,3.0,1.0,120.0,3.0,8130.081300813008,6.0
Built-up  Area,CV Raman Nagar,1070.0,2.0,1.0,55.0,2.0,5140.186915887851,4.0
Super built-up  Area,EPIP Zone,2160.0,4.0,2.0,172.0,3.0,7962.962962962963,7.0
Super built-up  Area,Sector 2 HSR Layout,1296.0,2.0,1.0,75.0,2.0,5787.037037037037,4.0
Built-up  Area,Chikkalasandra,1800.0,1.0,1.0,128.0,2.0,7111.111111111111,3.0
Super built-up  Area,Kanakpura Road,1570.0,3.0,3.0,64.5,3.0,4108.28025477707,6.0
Super built-up  Area,Koramangala,1300.0,2.0,3.0,110.0,2.0,8461.538461538461,4.0
Built-up  Area,Sarjapur,1550.0,2.0,2.0,65.0,4.0,4193.548387096775,6.0
Super built-up  Area,Electronic City,770.0,1.0,1.0,40.0,2.0,5194.805194805195,3.0
Built-up  Area,Jalahalli,1870.0,3.0,2.0,110.0,3.0,5882.35294117647,6.0
Plot  Area,Other,1650.0,4.0,2.0,160.0,3.0,9696.969696969696,7.0
Super built-up  Area,Domlur,1429.0,3.0,3.0,86.0,3.0,6018.194541637508,6.0
Super built-up  Area,Babusapalaya,1167.0,2.0,2.0,39.98,3.0,3425.8783204798624,5.0
Super built-up  Area,Bommasandra,1035.0,2.0,1.0,41.73,2.0,4031.884057971014,4.0
Super built-up  Area,Kengeri,1188.0,2.0,2.0,38.0,3.0,3198.6531986531986,5.0
Super built-up  Area,Nagarbhavi,884.0,2.0,2.0,36.0,1.0,4072.398190045249,3.0
Super built-up  Area,Haralur Road,1194.0,2.0,2.0,46.0,2.0,3852.5963149078725,4.0
Super built-up  Area,Hoodi,1026.0,2.0,1.0,60.87,2.0,5932.748538011696,4.0
Super built-up  Area,Kaikondrahalli,1115.0,2.0,2.0,50.0,2.0,4484.304932735426,4.0
Plot  Area,Hebbal Kempapura,1200.0,2.0,1.0,125.0,2.0,10416.666666666666,4.0
Super built-up  Area,Old Airport Road,2690.0,4.0,3.0,191.0,4.0,7100.371747211896,8.0
Super built-up  Area,Subramanyapura,975.0,2.0,1.0,58.0,2.0,5948.717948717948,4.0
Super built-up  Area,Chamrajpet,1900.0,2.0,1.0,170.0,4.0,8947.368421052632,6.0
Super built-up  Area,OMBR Layout,1101.0,2.0,2.0,65.5,2.0,5949.13714804723,4.0
Super built-up  Area,Sarjapur  Road,1700.0,3.0,3.0,135.0,3.0,7941.176470588235,6.0
Super built-up  Area,Whitefield,3606.0,4.0,2.0,312.0,4.0,8652.246256239601,8.0
Super built-up  Area,Padmanabhanagar,1258.0,2.0,2.0,115.0,2.0,9141.494435612083,4.0
Carpet  Area,Kanakpura Road,1560.0,3.0,2.0,92.0,3.0,5897.4358974358975,6.0
Super built-up  Area,Old Madras Road,3630.0,6.0,1.0,195.0,4.0,5371.900826446281,10.0
Built-up  Area,JP Nagar,2000.0,3.0,2.0,250.0,3.0,12500.0,6.0
Super built-up  Area,Hebbal,2790.0,4.0,3.0,198.0,4.0,7096.774193548387,8.0
Super built-up  Area,Other,1494.0,2.0,2.0,94.55,3.0,6328.647925033467,5.0
Super built-up  Area,Hennur Road,1482.0,2.0,1.0,87.0,3.0,5870.4453441295545,5.0
Super built-up  Area,Other,800.0,2.0,3.0,50.0,2.0,6250.0,4.0
Super built-up  Area,Raja Rajeshwari Nagar,1185.0,2.0,2.0,47.39,2.0,3999.15611814346,4.0
Super built-up  Area,Hulimavu,1100.0,2.0,2.0,71.5,2.0,6500.0,4.0
Built-up  Area,NRI Layout,1300.0,2.0,0.0,120.0,2.0,9230.76923076923,4.0
Super built-up  Area,Other,1225.0,2.0,2.0,150.0,2.0,12244.897959183674,4.0
Super built-up  Area,Hulimavu,1758.0,3.0,2.0,65.0,3.0,3697.3833902161546,6.0
Super built-up  Area,Banaswadi,1145.0,2.0,2.0,55.0,2.0,4803.493449781659,4.0
Built-up  Area,Hormavu,1180.0,2.0,2.0,50.0,2.0,4237.28813559322,4.0
Super built-up  Area,Other,1260.0,2.0,2.0,58.0,2.0,4603.174603174603,4.0
Built-up  Area,Arekere,1190.0,2.0,2.0,55.0,2.0,4621.848739495798,4.0
Super built-up  Area,Sarjapur  Road,1691.0,3.0,2.0,119.0,3.0,7037.25606150207,6.0
Super built-up  Area,Other,3675.0,4.0,3.0,367.0,4.0,9986.394557823129,8.0
Built-up  Area,Frazer Town,1305.0,3.0,2.0,95.45,3.0,7314.176245210728,6.0
Super built-up  Area,Basavangudi,2337.0,4.0,3.0,292.0,3.0,12494.651262302097,7.0
Plot  Area,Other,1200.0,2.0,2.0,150.0,2.0,12500.0,4.0
Super built-up  Area,Domlur,1206.0,2.0,1.0,217.0,2.0,17993.366500829186,4.0
Super built-up  Area,Kogilu,1140.0,2.0,1.0,50.66,2.0,4443.859649122807,4.0
Super built-up  Area,Other,1250.0,2.0,2.0,65.0,2.0,5200.0,4.0
Super built-up  Area,Other,1225.0,2.0,2.0,48.0,2.0,3918.3673469387754,4.0
Built-up  Area,Kereguddadahalli,800.0,2.0,2.0,28.0,2.0,3500.0,4.0
Super built-up  Area,Jalahalli East,1020.0,2.0,1.0,58.0,2.0,5686.274509803921,4.0
Built-up  Area,TC Palaya,2100.0,2.0,1.0,50.0,4.0,2380.9523809523807,6.0
Plot  Area,Other,1350.0,2.0,1.0,80.0,2.0,5925.925925925926,4.0
Super built-up  Area,Anekal,925.0,2.0,1.0,40.0,2.0,4324.324324324324,4.0
Built-up  Area,Yelachenahalli,1800.0,3.0,1.0,220.0,4.0,12222.222222222223,7.0
Built-up  Area,Other,2000.0,3.0,1.0,100.0,3.0,5000.0,6.0
Built-up  Area,Frazer Town,1510.0,2.0,1.0,75.0,3.0,4966.887417218543,5.0
Plot  Area,Kasavanhalli,5800.0,7.0,2.0,1200.0,5.0,20689.655172413793,12.0
Super built-up  Area,Other,1614.0,3.0,1.0,110.0,3.0,6815.365551425031,6.0
Plot  Area,Gottigere,1200.0,2.0,0.0,95.0,2.0,7916.666666666667,4.0
Plot  Area,TC Palaya,900.0,2.0,0.0,55.0,2.0,6111.111111111111,4.0
Built-up  Area,Bommenahalli,1632.0,3.0,0.0,145.0,4.0,8884.803921568628,7.0
Super built-up  Area,OMBR Layout,1041.0,2.0,2.0,65.5,2.0,6292.026897214217,4.0
Built-up  Area,7th Phase JP Nagar,5080.0,7.0,2.0,450.0,6.0,8858.267716535433,13.0
Super built-up  Area,Bannerghatta,3012.0,6.0,2.0,250.0,4.0,8300.132802124834,10.0
Super built-up  Area,Marathahalli,1530.0,3.0,2.0,74.5,3.0,4869.281045751634,6.0
Super built-up  Area,Sector 2 HSR Layout,1450.0,2.0,2.0,135.0,3.0,9310.344827586207,5.0
Super built-up  Area,Bannerghatta Road,1200.0,2.0,2.0,75.0,2.0,6250.0,4.0
Plot  Area,Sahakara Nagar,1200.0,4.0,2.0,130.0,4.0,10833.333333333334,8.0
Super built-up  Area,Hosur Road,1508.0,2.0,1.0,110.0,3.0,7294.429708222811,5.0
Super built-up  Area,Other,1188.0,2.0,3.0,73.0,2.0,6144.781144781145,4.0
Super built-up  Area,Old Airport Road,2690.0,4.0,3.0,199.0,4.0,7397.769516728625,8.0
Super built-up  Area,Harlur,1174.0,2.0,1.0,76.0,2.0,6473.594548551959,4.0
Super built-up  Area,Old Madras Road,1350.0,3.0,1.0,58.99,3.0,4369.62962962963,6.0
Super built-up  Area,Frazer Town,1870.0,3.0,3.0,185.0,3.0,9893.048128342247,6.0
Super built-up  Area,Kengeri Satellite Town,1072.0,2.0,1.0,25.0,2.0,2332.089552238806,4.0
Plot  Area,Other,52272.0,2.0,1.0,140.0,3.0,267.82981328435875,5.0
Super built-up  Area,Kengeri,726.0,2.0,1.0,31.0,2.0,4269.972451790633,4.0
Super built-up  Area,Hosur Road,1345.0,2.0,2.0,106.0,2.0,7881.0408921933085,4.0
Super built-up  Area,Begur Road,1200.0,2.0,2.0,45.0,2.0,3750.0,4.0
Built-up  Area,Nagavarapalya,980.0,2.0,0.0,37.0,2.0,3775.5102040816328,4.0
Super built-up  Area,Hormavu,1050.0,2.0,1.0,77.0,2.0,7333.333333333333,4.0
Super built-up  Area,Uttarahalli,993.0,2.0,1.0,39.71,2.0,3998.9929506545823,4.0
Super built-up  Area,7th Phase JP Nagar,1300.0,2.0,2.0,52.0,3.0,4000.0,5.0
Super built-up  Area,Vittasandra,1743.0,3.0,2.0,85.0,3.0,4876.649454962708,6.0
Plot  Area,Whitefield,1204.0,4.0,1.0,125.0,4.0,10382.059800664452,8.0
Plot  Area,Hormavu,1200.0,2.0,0.0,67.0,2.0,5583.333333333333,4.0
Super built-up  Area,Other,1480.0,3.0,2.0,90.0,3.0,6081.081081081081,6.0
Super built-up  Area,Sarjapur,950.0,2.0,2.0,32.5,2.0,3421.0526315789475,4.0
Built-up  Area,Domlur,640.0,1.0,0.0,55.0,1.0,8593.75,2.0
Super built-up  Area,Electronic City Phase II,972.0,2.0,1.0,44.0,2.0,4526.748971193416,4.0
Super built-up  Area,Marathahalli,1840.0,3.0,3.0,98.0,3.0,5326.086956521739,6.0
Super built-up  Area,Electronic City,1128.0,2.0,1.0,64.0,2.0,5673.758865248227,4.0
Plot  Area,Other,680.0,2.0,0.0,42.0,2.0,6176.470588235294,4.0
Plot  Area,Other,2400.0,2.0,1.0,95.0,2.0,3958.3333333333335,4.0
Built-up  Area,Other,1045.0,2.0,2.0,42.0,2.0,4019.1387559808613,4.0
Built-up  Area,Other,955.0,2.0,3.0,53.55,2.0,5607.3298429319375,4.0
Super built-up  Area,Doddakallasandra,1360.0,2.0,2.0,54.39,3.0,3999.264705882353,5.0
Super built-up  Area,BTM Layout,1150.0,2.0,2.0,63.0,2.0,5478.260869565217,4.0
Built-up  Area,Hennur Road,3450.0,4.0,3.0,294.0,4.0,8521.739130434782,8.0
Super built-up  Area,Other,1115.0,2.0,2.0,56.87,2.0,5100.448430493274,4.0
Super built-up  Area,Jigani,920.0,2.0,2.0,46.0,2.0,5000.0,4.0
Super built-up  Area,Bommasandra Industrial Area,1030.0,2.0,1.0,41.0,2.0,3980.5825242718447,4.0
Super built-up  Area,Thanisandra,1564.0,3.0,1.0,101.0,3.0,6457.800511508952,6.0
Super built-up  Area,Uttarahalli,1045.0,2.0,1.0,45.0,2.0,4306.2200956937795,4.0
Plot  Area,Hegde Nagar,1200.0,4.0,1.0,83.0,4.0,6916.666666666667,8.0
Built-up  Area,Subramanyapura,1277.0,2.0,2.0,55.0,2.0,4306.969459671104,4.0
Super built-up  Area,Other,2479.13,3.0,1.0,215.0,3.0,8672.39717158842,6.0
Super built-up  Area,Sarjapur  Road,1846.0,3.0,2.0,140.0,3.0,7583.965330444204,6.0
Built-up  Area,Other,1100.0,2.0,0.0,106.0,2.0,9636.363636363636,4.0
Super built-up  Area,Other,1690.0,3.0,2.0,75.0,3.0,4437.869822485207,6.0
Plot  Area,Hormavu,1200.0,3.0,0.0,70.0,2.0,5833.333333333333,5.0
Built-up  Area,Yelahanka,3042.0,4.0,0.0,131.0,4.0,4306.37738330046,8.0
Super built-up  Area,Rajaji Nagar,1640.0,3.0,3.0,223.0,3.0,13597.560975609756,6.0
Built-up  Area,Other,1068.0,2.0,1.0,40.05,2.0,3749.9999999999995,4.0
Super built-up  Area,Kanakpura Road,1135.0,2.0,2.0,58.0,2.0,5110.132158590309,4.0
Super built-up  Area,Other,1925.0,3.0,2.0,120.0,3.0,6233.766233766234,6.0
Super built-up  Area,Begur Road,1615.0,3.0,2.0,60.0,3.0,3715.170278637771,6.0
Super built-up  Area,Other,650.0,1.0,1.0,26.0,1.0,4000.0,2.0
Super built-up  Area,Kaggadasapura,1150.0,2.0,3.0,42.0,2.0,3652.1739130434785,4.0
Super built-up  Area,Other,1410.0,2.0,2.0,45.12,3.0,3200.0,5.0
Super built-up  Area,Other,2000.0,3.0,3.0,207.0,3.0,10350.0,6.0
Super built-up  Area,Tumkur Road,1354.0,3.0,1.0,90.0,3.0,6646.971935007386,6.0
Plot  Area,Other,1050.0,2.0,0.0,110.0,2.0,10476.190476190477,4.0
Built-up  Area,Arekere,600.0,1.0,1.0,28.0,1.0,4666.666666666667,2.0
Plot  Area,Varthur,1320.0,2.0,1.0,110.0,4.0,8333.333333333334,6.0
Super built-up  Area,Koramangala,1600.0,3.0,2.0,88.0,3.0,5500.0,6.0
Built-up  Area,Kanakpura Road,3500.0,6.0,2.0,225.0,4.0,6428.571428571428,10.0
Super built-up  Area,GM Palaya,1000.0,2.0,1.0,36.0,2.0,3600.0,4.0
Super built-up  Area,Other,1130.0,3.0,1.0,38.0,3.0,3362.83185840708,6.0
Super built-up  Area,Vittasandra,1238.0,2.0,1.0,67.0,2.0,5411.954765751211,4.0
Super built-up  Area,Other,2204.0,2.0,3.0,305.0,3.0,13838.47549909256,5.0
Super built-up  Area,Kudlu Gate,1364.0,2.0,3.0,46.38,3.0,3400.293255131965,5.0
Built-up  Area,Other,900.0,2.0,1.0,45.0,2.0,5000.0,4.0
Super built-up  Area,Gubbalala,1745.0,3.0,2.0,104.0,3.0,5959.885386819485,6.0
Super built-up  Area,Kogilu,1200.0,2.0,1.0,53.33,2.0,4444.166666666667,4.0
Super built-up  Area,Kanakapura,1020.0,2.0,1.0,42.83,2.0,4199.019607843137,4.0
Super built-up  Area,Banashankari Stage III,1650.0,3.0,2.0,118.0,3.0,7151.515151515152,6.0
Super built-up  Area,Other,1550.0,2.0,3.0,70.0,3.0,4516.129032258064,5.0
Super built-up  Area,5th Phase JP Nagar,1440.0,2.0,2.0,60.0,2.0,4166.666666666667,4.0
Super built-up  Area,Sarjapura - Attibele Road,1329.0,2.0,2.0,45.95,3.0,3457.486832204665,5.0
Super built-up  Area,Other,916.0,2.0,1.0,42.0,2.0,4585.152838427947,4.0
Super built-up  Area,Hulimavu,688.0,1.0,2.0,50.0,1.0,7267.441860465116,2.0
Super built-up  Area,Other,1358.0,3.0,3.0,50.0,3.0,3681.8851251840942,6.0
Super built-up  Area,Kanakpura Road,1331.0,2.0,1.0,107.0,2.0,8039.068369646882,4.0
Super built-up  Area,Malleshwaram,686.0,1.0,1.0,62.5,1.0,9110.787172011662,2.0
Super built-up  Area,Hoodi,1050.0,2.0,2.0,50.0,2.0,4761.9047619047615,4.0
Super built-up  Area,Talaghattapura,2106.0,3.0,2.0,126.0,3.0,5982.9059829059825,6.0
Super built-up  Area,Bhoganhalli,1718.0,3.0,2.0,90.2,3.0,5250.291036088475,6.0
Super built-up  Area,Raja Rajeshwari Nagar,1530.0,3.0,2.0,57.0,3.0,3725.4901960784314,6.0
Super built-up  Area,5th Block Hbr Layout,1206.0,2.0,2.0,56.0,2.0,4643.449419568822,4.0
Built-up  Area,Hebbal,1075.0,2.0,3.0,52.0,2.0,4837.209302325581,4.0
Plot  Area,Sarjapur  Road,1200.0,3.0,1.0,95.0,3.0,7916.666666666667,6.0
Super built-up  Area,Other,1936.0,2.0,2.0,54.21,3.0,2800.103305785124,5.0
Super built-up  Area,Nagavara,2172.65,3.0,3.0,120.0,4.0,5523.208984419948,7.0
Super built-up  Area,Sahakara Nagar,1100.0,2.0,2.0,75.0,3.0,6818.181818181818,5.0
Plot  Area,BTM 2nd Stage,1260.0,5.0,1.0,185.0,3.0,14682.539682539682,8.0
Super built-up  Area,Sarjapur  Road,1117.0,2.0,3.0,29.99,2.0,2684.870188003581,4.0
Built-up  Area,Other,1685.0,2.0,1.0,110.0,3.0,6528.189910979228,5.0
Super built-up  Area,CV Raman Nagar,740.0,2.0,1.0,37.0,2.0,5000.0,4.0
Plot  Area,Magadi Road,1500.0,2.0,2.0,93.0,4.0,6200.0,6.0
Super built-up  Area,Banashankari,1800.0,3.0,2.0,115.0,3.0,6388.888888888889,6.0
Super built-up  Area,Yelachenahalli,1700.0,3.0,2.0,130.0,3.0,7647.058823529412,6.0
Built-up  Area,Uttarahalli,850.0,2.0,2.0,37.93,2.0,4462.35294117647,4.0
Super built-up  Area,Hennur Road,1891.0,3.0,1.0,139.0,3.0,7350.608143839238,6.0
Built-up  Area,Jalahalli,1400.0,1.0,1.0,80.0,2.0,5714.285714285715,3.0
Super built-up  Area,Lakshminarayana Pura,1172.0,2.0,2.0,82.0,2.0,6996.587030716723,4.0
Super built-up  Area,Electronic City Phase II,1400.0,2.0,2.0,40.43,3.0,2887.8571428571427,5.0
Built-up  Area,Sonnenahalli,896.0,2.0,1.0,43.75,2.0,4882.8125,4.0
Super built-up  Area,Vijayanagar,1180.0,2.0,2.0,65.0,2.0,5508.474576271186,4.0
Plot  Area,Basaveshwara Nagar,2460.0,7.0,1.0,350.0,7.0,14227.642276422765,14.0
Built-up  Area,Other,850.0,2.0,1.0,33.0,2.0,3882.3529411764707,4.0
Super built-up  Area,Anekal,530.0,1.0,1.0,18.0,1.0,3396.2264150943397,2.0
Super built-up  Area,Other,1550.0,3.0,3.0,110.0,3.0,7096.774193548387,6.0
Super built-up  Area,Kanakapura,1699.0,3.0,3.0,97.0,3.0,5709.240729841083,6.0
Super built-up  Area,Bellandur,2025.0,4.0,3.0,109.0,4.0,5382.716049382716,8.0
Super built-up  Area,Ananth Nagar,500.0,2.0,2.0,14.0,1.0,2800.0,3.0
Built-up  Area,Other,500.0,1.0,0.0,20.0,1.0,4000.0,2.0
Built-up  Area,Other,1146.0,2.0,1.0,38.5,2.0,3359.5113438045373,4.0
Super built-up  Area,Malleshwaram,2475.0,4.0,3.0,332.0,3.0,13414.141414141413,7.0
Super built-up  Area,Haralur Road,1455.0,2.0,1.0,145.0,2.0,9965.635738831616,4.0
Plot  Area,Seegehalli,800.0,1.0,0.0,50.0,2.0,6250.0,3.0
Super built-up  Area,Abbigere,765.0,2.0,2.0,30.0,1.0,3921.5686274509803,3.0
Super built-up  Area,Lingadheeranahalli,1521.0,3.0,1.0,94.99,3.0,6245.233399079553,6.0
Super built-up  Area,Gottigere,1600.0,2.0,2.0,55.0,3.0,3437.5,5.0
Super built-up  Area,Other,3155.0,4.0,2.0,370.0,3.0,11727.41679873217,7.0
Super built-up  Area,Hebbal Kempapura,2900.0,4.0,2.0,240.0,3.0,8275.862068965518,7.0
Super built-up  Area,Other,1765.0,3.0,3.0,105.0,3.0,5949.008498583569,6.0
Super built-up  Area,Kasavanhalli,1980.0,3.0,2.0,88.0,3.0,4444.444444444444,6.0
Built-up  Area,Amruthahalli,1900.0,3.0,1.0,135.0,3.0,7105.263157894737,6.0
Super built-up  Area,Other,1265.0,2.0,3.0,70.0,2.0,5533.596837944664,4.0
Super built-up  Area,Bommasandra,1034.0,2.0,3.0,40.0,2.0,3868.4719535783365,4.0
Built-up  Area,Other,1012.0,2.0,1.0,59.0,2.0,5830.0395256917,4.0
Super built-up  Area,Electronic City,1070.0,2.0,1.0,54.0,2.0,5046.728971962617,4.0
Built-up  Area,Mahadevpura,3555.0,4.0,1.0,230.0,4.0,6469.760900140647,8.0
Super built-up  Area,5th Block Hbr Layout,1270.0,2.0,2.0,70.0,3.0,5511.811023622047,5.0
Super built-up  Area,Other,2045.0,4.0,3.0,154.0,3.0,7530.562347188264,7.0
Super built-up  Area,Bellandur,1490.0,2.0,2.0,98.0,3.0,6577.181208053691,5.0
Built-up  Area,Banaswadi,6150.0,6.0,1.0,830.0,7.0,13495.934959349594,13.0
Super built-up  Area,Mysore Road,883.0,2.0,1.0,40.0,2.0,4530.011325028313,4.0
Super built-up  Area,Yeshwanthpur,671.0,1.0,1.0,36.85,1.0,5491.803278688524,2.0
Super built-up  Area,Kammasandra,1156.0,2.0,2.0,32.0,2.0,2768.166089965398,4.0
Super built-up  Area,Haralur Road,2017.0,3.0,2.0,125.0,3.0,6197.322756569162,6.0
Super built-up  Area,Thigalarapalya,3122.0,6.0,2.0,235.0,4.0,7527.226137091608,10.0
Super built-up  Area,Ramagondanahalli,1635.0,3.0,1.0,62.0,3.0,3792.0489296636088,6.0
Built-up  Area,Other,4400.0,9.0,2.0,120.0,7.0,2727.2727272727275,16.0
Super built-up  Area,Kanakpura Road,1296.0,2.0,1.0,89.0,2.0,6867.283950617284,4.0
Plot  Area,Other,2400.0,4.0,2.0,280.0,6.0,11666.666666666666,10.0
Super built-up  Area,Budigere,1139.0,2.0,2.0,62.0,2.0,5443.371378402107,4.0
Super built-up  Area,CV Raman Nagar,1230.0,3.0,2.0,47.0,2.0,3821.1382113821137,5.0
Super built-up  Area,Other,581.91,2.0,1.0,25.0,1.0,4296.197006409926,3.0
Super built-up  Area,Binny Pete,1245.0,2.0,1.0,86.28,2.0,6930.120481927711,4.0
Plot  Area,Other,1158.0,2.0,2.0,85.0,3.0,7340.241796200346,5.0
Built-up  Area,Marathahalli,3951.0,4.0,2.0,220.0,4.0,5568.2105796001015,8.0
Super built-up  Area,Ramamurthy Nagar,360.0,1.0,1.0,26.0,1.0,7222.222222222223,2.0
Super built-up  Area,Electronics City Phase 1,1350.0,3.0,1.0,55.0,3.0,4074.074074074074,6.0
Built-up  Area,Green Glen Layout,1670.0,3.0,2.0,120.0,3.0,7185.62874251497,6.0
Super built-up  Area,Akshaya Nagar,1600.0,2.0,2.0,65.0,3.0,4062.5,5.0
Super built-up  Area,Horamavu Banaswadi,1307.0,2.0,2.0,51.6,2.0,3947.972456006121,4.0
Built-up  Area,7th Phase JP Nagar,1050.0,2.0,1.0,57.0,3.0,5428.571428571428,5.0
Super built-up  Area,Hennur Road,1703.0,3.0,2.0,101.0,3.0,5930.710510863182,6.0
Super built-up  Area,Kaggalipura,1210.0,2.0,1.0,58.0,3.0,4793.388429752066,5.0
Built-up  Area,Electronic City,1025.0,2.0,1.0,29.6,2.0,2887.8048780487807,4.0
Super built-up  Area,7th Phase JP Nagar,1343.0,2.0,2.0,56.41,3.0,4200.297840655249,5.0
Super built-up  Area,R.T. Nagar,1560.0,3.0,2.0,85.0,3.0,5448.717948717948,6.0
Super built-up  Area,Other,925.0,2.0,2.0,51.0,2.0,5513.513513513513,4.0
Super built-up  Area,Kanakpura Road,1420.0,2.0,2.0,75.0,3.0,5281.69014084507,5.0
Built-up  Area,Other,1415.0,2.0,3.0,110.0,2.0,7773.851590106007,4.0
Super built-up  Area,Other,1210.0,2.0,2.0,60.0,2.0,4958.677685950413,4.0
Super built-up  Area,Yeshwanthpur,1852.0,3.0,2.0,160.0,3.0,8639.308855291576,6.0
Super built-up  Area,Hoskote,1250.0,3.0,2.0,50.0,3.0,4000.0,6.0
Super built-up  Area,9th Phase JP Nagar,1100.0,2.0,1.0,65.0,2.0,5909.090909090909,4.0
Super built-up  Area,Other,1150.0,2.0,1.0,40.25,2.0,3500.0,4.0
Super built-up  Area,Jakkur,1100.0,2.0,1.0,53.35,2.0,4850.0,4.0
Plot  Area,Magadi Road,1350.0,1.0,0.0,100.0,2.0,7407.407407407408,3.0
Super built-up  Area,Panathur,1546.0,3.0,2.0,99.0,3.0,6403.622250970246,6.0
Super built-up  Area,Ambedkar Nagar,1424.0,2.0,2.0,90.0,2.0,6320.224719101124,4.0
Built-up  Area,Bellandur,1398.0,3.0,1.0,68.0,3.0,4864.0915593705295,6.0
Super built-up  Area,Indira Nagar,1650.0,3.0,2.0,200.0,3.0,12121.212121212122,6.0
Plot  Area,HBR Layout,1200.0,4.0,0.0,120.0,4.0,10000.0,8.0
Super built-up  Area,Brookefield,1476.0,3.0,2.0,105.0,3.0,7113.821138211382,6.0
Super built-up  Area,Magadi Road,1322.0,2.0,2.0,58.82,3.0,4449.3192133131615,5.0
Built-up  Area,Other,1100.0,2.0,2.0,55.0,2.0,5000.0,4.0
Super built-up  Area,Other,4750.0,5.0,2.0,600.0,4.0,12631.578947368422,9.0
Built-up  Area,Sarjapur,1285.0,2.0,2.0,68.0,3.0,5291.828793774319,5.0
Built-up  Area,Ambalipura,1150.0,2.0,2.0,80.0,2.0,6956.521739130435,4.0
Super built-up  Area,Thanisandra,1430.0,2.0,2.0,56.0,3.0,3916.083916083916,5.0
Super built-up  Area,Marathahalli,1350.0,2.0,2.0,62.0,3.0,4592.592592592592,5.0
Plot  Area,Other,1350.0,3.0,3.0,195.0,3.0,14444.444444444445,6.0
Built-up  Area,Thubarahalli,1185.0,2.0,2.0,65.0,2.0,5485.232067510548,4.0
Super built-up  Area,Bannerghatta Road,1760.0,3.0,2.0,67.0,3.0,3806.818181818182,6.0
Plot  Area,Other,2400.0,5.0,2.0,350.0,4.0,14583.333333333334,9.0
Super built-up  Area,Kanakpura Road,900.0,2.0,1.0,41.0,2.0,4555.555555555556,4.0
Super built-up  Area,Kanakpura Road,1297.0,2.0,1.0,105.0,2.0,8095.605242868157,4.0
Super built-up  Area,Other,1840.0,3.0,2.0,155.0,3.0,8423.91304347826,6.0
Built-up  Area,Ramamurthy Nagar,950.0,2.0,1.0,50.79,2.0,5346.315789473684,4.0
Carpet  Area,BTM 2nd Stage,950.0,2.0,1.0,52.0,2.0,5473.684210526316,4.0
Super built-up  Area,Yeshwanthpur,1277.5,2.0,0.0,95.815,2.0,7500.1956947162425,4.0
Super built-up  Area,Electronic City,1571.0,3.0,2.0,89.0,3.0,5665.1814131126675,6.0
Super built-up  Area,Electronic City Phase II,1031.0,2.0,1.0,55.0,2.0,5334.62657613967,4.0
Super built-up  Area,Whitefield,1485.0,2.0,1.0,90.0,2.0,6060.606060606061,4.0
Super built-up  Area,Ananth Nagar,1109.0,2.0,1.0,60.0,2.0,5410.279531109108,4.0
Super built-up  Area,Koramangala,2200.0,3.0,2.0,180.0,3.0,8181.818181818182,6.0
Super built-up  Area,Whitefield,950.0,1.0,1.0,50.0,1.0,5263.1578947368425,2.0
Plot  Area,Laggere,1200.0,2.0,0.0,150.0,3.0,12500.0,5.0
Super built-up  Area,Basavangudi,2350.0,3.0,3.0,300.0,3.0,12765.95744680851,6.0
Super built-up  Area,Electronic City Phase II,1003.0,2.0,1.0,40.6,2.0,4047.8564307078764,4.0
Plot  Area,Other,1350.0,2.0,1.0,185.0,2.0,13703.703703703704,4.0
Super built-up  Area,9th Phase JP Nagar,1080.0,2.0,2.0,37.0,2.0,3425.925925925926,4.0
Super built-up  Area,Hulimavu,1255.0,2.0,2.0,73.0,2.0,5816.733067729084,4.0
Super built-up  Area,Banaswadi,1250.0,2.0,0.0,60.0,2.0,4800.0,4.0
Plot  Area,Brookefield,1700.0,4.0,1.0,152.0,4.0,8941.176470588236,8.0
Plot  Area,Ramamurthy Nagar,1200.0,2.0,0.0,66.0,3.0,5500.0,5.0
Built-up  Area,Other,824.0,2.0,0.0,60.0,2.0,7281.553398058252,4.0
Super built-up  Area,1st Phase JP Nagar,1875.0,3.0,1.0,167.0,3.0,8906.666666666666,6.0
Built-up  Area,Bommasandra Industrial Area,1320.0,2.0,1.0,38.12,3.0,2887.8787878787875,5.0
Plot  Area,Kothanur,9600.0,5.0,2.0,550.0,5.0,5729.166666666667,10.0
Super built-up  Area,Uttarahalli,1330.0,2.0,1.0,47.0,3.0,3533.8345864661655,5.0
Super built-up  Area,Kaikondrahalli,1220.0,3.0,2.0,56.0,3.0,4590.163934426229,6.0
Super built-up  Area,Electronic City,1111.0,3.0,1.0,50.0,3.0,4500.450045004501,6.0
Super built-up  Area,Kothannur,1197.0,2.0,1.0,47.88,2.0,4000.0,4.0
Super built-up  Area,Marathahalli,2519.0,5.0,2.0,185.0,4.0,7344.184200079397,9.0
Super built-up  Area,Other,1340.0,2.0,1.0,100.0,3.0,7462.686567164179,5.0
Plot  Area,Old Madras Road,1450.0,3.0,3.0,132.0,4.0,9103.448275862069,7.0
Super built-up  Area,Hoodi,1837.0,3.0,3.0,145.0,3.0,7893.304300489929,6.0
Plot  Area,Haralur Road,1200.0,4.0,2.0,245.0,4.0,20416.666666666668,8.0
Super built-up  Area,Kudlu Gate,1238.0,2.0,3.0,55.0,2.0,4442.64943457189,4.0
Super built-up  Area,7th Phase JP Nagar,1405.0,2.0,2.0,59.01,3.0,4200.0,5.0
Super built-up  Area,Doddaballapur,1690.0,3.0,2.0,80.0,4.0,4733.7278106508875,7.0
Built-up  Area,Other,1620.0,2.0,1.0,110.0,3.0,6790.123456790124,5.0
Super built-up  Area,Kanakpura Road,1673.0,3.0,2.0,115.0,3.0,6873.879258816497,6.0
Plot  Area,Margondanahalli,1090.0,2.0,0.0,58.0,2.0,5321.100917431193,4.0
Super built-up  Area,Varthur,1112.0,2.0,2.0,40.0,2.0,3597.122302158273,4.0
Super built-up  Area,Marathahalli,1385.0,2.0,2.0,66.65,3.0,4812.274368231047,5.0
Super built-up  Area,Subramanyapura,985.0,2.0,1.0,58.0,2.0,5888.324873096447,4.0
Super built-up  Area,Kanakpura Road,825.0,1.0,0.0,36.29,1.0,4398.787878787879,2.0
Super built-up  Area,Kanakpura Road,1080.0,2.0,1.0,37.8,2.0,3499.9999999999995,4.0
Super built-up  Area,Hosa Road,1430.0,2.0,1.0,97.52,2.0,6819.580419580419,4.0
Super built-up  Area,Kengeri Satellite Town,1050.0,2.0,2.0,43.0,2.0,4095.2380952380954,4.0
Plot  Area,Kumaraswami Layout,2000.0,4.0,1.0,139.0,4.0,6950.0,8.0
Built-up  Area,Banashankari Stage VI,4800.0,4.0,3.0,190.0,4.0,3958.3333333333335,8.0
Built-up  Area,Other,1533.0,3.0,2.0,115.0,3.0,7501.630789302022,6.0
Plot  Area,Other,2800.0,3.0,2.0,500.0,4.0,17857.14285714286,7.0
Super built-up  Area,Malleshwaram,2610.0,3.0,2.0,399.0,3.0,15287.356321839081,6.0
Super built-up  Area,Lakshminarayana Pura,1750.0,3.0,2.0,150.0,3.0,8571.42857142857,6.0
Super built-up  Area,Prithvi Layout,1352.0,2.0,2.0,87.5,2.0,6471.89349112426,4.0
Super built-up  Area,Harlur,1754.0,3.0,2.0,125.0,3.0,7126.567844925884,6.0
Built-up  Area,Other,1560.0,3.0,2.0,85.0,3.0,5448.717948717948,6.0
Super built-up  Area,Bannerghatta,3012.0,6.0,2.0,268.0,4.0,8897.742363877822,10.0
Super built-up  Area,Whitefield,3584.0,4.0,2.0,199.0,4.0,5552.455357142857,8.0
Super built-up  Area,Channasandra,1470.0,2.0,1.0,90.0,3.0,6122.448979591837,5.0
Built-up  Area,9th Phase JP Nagar,1035.0,2.0,1.0,45.0,2.0,4347.826086956522,4.0
Plot  Area,Whitefield,2400.0,5.0,2.0,329.0,4.0,13708.333333333334,9.0
Built-up  Area,Kammanahalli,1160.0,2.0,1.0,52.0,2.0,4482.758620689655,4.0
Super built-up  Area,Jakkur,1100.0,2.0,2.0,52.0,2.0,4727.272727272727,4.0
Super built-up  Area,Horamavu Agara,1170.0,2.0,2.0,38.0,2.0,3247.863247863248,4.0
Super built-up  Area,Bannerghatta Road,595.0,1.0,1.0,31.83,1.0,5349.579831932773,2.0
Super built-up  Area,HSR Layout,1650.0,3.0,2.0,110.0,3.0,6666.666666666667,6.0
Super built-up  Area,1st Block Jayanagar,1875.0,2.0,3.0,235.0,3.0,12533.333333333334,5.0
Super built-up  Area,Other,1375.0,2.0,3.0,48.06,3.0,3495.2727272727275,5.0
Super built-up  Area,Ramagondanahalli,1235.0,2.0,1.0,46.8,2.0,3789.4736842105262,4.0
Super built-up  Area,Other,750.0,1.0,2.0,25.0,1.0,3333.3333333333335,2.0
Built-up  Area,7th Phase JP Nagar,1400.0,3.0,1.0,115.0,3.0,8214.285714285714,6.0
Super built-up  Area,Poorna Pragna Layout,1270.0,2.0,2.0,50.79,3.0,3999.212598425197,5.0
Super built-up  Area,Bannerghatta Road,1105.0,2.0,1.0,51.0,2.0,4615.384615384615,4.0
Super built-up  Area,Other,1375.0,2.0,3.0,85.0,3.0,6181.818181818182,5.0
Plot  Area,Attibele,2168.0,4.0,2.0,95.0,4.0,4381.918819188192,8.0
Super built-up  Area,Yelahanka,1065.0,2.0,1.0,40.84,2.0,3834.7417840375592,4.0
Plot  Area,Other,3800.0,3.0,0.0,580.0,3.0,15263.157894736842,6.0
Plot  Area,Raja Rajeshwari Nagar,3125.0,9.0,2.0,350.0,9.0,11200.0,18.0
Super built-up  Area,Whitefield,825.0,1.0,1.0,45.0,1.0,5454.545454545455,2.0
Built-up  Area,Other,1095.0,2.0,0.0,40.0,2.0,3652.9680365296804,4.0
Super built-up  Area,Other,1440.0,2.0,2.0,60.33,3.0,4189.583333333333,5.0
Super built-up  Area,Electronic City,870.0,2.0,1.0,39.5,2.0,4540.229885057472,4.0
Super built-up  Area,Panathur,1195.0,2.0,1.0,84.0,2.0,7029.28870292887,4.0
Super built-up  Area,Other,1200.0,2.0,1.0,49.5,2.0,4125.0,4.0
Super built-up  Area,Raja Rajeshwari Nagar,1530.0,3.0,3.0,61.2,3.0,4000.0,6.0
Super built-up  Area,Padmanabhanagar,1708.0,2.0,1.0,90.5,3.0,5298.594847775175,5.0
Super built-up  Area,Other,975.0,2.0,1.0,43.0,2.0,4410.25641025641,4.0
Built-up  Area,KR Puram,750.0,2.0,1.0,25.0,2.0,3333.3333333333335,4.0
Super built-up  Area,Iblur Village,1920.0,3.0,2.0,130.0,3.0,6770.833333333333,6.0
Super built-up  Area,Thanisandra,1183.0,2.0,1.0,58.56,2.0,4950.126796280642,4.0
Super built-up  Area,Mico Layout,1550.0,2.0,2.0,65.0,3.0,4193.548387096775,5.0
Super built-up  Area,Kaggadasapura,1110.0,2.0,3.0,53.0,2.0,4774.774774774774,4.0
Super built-up  Area,Kaggadasapura,1105.0,2.0,1.0,38.67,2.0,3499.547511312217,4.0
Plot  Area,Anekal,1800.0,3.0,2.0,68.0,3.0,3777.777777777778,6.0
Super built-up  Area,Other,2800.0,4.0,2.0,200.0,5.0,7142.857142857143,9.0
Super built-up  Area,Bommanahalli,1000.0,2.0,2.0,29.9,2.0,2990.0,4.0
Built-up  Area,Prithvi Layout,1190.0,2.0,2.0,68.0,2.0,5714.285714285715,4.0
Plot  Area,2nd Stage Nagarbhavi,1350.0,4.0,1.0,200.0,4.0,14814.814814814816,8.0
Super built-up  Area,Hebbal,3067.0,4.0,2.0,230.0,4.0,7499.184871209651,8.0
Super built-up  Area,Sarjapur  Road,1929.0,4.0,1.0,103.0,3.0,5339.554173146708,7.0
Built-up  Area,Ramamurthy Nagar,1525.0,3.0,1.0,100.0,3.0,6557.377049180328,6.0
Super built-up  Area,Nehru Nagar,1775.0,3.0,3.0,110.0,3.0,6197.183098591549,6.0
Built-up  Area,Banashankari,1125.0,2.0,1.0,63.0,2.0,5600.0,4.0
Super built-up  Area,Other,900.0,2.0,2.0,42.0,2.0,4666.666666666667,4.0
Super built-up  Area,Sarjapur  Road,1155.0,2.0,1.0,58.0,2.0,5021.645021645022,4.0
Built-up  Area,Hulimavu,1200.0,4.0,0.0,75.0,4.0,6250.0,8.0
Super built-up  Area,Sonnenahalli,1268.0,2.0,1.0,73.0,2.0,5757.097791798107,4.0
Built-up  Area,Other,1500.0,3.0,2.0,88.0,3.0,5866.666666666667,6.0
Super built-up  Area,Electronic City,630.0,1.0,1.0,47.0,1.0,7460.31746031746,2.0
Super built-up  Area,Seegehalli,1525.0,3.0,2.0,65.0,3.0,4262.295081967213,6.0
Super built-up  Area,Kaggadasapura,1060.0,2.0,2.0,48.0,2.0,4528.301886792453,4.0
Super built-up  Area,Lingadheeranahalli,1687.0,3.0,3.0,127.0,3.0,7528.156490812093,6.0
Super built-up  Area,Thanisandra,1847.0,3.0,2.0,123.0,3.0,6659.447753113156,6.0
Super built-up  Area,Begur Road,1410.0,2.0,3.0,53.0,3.0,3758.8652482269504,5.0
Super built-up  Area,7th Phase JP Nagar,1075.0,2.0,1.0,42.99,2.0,3999.0697674418607,4.0
Super built-up  Area,Rajaji Nagar,3526.0,4.0,2.0,492.0,4.0,13953.488372093023,8.0
Built-up  Area,BTM Layout,3000.0,3.0,0.0,338.0,3.0,11266.666666666666,6.0
Built-up  Area,Basavangudi,1500.0,2.0,1.0,143.0,3.0,9533.333333333334,5.0
Built-up  Area,Other,1010.0,2.0,2.0,46.0,2.0,4554.455445544554,4.0
Super built-up  Area,Haralur Road,1875.0,3.0,3.0,110.0,3.0,5866.666666666667,6.0
Super built-up  Area,Kanakpura Road,983.0,2.0,1.0,50.6,2.0,5147.5076297049845,4.0
Super built-up  Area,Kasturi Nagar,1101.0,2.0,2.0,65.0,2.0,5903.723887375114,4.0
Super built-up  Area,Other,1140.0,2.0,1.0,76.0,2.0,6666.666666666667,4.0
Super built-up  Area,Sarjapur  Road,1215.0,2.0,2.0,110.0,2.0,9053.497942386832,4.0
Super built-up  Area,Kengeri Satellite Town,1007.0,2.0,3.0,42.0,2.0,4170.8043694141015,4.0
Super built-up  Area,Bellandur,2039.0,3.0,2.0,168.0,3.0,8239.333006375675,6.0
Built-up  Area,Ulsoor,1020.0,3.0,2.0,110.0,3.0,10784.313725490196,6.0
Super built-up  Area,Other,1198.0,2.0,1.0,84.0,2.0,7011.686143572621,4.0
Built-up  Area,Other,4000.0,4.0,1.0,520.0,4.0,13000.0,8.0
Plot  Area,Other,1470.0,4.0,2.0,34.5,4.0,2346.938775510204,8.0
Built-up  Area,Other,1370.0,2.0,2.0,75.0,2.0,5474.4525547445255,4.0
Super built-up  Area,Other,1316.0,2.0,3.0,55.5,2.0,4217.325227963526,4.0
Super built-up  Area,Kaggadasapura,1350.0,3.0,1.0,55.5,3.0,4111.111111111111,6.0
Super built-up  Area,Other,1050.0,2.0,1.0,43.0,2.0,4095.2380952380954,4.0
Carpet  Area,KR Puram,1128.76,3.0,0.0,47.405,3.0,4199.741309047096,6.0
Super built-up  Area,Electronic City,921.0,2.0,1.0,34.0,2.0,3691.6395222584147,4.0
Super built-up  Area,Kundalahalli,1010.0,2.0,1.0,49.27,2.0,4878.217821782178,4.0
Super built-up  Area,KR Puram,1015.0,2.0,1.0,43.0,2.0,4236.453201970443,4.0
Plot  Area,TC Palaya,1200.0,2.0,0.0,66.5,3.0,5541.666666666667,5.0
Built-up  Area,Lakshminarayana Pura,1179.0,2.0,1.0,75.0,2.0,6361.323155216285,4.0
Built-up  Area,Anjanapura,1850.0,4.0,2.0,86.0,4.0,4648.648648648648,8.0
Super built-up  Area,Kammasandra,870.0,2.0,1.0,24.0,2.0,2758.6206896551726,4.0
Super built-up  Area,Bellandur,1605.0,3.0,2.0,85.0,3.0,5295.95015576324,6.0
Plot  Area,Banashankari Stage VI,2800.0,4.0,2.0,89.0,4.0,3178.5714285714284,8.0
Super built-up  Area,Malleshwaram,2475.0,4.0,3.0,320.0,3.0,12929.29292929293,7.0
Plot  Area,Other,3000.0,2.0,0.0,510.0,2.0,17000.0,4.0
Plot  Area,Other,2400.0,7.0,2.0,110.0,6.0,4583.333333333333,13.0
Super built-up  Area,Other,1000.0,1.0,1.0,55.0,2.0,5500.0,3.0
Plot  Area,Ramamurthy Nagar,1200.0,2.0,0.0,80.0,2.0,6666.666666666667,4.0
Plot  Area,Other,1200.0,2.0,2.0,125.0,2.0,10416.666666666666,4.0
Plot  Area,Kammasandra,1200.0,2.0,1.0,66.0,2.0,5500.0,4.0
Built-up  Area,Other,1200.0,2.0,2.0,50.0,2.0,4166.666666666667,4.0
Super built-up  Area,Hennur,1255.0,2.0,1.0,57.5,2.0,4581.673306772908,4.0
Super built-up  Area,Hosur Road,1085.0,2.0,2.0,30.38,2.0,2800.0,4.0
Super built-up  Area,Kanakpura Road,1592.0,3.0,2.0,125.0,3.0,7851.75879396985,6.0
Super built-up  Area,Other,1313.0,2.0,1.0,58.27,2.0,4437.928408225438,4.0
Super built-up  Area,Kogilu,1934.0,3.0,2.0,150.0,3.0,7755.946225439504,6.0
Super built-up  Area,Harlur,1200.0,2.0,1.0,49.5,2.0,4125.0,4.0
Super built-up  Area,Uttarahalli,3600.0,6.0,2.0,120.0,6.0,3333.3333333333335,12.0
Super built-up  Area,Old Madras Road,935.0,2.0,1.0,45.0,2.0,4812.834224598931,4.0
Built-up  Area,Bommasandra,877.0,2.0,2.0,30.0,2.0,3420.752565564424,4.0
Super built-up  Area,Other,936.0,2.0,2.0,42.0,2.0,4487.179487179487,4.0
Super built-up  Area,Nagasandra,1470.0,2.0,2.0,110.0,3.0,7482.993197278912,5.0
Built-up  Area,Other,1050.0,1.0,1.0,70.0,1.0,6666.666666666667,2.0
Super built-up  Area,Hennur Road,1232.0,2.0,0.0,69.61,2.0,5650.162337662337,4.0
Super built-up  Area,Ambedkar Nagar,2225.0,4.0,2.0,169.0,3.0,7595.505617977528,7.0
Plot  Area,Other,1200.0,2.0,0.0,80.0,3.0,6666.666666666667,5.0
Super built-up  Area,Dasarahalli,1901.0,3.0,2.0,119.0,3.0,6259.863229879011,6.0
Super built-up  Area,Sarjapur  Road,1819.0,3.0,2.0,100.0,3.0,5497.526113249038,6.0
Super built-up  Area,Old Madras Road,3715.0,6.0,0.0,200.5,4.0,5397.039030955585,10.0
Built-up  Area,9th Phase JP Nagar,5000.0,4.0,3.0,290.0,4.0,5800.0,8.0
Super built-up  Area,Other,1200.0,4.0,3.0,169.0,4.0,14083.333333333334,8.0
Super built-up  Area,Other,1256.0,2.0,1.0,60.0,2.0,4777.070063694267,4.0
Super built-up  Area,7th Phase JP Nagar,1100.0,2.0,2.0,44.0,2.0,4000.0,4.0
Plot  Area,TC Palaya,4800.0,3.0,3.0,302.0,4.0,6291.666666666667,7.0
Super built-up  Area,Kothanur,1435.0,3.0,3.0,70.0,3.0,4878.048780487805,6.0
Super built-up  Area,6th Phase JP Nagar,3245.0,4.0,2.0,250.0,4.0,7704.160246533128,8.0
Super built-up  Area,Sarjapur  Road,1845.0,4.0,1.0,110.0,3.0,5962.059620596206,7.0
Plot  Area,Jigani,2400.0,4.0,1.0,130.0,3.0,5416.666666666667,7.0
Super built-up  Area,Ulsoor,1200.0,2.0,0.0,60.0,2.0,5000.0,4.0
Super built-up  Area,Talaghattapura,2254.0,3.0,2.0,170.0,3.0,7542.147293700089,6.0
Super built-up  Area,Frazer Town,1750.0,3.0,2.0,150.0,3.0,8571.42857142857,6.0
Built-up  Area,Other,1020.0,2.0,1.0,37.0,2.0,3627.450980392157,4.0
Built-up  Area,Bommanahalli,515.0,1.0,1.0,25.0,1.0,4854.368932038835,2.0
Super built-up  Area,Lingadheeranahalli,1893.0,3.0,2.0,140.0,3.0,7395.66825145272,6.0
Super built-up  Area,Other,3025.0,3.0,0.0,500.0,3.0,16528.92561983471,6.0
Built-up  Area,Other,830.0,2.0,0.0,34.0,2.0,4096.385542168675,4.0
Built-up  Area,Singasandra,600.0,2.0,1.0,36.5,2.0,6083.333333333333,4.0
Super built-up  Area,Bisuvanahalli,1075.0,2.0,1.0,90.0,3.0,8372.093023255815,5.0
Plot  Area,Other,3200.0,4.0,2.0,1200.0,4.0,37500.0,8.0
Super built-up  Area,Kasavanhalli,1200.0,2.0,1.0,78.0,2.0,6500.0,4.0
Super built-up  Area,Sarjapur  Road,1233.0,2.0,2.0,77.65,2.0,6297.6480129764805,4.0
Super built-up  Area,Bannerghatta Road,1255.0,2.0,2.0,65.26,2.0,5200.000000000001,4.0
Super built-up  Area,Begur Road,1200.0,2.0,2.0,37.8,2.0,3149.9999999999995,4.0
Super built-up  Area,Varthur,2145.0,3.0,2.0,175.0,3.0,8158.508158508159,6.0
Built-up  Area,1st Phase JP Nagar,1500.0,5.0,2.0,85.0,5.0,5666.666666666667,10.0
Built-up  Area,Kothannur,740.0,2.0,1.0,34.0,2.0,4594.594594594595,4.0
Super built-up  Area,Kengeri,1250.0,3.0,3.0,48.0,3.0,3840.0,6.0
Super built-up  Area,Other,1210.0,2.0,2.0,40.0,2.0,3305.785123966942,4.0
Super built-up  Area,Sarjapur  Road,1525.0,2.0,2.0,60.0,3.0,3934.4262295081967,5.0
Built-up  Area,Kogilu,540.0,1.0,0.0,36.0,1.0,6666.666666666667,2.0
Super built-up  Area,Tumkur Road,1240.0,2.0,1.0,84.0,3.0,6774.193548387097,5.0
Super built-up  Area,Subramanyapura,1245.0,2.0,1.0,68.0,3.0,5461.847389558233,5.0
Plot  Area,Other,1865.0,3.0,3.0,350.0,3.0,18766.756032171583,6.0
Super built-up  Area,Hosa Road,1104.0,2.0,0.0,36.43,2.0,3299.81884057971,4.0
Super built-up  Area,Bisuvanahalli,1075.0,2.0,1.0,35.99,3.0,3347.906976744186,5.0
Built-up  Area,Nagavara,2200.0,2.0,1.0,55.0,2.0,2500.0,4.0
Super built-up  Area,Whitefield,1155.0,2.0,1.0,60.0,2.0,5194.805194805195,4.0
Super built-up  Area,Other,1520.0,2.0,3.0,62.0,2.0,4078.9473684210525,4.0
Super built-up  Area,Thigalarapalya,3122.0,6.0,2.0,245.0,4.0,7847.533632286995,10.0
Super built-up  Area,Harlur,1290.0,2.0,1.0,85.0,2.0,6589.147286821705,4.0
Built-up  Area,Other,2300.0,3.0,2.0,80.0,3.0,3478.2608695652175,6.0
Built-up  Area,Kannamangala,3000.0,4.0,0.0,200.0,4.0,6666.666666666667,8.0
Built-up  Area,Other,400.0,1.0,0.0,14.0,1.0,3500.0,2.0
Super built-up  Area,Banashankari,1340.0,2.0,3.0,53.6,3.0,4000.0,5.0
Super built-up  Area,Malleshwaram,900.0,2.0,1.0,95.0,2.0,10555.555555555555,4.0
Plot  Area,Rajaji Nagar,1800.0,4.0,2.0,324.0,6.0,18000.0,10.0
Super built-up  Area,Hennur Road,987.0,2.0,1.0,49.0,2.0,4964.5390070921985,4.0
Super built-up  Area,Old Madras Road,1720.0,3.0,2.0,100.0,3.0,5813.953488372093,6.0
Super built-up  Area,Hebbal,1040.0,2.0,1.0,50.0,2.0,4807.692307692308,4.0
Built-up  Area,Anandapura,900.0,2.0,0.0,64.0,2.0,7111.111111111111,4.0
Built-up  Area,Raja Rajeshwari Nagar,1030.0,2.0,1.0,50.0,2.0,4854.368932038835,4.0
Super built-up  Area,Neeladri Nagar,2556.0,3.0,2.0,133.0,3.0,5203.442879499217,6.0
Super built-up  Area,Basavangudi,1850.0,3.0,1.0,168.0,3.0,9081.081081081082,6.0
Super built-up  Area,Balagere,1028.0,2.0,1.0,31.86,2.0,3099.2217898832687,4.0
Super built-up  Area,7th Phase JP Nagar,1270.0,2.0,1.0,83.0,2.0,6535.433070866142,4.0
Built-up  Area,Sahakara Nagar,1655.0,3.0,1.0,115.0,3.0,6948.640483383686,6.0
Built-up  Area,Electronics City Phase 1,940.0,2.0,1.0,40.0,2.0,4255.31914893617,4.0
Super built-up  Area,Domlur,1050.0,2.0,2.0,85.0,2.0,8095.238095238095,4.0
Super built-up  Area,Other,946.0,2.0,1.0,38.0,2.0,4016.913319238901,4.0
Built-up  Area,CV Raman Nagar,1726.0,3.0,3.0,145.0,3.0,8400.92699884125,6.0
Super built-up  Area,Sarakki Nagar,2121.0,4.0,3.0,253.0,3.0,11928.335690711929,7.0
Super built-up  Area,Vittasandra,1404.0,2.0,1.0,75.0,2.0,5341.880341880342,4.0
Super built-up  Area,Sarjapur,1525.0,2.0,2.0,48.0,3.0,3147.5409836065573,5.0
Super built-up  Area,Kengeri,1025.0,2.0,2.0,57.0,2.0,5560.975609756098,4.0
Plot  Area,Other,1575.0,4.0,0.0,150.0,5.0,9523.809523809523,9.0
Built-up  Area,Other,860.0,1.0,1.0,43.0,2.0,5000.0,3.0
Super built-up  Area,Talaghattapura,1223.0,2.0,1.0,42.81,3.0,3500.408830744072,5.0
Super built-up  Area,Other,3750.0,3.0,2.0,550.0,4.0,14666.666666666666,7.0
Super built-up  Area,Kothannur,1197.0,2.0,1.0,47.8,2.0,3993.316624895572,4.0
Super built-up  Area,Garudachar Palya,1150.0,2.0,1.0,52.75,2.0,4586.95652173913,4.0
Built-up  Area,Other,4800.0,5.0,3.0,629.0,4.0,13104.166666666666,9.0
Super built-up  Area,R.T. Nagar,1040.0,2.0,2.0,46.0,2.0,4423.076923076923,4.0
Super built-up  Area,Banashankari,1310.0,2.0,2.0,80.0,2.0,6106.8702290076335,4.0
Super built-up  Area,Uttarahalli,1788.0,3.0,2.0,98.34,3.0,5500.0,6.0
Super built-up  Area,Raja Rajeshwari Nagar,1144.0,2.0,2.0,38.55,2.0,3369.7552447552443,4.0
Super built-up  Area,Anjanapura,1070.0,2.0,2.0,39.0,2.0,3644.8598130841124,4.0
Super built-up  Area,Other,1200.0,2.0,2.0,70.0,2.0,5833.333333333333,4.0
Super built-up  Area,Ambedkar Nagar,1862.0,3.0,2.0,120.0,3.0,6444.68313641246,6.0
Plot  Area,Margondanahalli,1200.0,2.0,1.0,58.5,2.0,4875.0,4.0
Super built-up  Area,Begur Road,970.0,2.0,2.0,27.0,2.0,2783.505154639175,4.0
Super built-up  Area,Kasavanhalli,1646.0,3.0,2.0,79.5,3.0,4829.890643985419,6.0
Super built-up  Area,Sarjapur  Road,4395.0,4.0,2.0,242.0,4.0,5506.257110352673,8.0
Super built-up  Area,Iblur Village,1995.0,3.0,2.0,135.0,3.0,6766.917293233083,6.0
Plot  Area,1st Block Jayanagar,2400.0,4.0,2.0,450.0,4.0,18750.0,8.0
Super built-up  Area,Hosakerehalli,1085.0,2.0,1.0,47.74,2.0,4400.0,4.0
Super built-up  Area,Budigere,1139.0,2.0,2.0,56.8,2.0,4986.830553116769,4.0
Super built-up  Area,Haralur Road,1092.0,2.0,2.0,44.0,2.0,4029.3040293040294,4.0
Super built-up  Area,Other,1767.0,3.0,2.0,98.0,3.0,5546.1233729485,6.0
Built-up  Area,Other,1700.0,3.0,2.0,80.0,3.0,4705.882352941177,6.0
Super built-up  Area,Bellandur,1692.0,3.0,2.0,88.0,3.0,5200.945626477542,6.0
Built-up  Area,6th Phase JP Nagar,1645.0,3.0,3.0,100.0,3.0,6079.0273556231,6.0
Super built-up  Area,Uttarahalli,1345.0,2.0,1.0,57.0,3.0,4237.918215613383,5.0
Super built-up  Area,Other,1100.0,2.0,1.0,60.0,2.0,5454.545454545455,4.0
Super built-up  Area,Gollarapalya Hosahalli,1408.0,3.0,3.0,62.0,3.0,4403.409090909091,6.0
Plot  Area,Banashankari Stage III,2400.0,4.0,1.0,240.0,4.0,10000.0,8.0
Plot  Area,Kadugodi,1920.0,4.0,2.0,200.0,4.0,10416.666666666666,8.0
Plot  Area,Other,6040.0,4.0,2.0,170.0,5.0,2814.569536423841,9.0
Super built-up  Area,Thigalarapalya,2072.0,4.0,2.0,150.0,3.0,7239.382239382239,7.0
Super built-up  Area,Malleshwaram,1420.0,2.0,1.0,158.0,2.0,11126.760563380281,4.0
Plot  Area,Electronics City Phase 1,2040.0,3.0,2.0,137.0,3.0,6715.686274509804,6.0
Super built-up  Area,Sarjapur  Road,1220.0,3.0,2.0,56.0,3.0,4590.163934426229,6.0
Plot  Area,8th Phase JP Nagar,1200.0,4.0,2.0,145.0,4.0,12083.333333333334,8.0
Super built-up  Area,Other,1300.0,2.0,1.0,79.0,2.0,6076.923076923077,4.0
Super built-up  Area,Electronics City Phase 1,1150.0,2.0,2.0,39.0,2.0,3391.304347826087,4.0
Super built-up  Area,KR Puram,1470.0,2.0,2.0,86.0,2.0,5850.340136054422,4.0
Super built-up  Area,Hosa Road,1063.0,2.0,1.0,31.9,2.0,3000.9407337723424,4.0
Super built-up  Area,Other,1311.0,2.0,2.0,48.0,2.0,3661.3272311212813,4.0
Super built-up  Area,Other,3500.0,4.0,3.0,350.0,4.0,10000.0,8.0
Super built-up  Area,Other,1400.0,2.0,2.0,55.0,3.0,3928.5714285714284,5.0
Built-up  Area,Kanakpura Road,2200.0,2.0,0.0,62.0,2.0,2818.181818181818,4.0
Built-up  Area,Vidyaranyapura,1060.0,2.0,2.0,55.0,2.0,5188.679245283019,4.0
Built-up  Area,Other,1000.0,2.0,0.0,110.0,3.0,11000.0,5.0
Super built-up  Area,Sector 7 HSR Layout,1760.0,3.0,2.0,145.0,3.0,8238.636363636364,6.0
Super built-up  Area,Whitefield,2010.0,3.0,3.0,92.0,3.0,4577.114427860696,6.0
Super built-up  Area,Kanakpura Road,1480.0,2.0,2.0,64.23,3.0,4339.864864864865,5.0
Super built-up  Area,8th Phase JP Nagar,1230.0,2.0,2.0,43.5,3.0,3536.5853658536585,5.0
Super built-up  Area,Gottigere,1300.0,3.0,3.0,65.0,3.0,5000.0,6.0
Super built-up  Area,Frazer Town,4850.0,6.0,2.0,385.0,4.0,7938.144329896907,10.0
Super built-up  Area,Singasandra,1100.0,2.0,1.0,52.0,2.0,4727.272727272727,4.0
Super built-up  Area,Harlur,1752.12,3.0,2.0,116.0,3.0,6620.551103805676,6.0
Super built-up  Area,Marathahalli,957.0,2.0,1.0,46.9,2.0,4900.73145245559,4.0
Super built-up  Area,Balagere,790.5,1.0,0.0,41.9,1.0,5300.44275774826,2.0
Built-up  Area,Other,1942.0,3.0,2.0,102.0,3.0,5252.317198764161,6.0
Built-up  Area,Other,1000.0,2.0,2.0,53.0,2.0,5300.0,4.0
Super built-up  Area,Yeshwanthpur,668.0,1.0,1.0,36.85,1.0,5516.4670658682635,2.0
Plot  Area,Other,3000.0,6.0,3.0,1000.0,5.0,33333.333333333336,11.0
Super built-up  Area,Uttarahalli,1089.0,2.0,1.0,43.55,2.0,3999.0817263544536,4.0
Super built-up  Area,Thanisandra,1800.0,3.0,3.0,90.0,3.0,5000.0,6.0
Super built-up  Area,Yelahanka New Town,960.0,2.0,1.0,18.0,1.0,1875.0,3.0
Super built-up  Area,Yelahanka,1036.0,2.0,3.0,39.35,2.0,3798.262548262548,4.0
Super built-up  Area,Marathahalli,1583.0,3.0,3.0,105.0,3.0,6632.975363234365,6.0
Built-up  Area,7th Phase JP Nagar,3300.0,4.0,0.0,150.0,4.0,4545.454545454545,8.0
Super built-up  Area,Padmanabhanagar,1100.0,2.0,2.0,65.0,2.0,5909.090909090909,4.0
Plot  Area,Other,800.0,1.0,1.0,100.0,1.0,12500.0,2.0
Super built-up  Area,Vittasandra,1246.0,2.0,1.0,65.0,2.0,5216.69341894061,4.0
Super built-up  Area,Dodda Nekkundi,850.0,2.0,3.0,28.0,2.0,3294.1176470588234,4.0
Super built-up  Area,Raja Rajeshwari Nagar,1196.0,2.0,2.0,51.51,2.0,4306.8561872909695,4.0
Super built-up  Area,Thanisandra,1697.0,3.0,2.0,114.0,3.0,6717.737183264585,6.0
Built-up  Area,TC Palaya,1000.0,2.0,0.0,64.0,2.0,6400.0,4.0
Super built-up  Area,HRBR Layout,1567.0,3.0,3.0,90.0,3.0,5743.458838544991,6.0
Plot  Area,Sarjapur  Road,3750.0,6.0,3.0,290.0,4.0,7733.333333333333,10.0
Super built-up  Area,Other,950.0,2.0,2.0,45.0,2.0,4736.8421052631575,4.0
Super built-up  Area,Other,1022.0,2.0,2.0,52.0,2.0,5088.062622309198,4.0
Super built-up  Area,Kammasandra,1018.0,2.0,0.0,23.45,2.0,2303.5363457760313,4.0
Plot  Area,Other,2000.0,3.0,2.0,25.0,4.0,1250.0,7.0
Super built-up  Area,Bharathi Nagar,1322.0,2.0,2.0,68.0,2.0,5143.721633888048,4.0
Plot  Area,Other,1800.0,4.0,2.0,145.0,4.0,8055.555555555556,8.0
Super built-up  Area,Doddakallasandra,1460.0,2.0,2.0,58.39,3.0,3999.3150684931506,5.0
Super built-up  Area,Other,990.0,2.0,1.0,44.55,2.0,4500.0,4.0
Built-up  Area,Other,2400.0,3.0,1.0,260.0,3.0,10833.333333333334,6.0
Super built-up  Area,Whitefield,1635.0,2.0,2.0,85.0,3.0,5198.7767584097855,5.0
Super built-up  Area,Rajaji Nagar,3526.0,4.0,1.0,558.0,4.0,15825.2977878616,8.0
Built-up  Area,Padmanabhanagar,3400.0,3.0,1.0,210.0,4.0,6176.470588235294,7.0
Built-up  Area,Other,2770.0,3.0,1.0,460.0,3.0,16606.49819494585,6.0
Super built-up  Area,EPIP Zone,3035.0,5.0,0.0,200.0,4.0,6589.785831960461,9.0
Super built-up  Area,Other,1533.0,3.0,2.0,85.0,3.0,5544.683626875408,6.0
Super built-up  Area,Akshaya Nagar,1720.0,3.0,1.0,134.0,3.0,7790.697674418605,6.0
Super built-up  Area,Frazer Town,2000.0,3.0,1.0,200.0,3.0,10000.0,6.0
Super built-up  Area,Yeshwanthpur,1185.0,2.0,2.0,75.84,2.0,6400.0,4.0
Super built-up  Area,Varthur Road,900.0,2.0,1.0,27.0,2.0,3000.0,4.0
Built-up  Area,Attibele,395.0,1.0,1.0,10.25,1.0,2594.9367088607596,2.0
Super built-up  Area,Electronic City Phase II,1031.0,2.0,1.0,56.35,2.0,5465.56741028128,4.0
Plot  Area,Other,2400.0,8.0,2.0,650.0,6.0,27083.333333333332,14.0
Super built-up  Area,Thanisandra,2650.0,4.0,2.0,240.0,4.0,9056.603773584906,8.0
Plot  Area,Basaveshwara Nagar,2400.0,5.0,1.0,415.0,5.0,17291.666666666668,10.0
Super built-up  Area,Hennur,1259.0,2.0,2.0,57.0,2.0,4527.4027005559965,4.0
Built-up  Area,Raja Rajeshwari Nagar,1570.0,3.0,2.0,88.0,3.0,5605.095541401274,6.0
Built-up  Area,Bisuvanahalli,1075.0,2.0,1.0,36.0,3.0,3348.8372093023254,5.0
Super built-up  Area,Whitefield,1216.0,2.0,1.0,79.0,2.0,6496.710526315789,4.0
Super built-up  Area,Sarjapur  Road,1428.0,2.0,2.0,66.0,3.0,4621.848739495798,5.0
Super built-up  Area,Begur Road,1160.0,2.0,2.0,40.59,2.0,3499.1379310344832,4.0
Super built-up  Area,Other,1475.0,3.0,2.0,70.0,3.0,4745.762711864407,6.0
Super built-up  Area,Harlur,1754.0,3.0,2.0,135.0,3.0,7696.693272519954,6.0
Super built-up  Area,Rayasandra,1639.0,3.0,1.0,83.0,3.0,5064.063453325199,6.0
Super built-up  Area,Hennur Road,1804.0,3.0,2.0,102.0,3.0,5654.10199556541,6.0
Plot  Area,Whitefield,1200.0,3.0,2.0,56.2,3.0,4683.333333333333,6.0
Built-up  Area,Other,1135.0,2.0,3.0,55.0,2.0,4845.814977973569,4.0
Super built-up  Area,Begur Road,1260.0,2.0,2.0,46.62,2.0,3700.0,4.0
Built-up  Area,Hennur Road,2160.0,3.0,2.0,160.0,3.0,7407.407407407408,6.0
Super built-up  Area,Rachenahalli,1220.0,2.0,2.0,59.5,2.0,4877.049180327869,4.0
Plot  Area,Margondanahalli,1200.0,2.0,0.0,67.0,2.0,5583.333333333333,4.0
Super built-up  Area,Yelahanka,1300.0,2.0,3.0,65.0,2.0,5000.0,4.0
Super built-up  Area,Cox Town,605.0,1.0,1.0,29.0,1.0,4793.388429752066,2.0
Super built-up  Area,Bhoganhalli,1444.0,2.0,1.0,75.97,2.0,5261.0803324099725,4.0
Built-up  Area,Amruthahalli,924.0,2.0,1.0,45.0,2.0,4870.12987012987,4.0
Super built-up  Area,Kaikondrahalli,1000.0,2.0,1.0,30.0,2.0,3000.0,4.0
Plot  Area,Other,1200.0,3.0,3.0,225.0,3.0,18750.0,6.0
Super built-up  Area,Bisuvanahalli,845.0,2.0,1.0,29.0,2.0,3431.9526627218934,4.0
Super built-up  Area,Kanakpura Road,700.0,2.0,1.0,35.0,2.0,5000.0,4.0
Super built-up  Area,Kothanur,1187.0,2.0,2.0,58.0,2.0,4886.2679022746415,4.0
Super built-up  Area,Kaggadasapura,1625.0,3.0,2.0,55.0,3.0,3384.6153846153848,6.0
Plot  Area,Devarachikkanahalli,1200.0,2.0,2.0,83.0,2.0,6916.666666666667,4.0
Super built-up  Area,Other,1452.55,2.0,3.0,110.0,2.0,7572.889057175313,4.0
Built-up  Area,Other,2357.0,3.0,2.0,151.0,3.0,6406.448875689436,6.0
Super built-up  Area,Kaval Byrasandra,1200.0,2.0,1.0,49.5,2.0,4125.0,4.0
Super built-up  Area,Budigere,1139.0,2.0,2.0,56.85,2.0,4991.220368744513,4.0
Built-up  Area,Basavangudi,600.0,1.0,0.0,97.5,1.0,16250.0,2.0
Super built-up  Area,Kanakpura Road,1660.0,3.0,3.0,75.0,3.0,4518.0722891566265,6.0
Super built-up  Area,Other,1170.0,2.0,3.0,105.0,2.0,8974.358974358975,4.0
Super built-up  Area,Somasundara Palya,1448.0,2.0,2.0,68.0,2.0,4696.132596685083,4.0
Super built-up  Area,Kadugodi,1762.0,3.0,3.0,110.0,3.0,6242.905788876277,6.0
Super built-up  Area,Kaggadasapura,1105.0,2.0,1.0,38.65,2.0,3497.737556561086,4.0
Super built-up  Area,Yelahanka,1825.0,3.0,1.0,105.0,3.0,5753.424657534247,6.0
Super built-up  Area,Thanisandra,1185.0,2.0,2.0,43.0,2.0,3628.6919831223627,4.0
Built-up  Area,Electronic City Phase II,1320.0,2.0,1.0,38.12,3.0,2887.8787878787875,5.0
Super built-up  Area,Hulimavu,1058.0,2.0,1.0,48.0,2.0,4536.862003780719,4.0
Super built-up  Area,Bellandur,1220.0,2.0,2.0,60.0,2.0,4918.0327868852455,4.0
Super built-up  Area,Sarjapur,925.0,2.0,1.0,25.0,2.0,2702.7027027027025,4.0
Super built-up  Area,Old Madras Road,1200.0,2.0,1.0,72.0,2.0,6000.0,4.0
Super built-up  Area,Kengeri,1160.0,2.0,2.0,40.6,3.0,3500.0,5.0
Super built-up  Area,Other,1411.0,3.0,2.0,91.72,3.0,6500.3543586109145,6.0
Super built-up  Area,Bannerghatta Road,1550.0,3.0,2.0,78.0,3.0,5032.258064516129,6.0
Super built-up  Area,Green Glen Layout,3250.0,4.0,3.0,230.0,4.0,7076.923076923077,8.0
Super built-up  Area,Haralur Road,2475.0,4.0,2.0,130.0,3.0,5252.525252525253,7.0
Super built-up  Area,7th Phase JP Nagar,2503.0,4.0,0.0,188.0,4.0,7510.986815821015,8.0
Super built-up  Area,Marathahalli,2524.0,5.0,2.0,190.0,4.0,7527.733755942948,9.0
Super built-up  Area,Kaggadasapura,1063.0,2.0,2.0,42.0,2.0,3951.081843838194,4.0
Super built-up  Area,Kanakpura Road,1077.0,2.0,1.0,37.7,2.0,3500.4642525533895,4.0
Super built-up  Area,Other,1200.0,3.0,2.0,44.0,2.0,3666.6666666666665,5.0
Built-up  Area,Hosakerehalli,1500.0,3.0,2.0,70.0,4.0,4666.666666666667,7.0
Super built-up  Area,Jalahalli,1045.0,2.0,2.0,76.77,2.0,7346.411483253589,4.0
Super built-up  Area,Kanakapura,1290.0,2.0,3.0,45.15,3.0,3500.0,5.0
Super built-up  Area,Hoodi,1400.0,2.0,1.0,78.0,2.0,5571.428571428572,4.0
Built-up  Area,Begur Road,1600.0,3.0,2.0,58.14,3.0,3633.75,6.0
Super built-up  Area,Other,3095.0,3.0,3.0,375.0,3.0,12116.316639741519,6.0
Super built-up  Area,Nagavara,1545.0,2.0,1.0,58.0,3.0,3754.045307443366,5.0
Super built-up  Area,Sarjapur  Road,1680.0,3.0,1.0,112.0,3.0,6666.666666666667,6.0
Built-up  Area,Other,1350.0,2.0,1.0,67.5,2.0,5000.0,4.0
Super built-up  Area,Gottigere,950.0,2.0,1.0,38.0,2.0,4000.0,4.0
Super built-up  Area,Thanisandra,1050.0,2.0,2.0,45.0,2.0,4285.714285714285,4.0
Super built-up  Area,Banashankari Stage V,1305.0,2.0,2.0,49.0,3.0,3754.7892720306513,5.0
Built-up  Area,Kodichikkanahalli,2700.0,7.0,2.0,125.0,5.0,4629.62962962963,12.0
Plot  Area,Other,1100.0,3.0,1.0,78.0,3.0,7090.909090909091,6.0
Built-up  Area,Thanisandra,3500.0,5.0,0.0,160.0,6.0,4571.428571428572,11.0
Super built-up  Area,Begur Road,1634.0,3.0,1.0,83.33,3.0,5099.7552019583845,6.0
Super built-up  Area,Prithvi Layout,1352.0,2.0,2.0,85.0,2.0,6286.98224852071,4.0
Super built-up  Area,Balagere,1145.0,2.0,2.0,65.0,2.0,5676.855895196507,4.0
Super built-up  Area,Other,1240.0,2.0,2.0,43.79,2.0,3531.451612903226,4.0
Super built-up  Area,7th Phase JP Nagar,2200.0,3.0,2.0,190.0,3.0,8636.363636363636,6.0
Super built-up  Area,Bommasandra Industrial Area,1020.0,2.0,1.0,39.0,2.0,3823.529411764706,4.0
Super built-up  Area,Other,3600.0,4.0,2.0,365.0,4.0,10138.888888888889,8.0
Super built-up  Area,Raja Rajeshwari Nagar,1168.0,2.0,1.0,61.0,2.0,5222.602739726028,4.0
Super built-up  Area,Electronic City Phase II,1205.0,2.0,1.0,75.0,2.0,6224.066390041494,4.0
Super built-up  Area,Yeshwanthpur,1195.0,2.0,2.0,100.0,2.0,8368.200836820084,4.0
Built-up  Area,CV Raman Nagar,1028.0,2.0,1.0,49.0,2.0,4766.536964980544,4.0
Super built-up  Area,Other,1175.0,2.0,2.0,48.27,2.0,4108.085106382979,4.0
Super built-up  Area,Pai Layout,1550.0,2.0,2.0,90.0,3.0,5806.451612903225,5.0
Super built-up  Area,Yeshwanthpur,1826.0,3.0,2.0,165.0,3.0,9036.144578313253,6.0
Plot  Area,Hoodi,2400.0,5.0,2.0,160.0,5.0,6666.666666666667,10.0
Super built-up  Area,Yelahanka,1603.0,3.0,2.0,96.0,3.0,5988.7710542732375,6.0
Built-up  Area,Marathahalli,1350.0,3.0,1.0,72.0,3.0,5333.333333333333,6.0
Built-up  Area,KR Puram,714.0,1.0,1.0,28.0,1.0,3921.5686274509803,2.0
Super built-up  Area,Whitefield,1215.0,2.0,3.0,65.0,2.0,5349.794238683127,4.0
Built-up  Area,Malleshpalya,1405.0,2.0,2.0,77.0,3.0,5480.427046263345,5.0
Super built-up  Area,KR Puram,1142.0,2.0,1.0,51.0,2.0,4465.84938704028,4.0
Built-up  Area,Other,4000.0,4.0,3.0,170.0,4.0,4250.0,8.0
Super built-up  Area,Whitefield,1870.0,3.0,2.0,90.0,3.0,4812.834224598931,6.0
Super built-up  Area,Subramanyapura,1313.0,2.0,2.0,73.0,2.0,5559.786747905559,4.0
Built-up  Area,Other,1945.0,3.0,3.0,120.0,3.0,6169.665809768638,6.0
Super built-up  Area,Thanisandra,1573.0,3.0,2.0,95.0,3.0,6039.4151303242215,6.0
Super built-up  Area,Sarjapur  Road,1255.0,2.0,1.0,92.0,2.0,7330.677290836654,4.0
Super built-up  Area,Benson Town,1400.0,3.0,2.0,91.15,4.0,6510.714285714285,7.0
Super built-up  Area,Kannamangala,1235.0,2.0,2.0,43.63,2.0,3532.7935222672063,4.0
Super built-up  Area,Sarjapur  Road,1380.0,2.0,1.0,52.0,3.0,3768.1159420289855,5.0
Super built-up  Area,Other,1465.0,2.0,3.0,74.72,3.0,5100.341296928327,5.0
Super built-up  Area,Thigalarapalya,1418.0,2.0,2.0,103.0,2.0,7263.7517630465445,4.0
Super built-up  Area,Other,1650.0,3.0,1.0,165.0,3.0,10000.0,6.0
Built-up  Area,Anekal,351.0,1.0,1.0,16.0,1.0,4558.404558404558,2.0
Super built-up  Area,Uttarahalli,1279.0,2.0,2.0,48.0,2.0,3752.9319781078966,4.0
Built-up  Area,Kasavanhalli,1870.0,3.0,1.0,200.0,3.0,10695.187165775402,6.0
Plot  Area,Other,1500.0,5.0,1.0,230.0,4.0,15333.333333333334,9.0
Super built-up  Area,Hebbal,2526.0,2.0,2.0,250.0,3.0,9897.070467141726,5.0
Plot  Area,Other,1550.0,2.0,1.0,150.0,3.0,9677.41935483871,5.0
Super built-up  Area,Uttarahalli,1845.0,2.0,1.0,68.27,3.0,3700.271002710027,5.0
Super built-up  Area,Other,1360.0,2.0,1.0,59.27,3.0,4358.088235294118,5.0
Built-up  Area,Other,1150.0,2.0,1.0,75.0,3.0,6521.739130434783,5.0
Super built-up  Area,Whitefield,1260.0,2.0,2.0,49.5,2.0,3928.5714285714284,4.0
Plot  Area,Other,1200.0,3.0,1.0,74.0,3.0,6166.666666666667,6.0
Built-up  Area,Dasanapura,965.0,2.0,1.0,42.5,2.0,4404.145077720207,4.0
Built-up  Area,Hoodi,1350.0,2.0,3.0,48.0,3.0,3555.5555555555557,5.0
Super built-up  Area,Bhoganhalli,1447.0,2.0,1.0,75.97,2.0,5250.172771250864,4.0
Super built-up  Area,Other,1229.0,3.0,1.0,86.03,3.0,7000.0,6.0
Super built-up  Area,Kudlu,1027.0,2.0,2.0,43.0,2.0,4186.952288218111,4.0
Super built-up  Area,Gottigere,1153.0,2.0,1.0,48.5,2.0,4206.418039895923,4.0
Super built-up  Area,Whitefield,2856.0,5.0,0.0,145.5,4.0,5094.53781512605,9.0
Super built-up  Area,Malleshpalya,1065.0,2.0,2.0,50.0,2.0,4694.835680751174,4.0
Built-up  Area,Other,1030.0,2.0,3.0,61.0,2.0,5922.330097087379,4.0
Super built-up  Area,Mallasandra,1340.0,2.0,2.0,61.0,2.0,4552.238805970149,4.0
Built-up  Area,Other,600.0,1.0,0.0,32.0,1.0,5333.333333333333,2.0
Super built-up  Area,Begur Road,1410.0,2.0,3.0,44.42,3.0,3150.354609929078,5.0
Super built-up  Area,Varthur,1055.0,2.0,2.0,45.35,2.0,4298.578199052133,4.0
Super built-up  Area,Yelahanka,1304.0,2.0,1.0,79.0,2.0,6058.2822085889575,4.0
Super built-up  Area,Other,2720.0,4.0,1.0,485.0,4.0,17830.882352941175,8.0
Built-up  Area,Kammasandra,990.0,2.0,1.0,31.5,2.0,3181.818181818182,4.0
Super built-up  Area,7th Phase JP Nagar,1035.0,2.0,1.0,39.33,2.0,3800.0,4.0
Super built-up  Area,Tumkur Road,700.0,1.0,0.0,30.09,1.0,4298.571428571428,2.0
Super built-up  Area,Sonnenahalli,1120.0,2.0,2.0,43.0,2.0,3839.285714285714,4.0
Super built-up  Area,Haralur Road,1300.0,2.0,2.0,73.0,2.0,5615.384615384615,4.0
Super built-up  Area,Tumkur Road,1239.0,2.0,1.0,82.0,2.0,6618.240516545601,4.0
Super built-up  Area,Hosa Road,1365.0,2.0,1.0,92.0,2.0,6739.92673992674,4.0
Super built-up  Area,Other,1165.0,2.0,1.0,135.0,2.0,11587.982832618025,4.0
Super built-up  Area,Subramanyapura,1130.0,2.0,3.0,45.19,3.0,3999.1150442477874,5.0
Super built-up  Area,Green Glen Layout,1776.42,3.0,2.0,105.0,3.0,5910.764346269463,6.0
Super built-up  Area,Other,1107.0,2.0,2.0,33.0,2.0,2981.029810298103,4.0
Super built-up  Area,Nagavara,2319.0,3.0,2.0,180.0,3.0,7761.966364812419,6.0
Super built-up  Area,Other,1520.0,3.0,3.0,80.0,3.0,5263.1578947368425,6.0
Super built-up  Area,Kannamangala,1536.0,3.0,1.0,89.0,3.0,5794.270833333333,6.0
Built-up  Area,Other,3000.0,4.0,2.0,240.0,4.0,8000.0,8.0
Super built-up  Area,Other,1050.0,2.0,1.0,38.0,2.0,3619.0476190476193,4.0
Super built-up  Area,Hoodi,1850.0,3.0,2.0,146.0,3.0,7891.891891891892,6.0
Super built-up  Area,Billekahalli,1112.0,2.0,2.0,62.0,2.0,5575.5395683453235,4.0
Super built-up  Area,Marathahalli,1535.0,3.0,2.0,72.5,3.0,4723.127035830619,6.0
Built-up  Area,Kanakpura Road,1050.0,2.0,1.0,35.0,2.0,3333.3333333333335,4.0
Plot  Area,Banashankari,2400.0,3.0,2.0,370.0,4.0,15416.666666666666,7.0
Super built-up  Area,7th Phase JP Nagar,1250.0,3.0,2.0,65.0,3.0,5200.0,6.0
Super built-up  Area,Kalena Agrahara,1187.0,2.0,3.0,52.0,2.0,4380.791912384162,4.0
Built-up  Area,9th Phase JP Nagar,1164.0,2.0,1.0,56.0,2.0,4810.996563573884,4.0
Super built-up  Area,Electronic City Phase II,1395.0,2.0,1.0,62.78,3.0,4500.358422939068,5.0
Super built-up  Area,Arekere,2072.0,3.0,2.0,108.0,3.0,5212.355212355213,6.0
Super built-up  Area,Kanakpura Road,1450.0,3.0,3.0,60.91,3.0,4200.689655172414,6.0
Super built-up  Area,Bannerghatta Road,1550.0,3.0,2.0,82.0,3.0,5290.322580645161,6.0
Super built-up  Area,Other,1315.0,2.0,2.0,90.0,2.0,6844.106463878327,4.0
Super built-up  Area,Hebbal,3067.0,4.0,3.0,230.0,4.0,7499.184871209651,8.0
Super built-up  Area,Other,1210.0,2.0,2.0,72.0,2.0,5950.413223140496,4.0
Super built-up  Area,Bisuvanahalli,1075.0,2.0,1.0,47.0,3.0,4372.093023255814,5.0
Super built-up  Area,Other,1215.0,3.0,1.0,42.2,3.0,3473.251028806584,6.0
Built-up  Area,Kaggadasapura,1470.0,2.0,2.0,75.0,3.0,5102.040816326531,5.0
Plot  Area,Other,30000.0,4.0,2.0,2100.0,4.0,7000.0,8.0
Built-up  Area,Hosur Road,1590.0,2.0,2.0,125.0,3.0,7861.635220125786,5.0
Super built-up  Area,Kanakpura Road,1050.0,2.0,1.0,36.75,2.0,3500.0,4.0
Super built-up  Area,Raja Rajeshwari Nagar,1306.0,2.0,1.0,55.91,2.0,4281.010719754977,4.0
Built-up  Area,Malleshwaram,2000.0,3.0,2.0,250.0,3.0,12500.0,6.0
Built-up  Area,Other,1445.0,3.0,2.0,64.0,3.0,4429.065743944637,6.0
Super built-up  Area,Sarjapur  Road,1220.0,3.0,2.0,58.0,3.0,4754.098360655737,6.0
Plot  Area,Sarjapur,3190.0,3.0,1.0,160.0,4.0,5015.673981191223,7.0
Super built-up  Area,Ramagondanahalli,1215.0,2.0,1.0,51.26,2.0,4218.930041152264,4.0
Built-up  Area,Budigere,1920.0,2.0,1.0,88.0,3.0,4583.333333333333,5.0
Super built-up  Area,Dodda Nekkundi,1390.0,2.0,2.0,60.0,2.0,4316.546762589928,4.0
Super built-up  Area,Hoodi,1196.0,2.0,0.0,71.74,2.0,5998.327759197324,4.0
Super built-up  Area,Bannerghatta Road,1550.0,2.0,2.0,75.0,3.0,4838.709677419355,5.0
Super built-up  Area,Thigalarapalya,1418.0,2.0,2.0,101.0,2.0,7122.708039492242,4.0
Super built-up  Area,Varthur Road,1655.0,3.0,2.0,115.0,3.0,6948.640483383686,6.0
Built-up  Area,KR Puram,1115.0,2.0,2.0,33.45,2.0,3000.0000000000005,4.0
Super built-up  Area,Other,1170.0,2.0,2.0,68.0,2.0,5811.965811965812,4.0
Super built-up  Area,Anekal,1035.0,2.0,2.0,38.3,2.0,3700.483091787439,4.0
Super built-up  Area,Singasandra,1306.0,2.0,2.0,58.0,3.0,4441.04134762634,5.0
Super built-up  Area,Kengeri,750.0,2.0,2.0,22.0,2.0,2933.3333333333335,4.0
Super built-up  Area,Thanisandra,1917.0,3.0,3.0,122.0,3.0,6364.110589462703,6.0
Super built-up  Area,Kaggadasapura,1615.0,3.0,3.0,58.0,3.0,3591.331269349845,6.0
Super built-up  Area,Marathahalli,1071.0,2.0,2.0,52.25,2.0,4878.618113912232,4.0
Super built-up  Area,Koramangala,1325.0,2.0,2.0,119.0,2.0,8981.132075471698,4.0
Plot  Area,Malleshwaram,3000.0,4.0,2.0,900.0,7.0,30000.0,11.0
Super built-up  Area,5th Phase JP Nagar,1400.0,2.0,1.0,88.0,3.0,6285.714285714285,5.0
Super built-up  Area,Tumkur Road,1246.0,2.0,1.0,82.0,2.0,6581.0593900481545,4.0
Built-up  Area,Sarjapur,1215.0,2.0,0.0,40.0,2.0,3292.1810699588477,4.0
Super built-up  Area,Munnekollal,1200.0,2.0,2.0,49.5,2.0,4125.0,4.0
Super built-up  Area,Kodigehaali,1200.0,2.0,2.0,60.0,2.0,5000.0,4.0
Built-up  Area,Kaval Byrasandra,945.0,2.0,2.0,50.0,2.0,5291.005291005291,4.0
Super built-up  Area,Benson Town,4460.0,5.0,2.0,650.0,4.0,14573.991031390135,9.0
Super built-up  Area,Hormavu,1175.0,2.0,1.0,52.0,2.0,4425.531914893617,4.0
Super built-up  Area,Whitefield,920.0,2.0,1.0,63.0,2.0,6847.826086956522,4.0
Super built-up  Area,Hosakerehalli,3024.0,5.0,1.0,350.0,4.0,11574.074074074075,9.0
Plot  Area,Other,1600.0,2.0,2.0,110.0,2.0,6875.0,4.0
Plot  Area,Other,2400.0,4.0,2.0,700.0,4.0,29166.666666666668,8.0
Built-up  Area,Other,955.0,1.0,2.0,34.01,2.0,3561.256544502618,3.0
Super built-up  Area,Ardendale,1750.0,3.0,3.0,100.0,3.0,5714.285714285715,6.0
Super built-up  Area,Uttarahalli,1425.0,2.0,2.0,64.0,3.0,4491.228070175439,5.0
Super built-up  Area,Basavangudi,2150.0,3.0,2.0,265.0,3.0,12325.581395348838,6.0
Super built-up  Area,Whitefield,1165.0,2.0,1.0,40.5,2.0,3476.3948497854076,4.0
Super built-up  Area,Kaggadasapura,1050.0,2.0,2.0,48.0,2.0,4571.428571428572,4.0
Super built-up  Area,Other,1370.0,2.0,2.0,75.0,3.0,5474.4525547445255,5.0
Super built-up  Area,Electronic City,1374.0,2.0,1.0,72.0,3.0,5240.174672489083,5.0
Super built-up  Area,Harlur,1754.0,3.0,2.0,124.0,3.0,7069.555302166476,6.0
Super built-up  Area,Kothanur,1847.0,3.0,2.0,110.0,3.0,5955.603681645913,6.0
Super built-up  Area,Ambedkar Nagar,1850.0,4.0,3.0,139.0,3.0,7513.513513513513,7.0
Plot  Area,Chikka Tirupathi,3297.0,3.0,1.0,135.0,3.0,4094.631483166515,6.0
Super built-up  Area,Other,1187.0,2.0,2.0,45.0,2.0,3791.0699241786015,4.0
Built-up  Area,Bommasandra Industrial Area,1400.0,2.0,1.0,40.44,3.0,2888.5714285714284,5.0
Super built-up  Area,Chamrajpet,1350.0,2.0,3.0,180.0,2.0,13333.333333333334,4.0
Plot  Area,Doddaballapur,3000.0,2.0,2.0,120.0,3.0,4000.0,5.0
Super built-up  Area,Thanisandra,693.0,1.0,1.0,34.3,1.0,4949.494949494949,2.0
Super built-up  Area,Other,1980.0,3.0,2.0,224.0,3.0,11313.131313131313,6.0
Super built-up  Area,KR Puram,1021.0,2.0,1.0,48.0,2.0,4701.273261508325,4.0
Super built-up  Area,Thigalarapalya,1165.0,2.0,2.0,95.0,2.0,8154.50643776824,4.0
Super built-up  Area,Horamavu Agara,1756.0,3.0,2.0,92.0,3.0,5239.179954441914,6.0
Super built-up  Area,Bharathi Nagar,1739.0,3.0,1.0,105.0,3.0,6037.952846463485,6.0
Super built-up  Area,Varthur,1280.0,2.0,2.0,65.0,2.0,5078.125,4.0
Super built-up  Area,Marathahalli,1215.0,2.0,2.0,58.86,2.0,4844.444444444444,4.0
Super built-up  Area,Munnekollal,950.0,2.0,1.0,46.5,2.0,4894.736842105263,4.0
Built-up  Area,Kengeri,1082.0,2.0,1.0,49.0,3.0,4528.650646950093,5.0
Super built-up  Area,Devanahalli,1080.0,2.0,0.0,53.35,2.0,4939.814814814815,4.0
Super built-up  Area,Arekere,1100.0,2.0,2.0,55.0,2.0,5000.0,4.0
Plot  Area,Ardendale,3200.0,4.0,1.0,205.0,4.0,6406.25,8.0
Super built-up  Area,Sarjapur  Road,1311.0,2.0,1.0,78.0,2.0,5949.656750572082,4.0
Super built-up  Area,Raja Rajeshwari Nagar,1608.0,3.0,1.0,67.98,3.0,4227.611940298508,6.0
Super built-up  Area,Begur Road,1160.0,2.0,2.0,36.0,2.0,3103.448275862069,4.0
Super built-up  Area,Whitefield,1170.0,2.0,1.0,71.0,2.0,6068.376068376068,4.0
Super built-up  Area,Kengeri,1155.0,2.0,2.0,40.6,2.0,3515.151515151515,4.0
Super built-up  Area,Hebbal,1255.0,2.0,1.0,77.68,3.0,6189.641434262949,5.0
Super built-up  Area,Rayasandra,1065.0,2.0,2.0,44.95,2.0,4220.657276995305,4.0
Super built-up  Area,Neeladri Nagar,674.0,1.0,1.0,21.0,1.0,3115.727002967359,2.0
Super built-up  Area,Ambedkar Nagar,1936.0,4.0,2.0,126.0,3.0,6508.264462809917,7.0
Super built-up  Area,Sarakki Nagar,2289.0,3.0,2.0,260.0,3.0,11358.671909130624,6.0
Super built-up  Area,Other,1100.0,2.0,1.0,38.45,2.0,3495.454545454546,4.0
Super built-up  Area,Ramagondanahalli,2257.0,4.0,2.0,157.0,3.0,6956.136464333185,7.0
Super built-up  Area,Nagarbhavi,1055.0,2.0,2.0,55.0,2.0,5213.270142180095,4.0
Super built-up  Area,Raja Rajeshwari Nagar,1530.0,3.0,3.0,51.87,3.0,3390.1960784313724,6.0
Super built-up  Area,Other,1700.0,3.0,1.0,97.0,3.0,5705.882352941177,6.0
Super built-up  Area,Raja Rajeshwari Nagar,1575.0,2.0,2.0,78.0,3.0,4952.380952380952,5.0
Built-up  Area,Frazer Town,3500.0,4.0,2.0,330.0,3.0,9428.57142857143,7.0
Super built-up  Area,Rajiv Nagar,1263.0,2.0,1.0,93.32,2.0,7388.756927949327,4.0
Super built-up  Area,KR Puram,1559.0,3.0,0.0,69.315,3.0,4446.119307248236,6.0
Super built-up  Area,Kengeri Satellite Town,1043.0,2.0,2.0,65.0,2.0,6232.023010546501,4.0
Super built-up  Area,Hennur,1255.0,2.0,2.0,53.5,2.0,4262.948207171315,4.0
Super built-up  Area,JP Nagar,1352.5,2.0,0.0,93.865,2.0,6940.110905730129,4.0
Super built-up  Area,Chandapura,590.0,1.0,0.0,13.57,1.0,2300.0,2.0
Plot  Area,Yelahanka,1550.0,3.0,1.0,120.0,3.0,7741.935483870968,6.0
Super built-up  Area,Sarjapur  Road,1220.0,3.0,3.0,56.0,3.0,4590.163934426229,6.0
Super built-up  Area,Other,1900.0,3.0,3.0,160.0,3.0,8421.052631578947,6.0
Super built-up  Area,Other,1360.0,3.0,3.0,55.0,3.0,4044.1176470588234,6.0
Built-up  Area,Other,1100.0,2.0,1.0,75.0,2.0,6818.181818181818,4.0
Super built-up  Area,8th Phase JP Nagar,1455.0,3.0,2.0,73.31,3.0,5038.487972508591,6.0
Built-up  Area,KR Puram,1035.0,2.0,1.0,40.5,2.0,3913.0434782608695,4.0
Super built-up  Area,Harlur,1152.0,2.0,2.0,69.0,2.0,5989.583333333333,4.0
Super built-up  Area,Bellandur,1299.0,2.0,2.0,82.0,2.0,6312.548113933795,4.0
Super built-up  Area,Rachenahalli,1050.0,2.0,2.0,52.5,2.0,5000.0,4.0
Super built-up  Area,Pai Layout,1050.0,2.0,2.0,40.0,2.0,3809.5238095238096,4.0
Super built-up  Area,Vittasandra,1246.0,2.0,1.0,67.4,2.0,5409.309791332264,4.0
Built-up  Area,Other,1929.0,3.0,2.0,115.0,3.0,5961.638154484189,6.0
Super built-up  Area,Hennur,1285.0,2.0,1.0,60.0,2.0,4669.260700389105,4.0
Plot  Area,Margondanahalli,1200.0,2.0,0.0,65.0,3.0,5416.666666666667,5.0
Built-up  Area,Other,3161.0,4.0,3.0,214.0,4.0,6770.00949066751,8.0
Built-up  Area,BTM 2nd Stage,1850.0,3.0,2.0,170.0,3.0,9189.18918918919,6.0
Built-up  Area,Sompura,1025.0,2.0,0.0,37.0,3.0,3609.756097560976,5.0
Built-up  Area,Malleshwaram,1124.0,3.0,2.0,80.0,2.0,7117.437722419929,5.0
Super built-up  Area,Balagere,1012.0,2.0,1.0,54.59,2.0,5394.268774703557,4.0
Super built-up  Area,Giri Nagar,4500.0,5.0,3.0,250.0,7.0,5555.555555555556,12.0
Super built-up  Area,8th Phase JP Nagar,871.0,2.0,2.0,55.0,2.0,6314.580941446613,4.0
Built-up  Area,Other,1020.0,2.0,2.0,40.0,2.0,3921.5686274509803,4.0
Super built-up  Area,Rachenahalli,1550.0,3.0,3.0,73.5,3.0,4741.935483870968,6.0
Plot  Area,Other,3515.0,3.0,1.0,420.0,3.0,11948.790896159317,6.0
Super built-up  Area,Akshaya Nagar,1410.0,2.0,2.0,80.0,3.0,5673.758865248227,5.0
Plot  Area,Chikka Tirupathi,3500.0,5.0,3.0,150.0,4.0,4285.714285714285,9.0
Super built-up  Area,Whitefield,1118.0,2.0,1.0,75.0,2.0,6708.4078711985685,4.0
Super built-up  Area,Thanisandra,1098.0,2.0,1.0,68.0,2.0,6193.078324225865,4.0
Super built-up  Area,Kanakapura,1130.0,2.0,1.0,45.2,2.0,4000.0,4.0
Super built-up  Area,Sarjapur  Road,1145.0,2.0,2.0,75.0,2.0,6550.218340611354,4.0
Plot  Area,Kadugodi,950.0,3.0,1.0,80.0,3.0,8421.052631578947,6.0
Super built-up  Area,Other,1051.0,2.0,1.0,33.0,2.0,3139.8667935299713,4.0
Super built-up  Area,Marathahalli,1102.0,2.0,2.0,53.67,2.0,4870.235934664247,4.0
Super built-up  Area,Jalahalli,1478.0,2.0,2.0,125.0,2.0,8457.374830852503,4.0
Carpet  Area,Hebbal,823.0,2.0,1.0,50.63,2.0,6151.883353584447,4.0
Super built-up  Area,Abbigere,880.0,2.0,1.0,35.0,2.0,3977.2727272727275,4.0
Super built-up  Area,Budigere,1991.0,4.0,2.0,100.0,3.0,5022.601707684581,7.0
Built-up  Area,TC Palaya,1100.0,3.0,1.0,50.0,3.0,4545.454545454545,6.0
Super built-up  Area,Gubbalala,1745.0,3.0,2.0,115.0,3.0,6590.25787965616,6.0
Built-up  Area,HAL 2nd Stage,1226.0,3.0,1.0,135.0,2.0,11011.419249592169,5.0
Super built-up  Area,Other,1100.0,2.0,1.0,70.0,2.0,6363.636363636364,4.0
Plot  Area,Banashankari Stage VI,1200.0,4.0,3.0,195.0,4.0,16250.0,8.0
Super built-up  Area,5th Phase JP Nagar,1450.0,2.0,1.0,58.0,2.0,4000.0,4.0
Super built-up  Area,Singasandra,3366.0,4.0,2.0,120.0,4.0,3565.0623885918003,8.0
Built-up  Area,Sahakara Nagar,1150.0,2.0,1.0,54.0,2.0,4695.652173913043,4.0
Plot  Area,Banashankari Stage VI,2200.0,4.0,2.0,195.0,4.0,8863.636363636364,8.0
Built-up  Area,Bommanahalli,1090.0,3.0,2.0,44.0,2.0,4036.697247706422,5.0
Super built-up  Area,Kaggadasapura,1132.0,2.0,2.0,42.0,2.0,3710.2473498233217,4.0
Super built-up  Area,Hulimavu,1375.0,2.0,2.0,80.0,2.0,5818.181818181818,4.0
Plot  Area,7th Phase JP Nagar,1500.0,5.0,3.0,220.0,4.0,14666.666666666666,9.0
Super built-up  Area,Thanisandra,760.0,1.0,2.0,50.3,1.0,6618.421052631579,2.0
Super built-up  Area,Kaggadasapura,1180.0,2.0,2.0,65.0,2.0,5508.474576271186,4.0
Super built-up  Area,Jigani,918.0,2.0,2.0,45.0,2.0,4901.9607843137255,4.0
Built-up  Area,Margondanahalli,1200.0,1.0,0.0,53.0,2.0,4416.666666666667,3.0
Plot  Area,Other,2400.0,7.0,3.0,355.0,7.0,14791.666666666666,14.0
Super built-up  Area,Ardendale,1728.0,3.0,2.0,95.0,3.0,5497.685185185185,6.0
Super built-up  Area,Malleshwaram,2215.0,3.0,1.0,275.0,3.0,12415.349887133183,6.0
Super built-up  Area,BTM 2nd Stage,1200.0,2.0,2.0,80.0,2.0,6666.666666666667,4.0
Super built-up  Area,6th Phase JP Nagar,1280.0,2.0,2.0,56.0,2.0,4375.0,4.0
Super built-up  Area,Other,1455.0,2.0,2.0,56.0,3.0,3848.7972508591065,5.0
Super built-up  Area,Rachenahalli,440.0,1.0,0.0,28.0,1.0,6363.636363636364,2.0
Plot  Area,Kanakpura Road,1500.0,3.0,2.0,97.0,3.0,6466.666666666667,6.0
Super built-up  Area,Whitefield,1800.0,3.0,2.0,110.0,3.0,6111.111111111111,6.0
Super built-up  Area,Mysore Road,1525.0,3.0,2.0,96.0,3.0,6295.081967213115,6.0
Super built-up  Area,Rachenahalli,1204.0,2.0,3.0,38.5,2.0,3197.6744186046512,4.0
Super built-up  Area,Old Madras Road,1225.0,2.0,1.0,53.55,2.0,4371.428571428572,4.0
Super built-up  Area,Bannerghatta Road,1650.0,3.0,2.0,122.0,3.0,7393.939393939394,6.0
Built-up  Area,Other,4200.0,4.0,2.0,255.0,4.0,6071.428571428572,8.0
Plot  Area,Other,1200.0,2.0,0.0,55.0,2.0,4583.333333333333,4.0
Super built-up  Area,9th Phase JP Nagar,1005.0,2.0,1.0,42.0,2.0,4179.104477611941,4.0
Super built-up  Area,Whitefield,1562.0,3.0,2.0,103.0,3.0,6594.110115236876,6.0
Built-up  Area,Devanahalli,5000.0,5.0,2.0,395.0,4.0,7900.0,9.0
Super built-up  Area,Ramamurthy Nagar,1200.0,2.0,3.0,42.0,2.0,3500.0,4.0
Super built-up  Area,Kasavanhalli,1555.0,3.0,2.0,82.5,3.0,5305.4662379421225,6.0
Plot  Area,KR Puram,1550.0,2.0,1.0,71.0,2.0,4580.645161290323,4.0
Super built-up  Area,Whitefield,1190.0,2.0,2.0,67.0,2.0,5630.252100840336,4.0
Built-up  Area,Chikkalasandra,1070.0,2.0,2.0,50.0,2.0,4672.897196261682,4.0
Super built-up  Area,Jalahalli East,1020.0,2.0,1.0,42.48,2.0,4164.705882352941,4.0
Super built-up  Area,Yelahanka,1610.0,3.0,1.0,115.0,3.0,7142.857142857143,6.0
Super built-up  Area,Other,700.0,1.0,1.0,41.0,1.0,5857.142857142857,2.0
Super built-up  Area,Other,1300.0,2.0,1.0,49.0,3.0,3769.230769230769,5.0
Super built-up  Area,Hebbal,1420.0,2.0,1.0,123.0,2.0,8661.971830985916,4.0
Carpet  Area,Hebbal,1069.0,3.0,2.0,65.4,3.0,6117.867165575305,6.0
Super built-up  Area,Marathahalli,1900.0,3.0,3.0,123.0,3.0,6473.684210526316,6.0
Super built-up  Area,Old Airport Road,1655.0,2.0,1.0,97.65,2.0,5900.302114803625,4.0
Super built-up  Area,Uttarahalli,1155.0,2.0,2.0,40.42,2.0,3499.5670995670994,4.0
Built-up  Area,Sarjapur  Road,1300.0,2.0,2.0,70.0,3.0,5384.615384615385,5.0
Super built-up  Area,Electronic City,1100.0,2.0,2.0,45.0,2.0,4090.909090909091,4.0
Super built-up  Area,Doddathoguru,1030.0,2.0,2.0,42.0,2.0,4077.669902912621,4.0
Super built-up  Area,Vittasandra,2105.0,2.0,1.0,70.2,2.0,3334.916864608076,4.0
Built-up  Area,Bhoganhalli,1700.0,3.0,2.0,126.0,3.0,7411.764705882353,6.0
Super built-up  Area,Jakkur,1760.0,3.0,2.0,139.0,3.0,7897.727272727273,6.0
Built-up  Area,Kadugodi,6200.0,9.0,0.0,200.0,9.0,3225.8064516129034,18.0
Built-up  Area,Other,1400.0,2.0,1.0,67.0,2.0,4785.714285714285,4.0
Super built-up  Area,Other,1200.0,2.0,0.0,53.0,2.0,4416.666666666667,4.0
Built-up  Area,Bannerghatta Road,912.0,2.0,1.0,55.0,2.0,6030.701754385965,4.0
Super built-up  Area,Whitefield,1102.0,2.0,1.0,48.0,2.0,4355.716878402904,4.0
Super built-up  Area,Other,1535.0,3.0,1.0,55.0,3.0,3583.061889250814,6.0
Super built-up  Area,Haralur Road,1243.0,2.0,2.0,46.0,2.0,3700.7240547063557,4.0
Super built-up  Area,Jigani,918.0,2.0,2.0,63.2,2.0,6884.531590413943,4.0
Super built-up  Area,Begur Road,1500.0,2.0,3.0,70.0,3.0,4666.666666666667,5.0
Plot  Area,Other,3000.0,3.0,0.0,250.0,3.0,8333.333333333334,6.0
Super built-up  Area,Kasavanhalli,1476.0,3.0,0.0,89.0,3.0,6029.810298102981,6.0
Super built-up  Area,Mysore Road,1200.0,2.0,3.0,65.0,2.0,5416.666666666667,4.0
Super built-up  Area,Vijayanagar,606.0,1.0,0.0,34.78,1.0,5739.273927392739,2.0
Super built-up  Area,Other,1100.0,2.0,3.0,61.0,2.0,5545.454545454545,4.0
Super built-up  Area,Garudachar Palya,1295.0,2.0,1.0,59.5,3.0,4594.594594594595,5.0
Built-up  Area,Neeladri Nagar,527.0,1.0,0.0,26.0,1.0,4933.586337760911,2.0
Super built-up  Area,OMBR Layout,1300.0,2.0,2.0,80.0,2.0,6153.846153846154,4.0
Plot  Area,Other,1260.0,1.0,0.0,41.0,1.0,3253.968253968254,2.0
Built-up  Area,Koramangala,1140.0,2.0,1.0,75.2,2.0,6596.491228070176,4.0
Plot  Area,Other,1500.0,1.0,0.0,37.5,1.0,2500.0,2.0
Super built-up  Area,Whitefield,2321.0,4.0,1.0,128.0,3.0,5514.864282636794,7.0
Super built-up  Area,Sarjapur  Road,1390.0,2.0,2.0,62.0,2.0,4460.431654676259,4.0
Super built-up  Area,Sarjapur  Road,1725.0,3.0,3.0,90.0,3.0,5217.391304347826,6.0
Super built-up  Area,Hebbal,3067.0,4.0,1.0,310.0,4.0,10107.597000326052,8.0
Super built-up  Area,Hennur Road,1186.0,2.0,1.0,63.0,3.0,5311.973018549747,5.0
Super built-up  Area,Kanakpura Road,1230.0,2.0,1.0,85.0,2.0,6910.569105691057,4.0
Built-up  Area,Other,600.0,1.0,1.0,17.0,1.0,2833.3333333333335,2.0
Super built-up  Area,Yeshwanthpur,1313.0,3.0,1.0,96.0,3.0,7311.500380807312,6.0
Super built-up  Area,Ambalipura,1250.0,2.0,2.0,66.25,2.0,5300.0,4.0
Super built-up  Area,Binny Pete,660.0,1.0,1.0,54.0,1.0,8181.818181818182,2.0
Super built-up  Area,Basavangudi,1036.0,2.0,2.0,105.0,2.0,10135.135135135135,4.0
Built-up  Area,Koramangala,2700.0,4.0,3.0,450.0,4.0,16666.666666666668,8.0
Super built-up  Area,Old Madras Road,1100.0,2.0,1.0,70.0,2.0,6363.636363636364,4.0
Plot  Area,BTM 2nd Stage,1500.0,2.0,1.0,450.0,4.0,30000.0,6.0
Built-up  Area,Electronics City Phase 1,1015.0,2.0,1.0,56.0,2.0,5517.241379310345,4.0
Plot  Area,Gottigere,812.0,1.0,0.0,26.0,1.0,3201.9704433497536,2.0
Built-up  Area,Other,1360.0,2.0,2.0,65.0,3.0,4779.411764705882,5.0
Super built-up  Area,Nehru Nagar,2167.0,3.0,3.0,170.0,3.0,7844.946931241348,6.0
Super built-up  Area,Raja Rajeshwari Nagar,1200.0,2.0,1.0,35.0,2.0,2916.6666666666665,4.0
Super built-up  Area,Other,1165.0,2.0,2.0,75.0,2.0,6437.768240343347,4.0
Super built-up  Area,BTM 2nd Stage,1274.0,2.0,2.0,70.0,2.0,5494.505494505494,4.0
Super built-up  Area,Raja Rajeshwari Nagar,1151.0,2.0,2.0,39.02,2.0,3390.095569070374,4.0
Super built-up  Area,Thubarahalli,1626.0,2.0,2.0,120.0,3.0,7380.073800738008,5.0
Super built-up  Area,Banashankari Stage V,1035.0,2.0,2.0,35.77,2.0,3456.038647342996,4.0
Plot  Area,Other,1272.0,4.0,0.0,75.0,3.0,5896.226415094339,7.0
Built-up  Area,Other,965.0,2.0,1.0,45.0,2.0,4663.21243523316,4.0
Plot  Area,Other,1600.0,5.0,2.0,140.0,5.0,8750.0,10.0
Super built-up  Area,Kothannur,1070.0,2.0,1.0,42.79,2.0,3999.0654205607475,4.0
Built-up  Area,Raja Rajeshwari Nagar,1570.0,2.0,2.0,65.0,3.0,4140.127388535032,5.0
Super built-up  Area,Other,780.0,2.0,2.0,25.0,2.0,3205.128205128205,4.0
Super built-up  Area,Other,1000.0,2.0,1.0,65.0,3.0,6500.0,5.0
Plot  Area,9th Phase JP Nagar,1200.0,3.0,2.0,188.0,4.0,15666.666666666666,7.0
Built-up  Area,Tindlu,7500.0,7.0,2.0,400.0,7.0,5333.333333333333,14.0
Built-up  Area,5th Phase JP Nagar,1700.0,2.0,3.0,100.0,3.0,5882.35294117647,5.0
Super built-up  Area,Haralur Road,1850.0,3.0,2.0,110.0,3.0,5945.945945945946,6.0
Built-up  Area,Kereguddadahalli,904.0,2.0,1.0,30.0,2.0,3318.5840707964603,4.0
Super built-up  Area,Other,1121.0,2.0,1.0,43.72,2.0,3900.0892060660126,4.0
Super built-up  Area,7th Phase JP Nagar,1385.0,2.0,2.0,58.17,3.0,4200.0,5.0
Super built-up  Area,Sahakara Nagar,1270.0,2.0,1.0,69.85,2.0,5499.999999999999,4.0
Super built-up  Area,Kanakpura Road,1450.0,3.0,3.0,56.0,3.0,3862.0689655172414,6.0
Plot  Area,Other,2400.0,4.0,2.0,325.0,3.0,13541.666666666666,7.0
Super built-up  Area,Mahadevpura,730.0,1.0,1.0,35.0,1.0,4794.520547945205,2.0
Super built-up  Area,Raja Rajeshwari Nagar,1580.0,3.0,3.0,53.56,3.0,3389.8734177215188,6.0
Super built-up  Area,Thanisandra,1111.0,2.0,1.0,50.0,2.0,4500.450045004501,4.0
Super built-up  Area,Varthur,977.0,2.0,2.0,36.0,2.0,3684.74923234391,4.0
Super built-up  Area,Other,674.0,1.0,1.0,19.9,2.0,2952.522255192878,3.0
Plot  Area,Sarjapur,2540.0,4.0,1.0,115.0,4.0,4527.55905511811,8.0
Super built-up  Area,Jakkur,1290.0,2.0,1.0,100.0,2.0,7751.937984496124,4.0
Super built-up  Area,Abbigere,795.0,2.0,1.0,32.54,2.0,4093.0817610062895,4.0
Super built-up  Area,Kanakpura Road,700.0,1.0,1.0,35.0,2.0,5000.0,3.0
Built-up  Area,Other,1463.0,1.0,1.0,142.0,2.0,9706.083390293916,3.0
Built-up  Area,Vijayanagar,1000.0,3.0,0.0,140.0,3.0,14000.0,6.0
Super built-up  Area,Other,1306.0,2.0,2.0,58.0,3.0,4441.04134762634,5.0
Super built-up  Area,Other,2401.0,3.0,2.0,185.0,3.0,7705.12286547272,6.0
Plot  Area,Bommenahalli,1670.0,3.0,0.0,135.0,4.0,8083.832335329342,7.0
Built-up  Area,Other,1875.0,2.0,3.0,235.0,3.0,12533.333333333334,5.0
Plot  Area,Other,1200.0,3.0,1.0,90.0,3.0,7500.0,6.0
Super built-up  Area,Dodda Nekkundi,1804.0,3.0,2.0,121.0,3.0,6707.317073170731,6.0
Super built-up  Area,1st Phase JP Nagar,2065.0,4.0,1.0,210.0,3.0,10169.49152542373,7.0
Super built-up  Area,Hoskote,1225.0,3.0,1.0,40.0,3.0,3265.3061224489797,6.0
Super built-up  Area,Thanisandra,1185.5,2.0,0.0,58.68,2.0,4949.810206663855,4.0
Super built-up  Area,Bellandur,900.0,2.0,2.0,56.0,2.0,6222.222222222223,4.0
Super built-up  Area,Binny Pete,1350.0,2.0,1.0,91.0,2.0,6740.740740740741,4.0
Super built-up  Area,Kaggalipura,700.0,1.0,0.0,36.0,1.0,5142.857142857143,2.0
Super built-up  Area,Mysore Road,1005.0,2.0,0.0,35.175,2.0,3499.9999999999995,4.0
Super built-up  Area,Poorna Pragna Layout,1160.0,2.0,1.0,46.39,2.0,3999.137931034483,4.0
Super built-up  Area,Hennur Road,1680.0,3.0,2.0,99.27,3.0,5908.928571428572,6.0
Carpet  Area,LB Shastri Nagar,1043.0,2.0,2.0,55.0,2.0,5273.250239693192,4.0
Plot  Area,Hoskote,1200.0,4.0,1.0,120.0,4.0,10000.0,8.0
Super built-up  Area,Hebbal,1040.0,2.0,2.0,46.0,2.0,4423.076923076923,4.0
Super built-up  Area,Tindlu,1357.0,2.0,2.0,65.0,3.0,4789.977892409727,5.0
Super built-up  Area,Other,1225.0,2.0,2.0,47.0,2.0,3836.734693877551,4.0
Super built-up  Area,Yelachenahalli,1130.0,2.0,2.0,40.0,2.0,3539.8230088495575,4.0
Built-up  Area,Basavangudi,2500.0,4.0,1.0,150.0,4.0,6000.0,8.0
Carpet  Area,Sultan Palaya,1700.0,3.0,3.0,120.0,3.0,7058.823529411765,6.0
Super built-up  Area,Doddathoguru,1549.0,3.0,2.0,65.0,3.0,4196.255648805681,6.0
Super built-up  Area,Yeshwanthpur,1400.0,2.0,2.0,100.0,2.0,7142.857142857143,4.0
Super built-up  Area,Dodda Nekkundi,1080.0,2.0,2.0,50.0,2.0,4629.62962962963,4.0
Built-up  Area,Ulsoor,1180.0,2.0,2.0,100.0,2.0,8474.57627118644,4.0
Super built-up  Area,Domlur,1800.0,3.0,2.0,150.0,3.0,8333.333333333334,6.0
Super built-up  Area,Haralur Road,1225.0,2.0,1.0,67.38,2.0,5500.408163265306,4.0
Built-up  Area,Other,890.0,1.0,1.0,75.0,1.0,8426.966292134832,2.0
Super built-up  Area,Abbigere,1005.0,2.0,1.0,39.59,2.0,3939.303482587065,4.0
Super built-up  Area,Whitefield,1320.0,2.0,1.0,95.0,2.0,7196.969696969697,4.0
Built-up  Area,Anandapura,1475.0,2.0,1.0,50.0,4.0,3389.830508474576,6.0
Super built-up  Area,Other,1110.0,2.0,2.0,51.0,2.0,4594.594594594595,4.0
Plot  Area,Other,1300.0,2.0,0.0,54.0,2.0,4153.846153846154,4.0
Super built-up  Area,Electronic City,1128.0,2.0,1.0,65.35,2.0,5793.439716312056,4.0
Super built-up  Area,Jakkur,1452.19,2.0,1.0,100.0,2.0,6886.151261198604,4.0
Plot  Area,Other,2400.0,3.0,2.0,290.0,3.0,12083.333333333334,6.0
Super built-up  Area,Banashankari,2600.0,4.0,1.0,135.0,3.0,5192.307692307692,7.0
Super built-up  Area,Sarakki Nagar,2500.0,4.0,2.0,325.0,3.0,13000.0,7.0
Built-up  Area,Sanjay nagar,630.0,1.0,1.0,35.0,2.0,5555.555555555556,3.0
Super built-up  Area,Hosa Road,1243.0,2.0,2.0,48.5,2.0,3901.850362027353,4.0
Built-up  Area,Other,960.0,2.0,2.0,32.0,2.0,3333.3333333333335,4.0
Super built-up  Area,Other,1690.0,3.0,2.0,100.0,3.0,5917.15976331361,6.0
Built-up  Area,Whitefield,735.0,2.0,1.0,35.0,2.0,4761.9047619047615,4.0
Super built-up  Area,Banaswadi,1365.0,2.0,2.0,73.0,2.0,5347.985347985348,4.0
Super built-up  Area,Rajaji Nagar,2849.0,5.0,0.0,300.0,5.0,10530.01053001053,10.0
Super built-up  Area,Hebbal,1420.0,2.0,1.0,99.39,2.0,6999.295774647887,4.0
Super built-up  Area,Somasundara Palya,1570.0,3.0,3.0,68.0,3.0,4331.210191082802,6.0
Super built-up  Area,Bisuvanahalli,850.0,1.0,1.0,32.0,2.0,3764.705882352941,3.0
Super built-up  Area,7th Phase JP Nagar,1575.0,2.0,2.0,110.0,3.0,6984.126984126984,5.0
Super built-up  Area,Thigalarapalya,1418.0,2.0,2.0,104.0,2.0,7334.273624823695,4.0
Super built-up  Area,Uttarahalli,1050.0,2.0,1.0,42.0,2.0,4000.0,4.0
Super built-up  Area,Hennur Road,1065.0,2.0,1.0,42.6,2.0,4000.0,4.0
Built-up  Area,Ulsoor,1340.0,3.0,0.0,90.0,3.0,6716.417910447762,6.0
Super built-up  Area,Yelahanka New Town,1610.0,3.0,2.0,92.0,3.0,5714.285714285715,6.0
Built-up  Area,Electronic City Phase II,1160.0,2.0,1.0,33.5,2.0,2887.9310344827586,4.0
Super built-up  Area,Kudlu,1092.0,2.0,2.0,44.0,2.0,4029.3040293040294,4.0
Super built-up  Area,Yelahanka,1455.0,3.0,1.0,61.5,3.0,4226.80412371134,6.0
Super built-up  Area,Abbigere,734.0,1.0,0.0,19.82,1.0,2700.272479564033,2.0
Built-up  Area,Other,799.0,2.0,1.0,38.0,2.0,4755.944931163955,4.0
Built-up  Area,Whitefield,1896.0,3.0,1.0,75.0,3.0,3955.6962025316457,6.0
Super built-up  Area,Ardendale,1100.0,2.0,1.0,48.0,2.0,4363.636363636364,4.0
Built-up  Area,Bellandur,1350.0,2.0,1.0,79.0,2.0,5851.851851851852,4.0
Super built-up  Area,Other,1355.0,3.0,1.0,61.0,3.0,4501.845018450184,6.0
Plot  Area,Other,1350.0,2.0,0.0,90.0,2.0,6666.666666666667,4.0
Super built-up  Area,Cunningham Road,3875.0,3.0,2.0,864.0,3.0,22296.774193548386,6.0
Super built-up  Area,Kasavanhalli,1493.0,3.0,2.0,82.0,3.0,5492.297387809779,6.0
Super built-up  Area,8th Phase JP Nagar,1098.0,2.0,1.0,43.91,2.0,3999.089253187614,4.0
Super built-up  Area,Banashankari,1900.0,2.0,1.0,170.0,3.0,8947.368421052632,5.0
Super built-up  Area,Other,1460.0,3.0,2.0,88.0,3.0,6027.397260273972,6.0
Super built-up  Area,Frazer Town,2350.0,4.0,3.0,285.0,3.0,12127.659574468085,7.0
Plot  Area,Horamavu Banaswadi,1600.0,5.0,3.0,140.0,5.0,8750.0,10.0
Super built-up  Area,Varthur,1091.0,2.0,1.0,32.0,2.0,2933.0889092575617,4.0
Super built-up  Area,Yelahanka,1180.0,2.0,3.0,42.0,2.0,3559.322033898305,4.0
Super built-up  Area,Kanakpura Road,1366.0,3.0,1.0,76.85,2.0,5625.915080527086,5.0
Super built-up  Area,Other,1685.0,3.0,2.0,95.0,3.0,5637.982195845697,6.0
Built-up  Area,Koramangala,1260.0,2.0,3.0,100.0,2.0,7936.507936507936,4.0
Plot  Area,Whitefield,3010.0,3.0,2.0,200.0,3.0,6644.518272425249,6.0
Plot  Area,Ramamurthy Nagar,1330.0,4.0,1.0,140.0,3.0,10526.315789473685,7.0
Plot  Area,Mallasandra,1200.0,2.0,0.0,130.0,2.0,10833.333333333334,4.0
Super built-up  Area,Whitefield,1346.0,2.0,1.0,96.17,2.0,7144.873699851411,4.0
Super built-up  Area,Chandapura,630.0,1.0,0.0,13.86,1.0,2200.0,2.0
Super built-up  Area,7th Phase JP Nagar,1850.0,3.0,2.0,140.0,3.0,7567.5675675675675,6.0
Plot  Area,Frazer Town,2350.0,2.0,0.0,423.0,5.0,18000.0,7.0
Super built-up  Area,Electronic City,755.0,1.0,1.0,34.0,2.0,4503.311258278146,3.0
Super built-up  Area,Other,1194.0,2.0,2.0,46.0,2.0,3852.5963149078725,4.0
Super built-up  Area,Whitefield,3850.0,5.0,2.0,316.0,3.0,8207.792207792209,8.0
Super built-up  Area,Hebbal,4235.0,4.0,2.0,365.0,4.0,8618.654073199528,8.0
Plot  Area,Other,800.0,1.0,0.0,52.0,1.0,6500.0,2.0
Super built-up  Area,Rachenahalli,2250.0,3.0,1.0,195.0,3.0,8666.666666666666,6.0
Super built-up  Area,Vijayanagar,1352.0,2.0,2.0,68.0,2.0,5029.585798816568,4.0
Super built-up  Area,Thanisandra,2002.0,3.0,2.0,112.0,3.0,5594.4055944055945,6.0
Plot  Area,Other,4000.0,5.0,1.0,280.0,4.0,7000.0,9.0
Built-up  Area,Kaval Byrasandra,1060.0,2.0,2.0,45.0,2.0,4245.2830188679245,4.0
Super built-up  Area,Kanakpura Road,1419.59,2.0,1.0,59.0,3.0,4156.129586711656,5.0
Super built-up  Area,Raja Rajeshwari Nagar,1196.0,2.0,2.0,51.15,2.0,4276.755852842809,4.0
Built-up  Area,Electronic City,1220.0,2.0,2.0,35.24,3.0,2888.5245901639346,5.0
Super built-up  Area,Electronics City Phase 1,1595.0,3.0,2.0,75.0,3.0,4702.194357366771,6.0
Super built-up  Area,Banashankari,1260.0,2.0,3.0,75.0,2.0,5952.380952380952,4.0
Super built-up  Area,Hebbal,1100.0,2.0,2.0,47.0,2.0,4272.727272727273,4.0
Super built-up  Area,Frazer Town,1550.0,2.0,2.0,140.0,2.0,9032.258064516129,4.0
Super built-up  Area,ISRO Layout,1180.0,2.0,3.0,52.0,2.0,4406.779661016949,4.0
Plot  Area,Electronic City,4000.0,5.0,1.0,150.0,4.0,3750.0,9.0
Built-up  Area,Akshaya Nagar,1662.0,3.0,2.0,85.0,3.0,5114.320096269555,6.0
Super built-up  Area,Ambedkar Nagar,1862.0,3.0,2.0,119.0,3.0,6390.977443609023,6.0
Super built-up  Area,Raja Rajeshwari Nagar,1419.0,2.0,2.0,48.0,2.0,3382.663847780127,4.0
Built-up  Area,Whitefield,1410.0,3.0,2.0,43.71,3.0,3100.0,6.0
Super built-up  Area,Raja Rajeshwari Nagar,1560.0,2.0,2.0,62.4,3.0,4000.0,5.0
Super built-up  Area,Thanisandra,1634.0,3.0,3.0,78.0,3.0,4773.561811505508,6.0
Plot  Area,Ambedkar Nagar,5530.0,5.0,3.0,627.0,5.0,11338.155515370705,10.0
Built-up  Area,Whitefield,1150.0,2.0,3.0,44.0,3.0,3826.086956521739,5.0
Super built-up  Area,Other,1100.0,2.0,2.0,53.0,2.0,4818.181818181818,4.0
Super built-up  Area,Yelahanka,1616.0,3.0,1.0,65.0,3.0,4022.2772277227723,6.0
Super built-up  Area,Nagavarapalya,1392.0,2.0,1.0,99.0,2.0,7112.068965517241,4.0
Super built-up  Area,Jakkur,1798.0,3.0,1.0,120.0,3.0,6674.082313681869,6.0
Super built-up  Area,Babusapalaya,1675.0,3.0,3.0,75.0,3.0,4477.611940298508,6.0
Plot  Area,Other,792.0,2.0,1.0,70.0,2.0,8838.38383838384,4.0
Super built-up  Area,Other,2000.0,4.0,1.0,103.0,5.0,5150.0,9.0
Super built-up  Area,Hebbal,1700.0,3.0,2.0,124.0,3.0,7294.117647058823,6.0
Super built-up  Area,Hulimavu,1248.0,2.0,1.0,69.0,2.0,5528.846153846154,4.0
Built-up  Area,Other,1147.0,2.0,1.0,54.0,2.0,4707.933740191805,4.0
Super built-up  Area,Sultan Palaya,1100.0,2.0,2.0,40.0,2.0,3636.3636363636365,4.0
Super built-up  Area,Vijayanagar,1527.0,3.0,2.0,115.0,3.0,7531.106745252128,6.0
Plot  Area,Other,2400.0,5.0,2.0,235.0,5.0,9791.666666666666,10.0
Super built-up  Area,Kanakpura Road,525.0,1.0,1.0,25.0,1.0,4761.9047619047615,2.0
Super built-up  Area,Kaggadasapura,1100.0,2.0,3.0,58.0,2.0,5272.727272727273,4.0
Super built-up  Area,Seegehalli,1118.0,2.0,2.0,37.5,2.0,3354.2039355992843,4.0
Super built-up  Area,Kanakapura,1476.0,3.0,1.0,75.0,3.0,5081.30081300813,6.0
Built-up  Area,Other,2100.0,3.0,1.0,75.0,3.0,3571.4285714285716,6.0
Super built-up  Area,Other,1215.0,2.0,2.0,46.5,3.0,3827.1604938271603,5.0
Super built-up  Area,Ambalipura,1332.0,2.0,1.0,79.0,2.0,5930.930930930931,4.0
Super built-up  Area,Hennur Road,1350.0,2.0,3.0,49.0,2.0,3629.6296296296296,4.0
Super built-up  Area,NGR Layout,1105.0,2.0,2.0,49.73,2.0,4500.4524886877825,4.0
Plot  Area,Padmanabhanagar,1500.0,2.0,1.0,200.0,3.0,13333.333333333334,5.0
Super built-up  Area,Kasavanhalli,1200.0,2.0,2.0,50.0,2.0,4166.666666666667,4.0
Super built-up  Area,Ramagondanahalli,1251.0,2.0,1.0,47.4,2.0,3788.968824940048,4.0
Super built-up  Area,Pai Layout,1400.0,2.0,3.0,67.0,3.0,4785.714285714285,5.0
Super built-up  Area,Rajaji Nagar,1800.0,3.0,3.0,260.0,3.0,14444.444444444445,6.0
Super built-up  Area,Hegde Nagar,1703.0,3.0,2.0,113.0,3.0,6635.3493834409865,6.0
Super built-up  Area,NRI Layout,2500.0,5.0,3.0,130.0,5.0,5200.0,10.0
Super built-up  Area,Varthur,1250.0,3.0,2.0,71.0,3.0,5680.0,6.0
Super built-up  Area,Jigani,933.0,2.0,2.0,43.0,2.0,4608.788853161844,4.0
Plot  Area,Other,461.82,1.0,1.0,31.7,1.0,6864.146204148803,2.0
Super built-up  Area,Brookefield,1262.0,2.0,1.0,75.0,2.0,5942.947702060222,4.0
Super built-up  Area,Yelahanka,915.0,2.0,2.0,48.0,2.0,5245.901639344263,4.0
Super built-up  Area,Panathur,1370.0,2.0,2.0,61.5,3.0,4489.051094890511,5.0
Super built-up  Area,Malleshpalya,1210.0,2.0,3.0,55.0,2.0,4545.454545454545,4.0
Super built-up  Area,Kodihalli,2392.0,4.0,2.0,260.0,3.0,10869.565217391304,7.0
Plot  Area,Other,1500.0,2.0,0.0,85.0,3.0,5666.666666666667,5.0
Super built-up  Area,Other,1065.0,2.0,3.0,50.0,2.0,4694.835680751174,4.0
Super built-up  Area,Rajaji Nagar,3100.0,4.0,2.0,570.0,4.0,18387.09677419355,8.0
Super built-up  Area,Ramamurthy Nagar,1515.0,3.0,3.0,65.0,3.0,4290.42904290429,6.0
Plot  Area,Sarjapura - Attibele Road,1800.0,4.0,2.0,110.0,4.0,6111.111111111111,8.0
Super built-up  Area,Thanisandra,1445.0,2.0,3.0,40.31,3.0,2789.61937716263,5.0
Super built-up  Area,Uttarahalli,1300.0,2.0,1.0,55.0,3.0,4230.7692307692305,5.0
Built-up  Area,Vijayanagar,989.0,2.0,0.0,60.0,2.0,6066.734074823054,4.0
Super built-up  Area,Jakkur,1300.0,2.0,1.0,85.0,2.0,6538.461538461538,4.0
Super built-up  Area,Chandapura,1185.0,2.0,2.0,30.22,3.0,2550.2109704641352,5.0
Super built-up  Area,Marathahalli,1045.0,2.0,3.0,60.0,2.0,5741.626794258374,4.0
Super built-up  Area,Other,1205.0,2.0,2.0,42.18,2.0,3500.414937759336,4.0
Super built-up  Area,Other,1260.0,2.0,1.0,75.0,2.0,5952.380952380952,4.0
Super built-up  Area,Ulsoor,1500.0,2.0,2.0,125.0,3.0,8333.333333333334,5.0
Super built-up  Area,Bommanahalli,1250.0,2.0,2.0,42.5,3.0,3400.0,5.0
Built-up  Area,Other,1199.0,2.0,2.0,50.0,2.0,4170.141784820684,4.0
Super built-up  Area,Hennur Road,1385.0,2.0,1.0,83.09,2.0,5999.27797833935,4.0
Super built-up  Area,Lakshminarayana Pura,1149.0,2.0,1.0,75.0,2.0,6527.415143603133,4.0
Super built-up  Area,Sarjapur  Road,2180.0,3.0,2.0,170.0,3.0,7798.165137614679,6.0
Super built-up  Area,Other,12000.0,12.0,2.0,525.0,10.0,4375.0,22.0
Super built-up  Area,Hulimavu,1818.0,3.0,1.0,135.0,3.0,7425.742574257426,6.0
Super built-up  Area,Other,1070.0,2.0,2.0,33.0,2.0,3084.11214953271,4.0
Super built-up  Area,Rajaji Nagar,1640.0,3.0,2.0,241.0,3.0,14695.121951219513,6.0
Built-up  Area,Nagarbhavi,1350.0,2.0,2.0,54.6,3.0,4044.4444444444443,5.0
Built-up  Area,Chandapura,630.0,1.0,1.0,27.0,2.0,4285.714285714285,3.0
Super built-up  Area,Hoodi,1430.0,2.0,2.0,113.0,2.0,7902.097902097902,4.0
Super built-up  Area,Nagavara,2430.0,4.0,3.0,180.0,3.0,7407.407407407408,7.0
Super built-up  Area,Sarjapur  Road,1084.0,2.0,3.0,55.0,2.0,5073.8007380073805,4.0
Super built-up  Area,Hennur Road,1186.0,2.0,1.0,56.0,3.0,4721.753794266442,5.0
Built-up  Area,Kengeri,1255.0,2.0,2.0,50.0,2.0,3984.06374501992,4.0
Super built-up  Area,Haralur Road,3400.0,5.0,3.0,240.0,4.0,7058.823529411765,9.0
Super built-up  Area,Hosa Road,1541.0,3.0,1.0,69.84,3.0,4532.121998702141,6.0
Super built-up  Area,Iblur Village,3596.0,5.0,1.0,282.0,4.0,7842.046718576195,9.0
Super built-up  Area,Raja Rajeshwari Nagar,1295.0,2.0,2.0,70.0,2.0,5405.405405405405,4.0
Built-up  Area,Other,2820.0,3.0,2.0,285.0,3.0,10106.382978723404,6.0
Super built-up  Area,7th Phase JP Nagar,1370.0,2.0,2.0,54.79,3.0,3999.2700729927005,5.0
Super built-up  Area,Electronic City,1100.0,2.0,1.0,40.0,2.0,3636.3636363636365,4.0
Super built-up  Area,Hebbal,4772.0,6.0,2.0,510.0,4.0,10687.34283319363,10.0
Super built-up  Area,Rajaji Nagar,1370.0,2.0,1.0,170.0,2.0,12408.759124087592,4.0
Super built-up  Area,7th Phase JP Nagar,1370.0,2.0,1.0,54.79,3.0,3999.2700729927005,5.0
Super built-up  Area,JP Nagar,1200.0,2.0,2.0,62.0,2.0,5166.666666666667,4.0
Plot  Area,Gunjur,2000.0,3.0,0.0,95.0,4.0,4750.0,7.0
Built-up  Area,9th Phase JP Nagar,3500.0,4.0,2.0,300.0,4.0,8571.42857142857,8.0
Plot  Area,Kengeri,2400.0,5.0,2.0,253.0,4.0,10541.666666666666,9.0
Super built-up  Area,Sarjapur  Road,1220.0,3.0,2.0,62.0,3.0,5081.9672131147545,6.0
Built-up  Area,Other,1950.0,3.0,2.0,130.0,3.0,6666.666666666667,6.0
Super built-up  Area,Somasundara Palya,1178.0,2.0,3.0,73.0,2.0,6196.9439728353145,4.0
Super built-up  Area,Dasanapura,1286.0,3.0,2.0,61.44,3.0,4777.604976671851,6.0
Super built-up  Area,Begur Road,1160.0,2.0,2.0,42.0,2.0,3620.689655172414,4.0
Super built-up  Area,Jigani,918.0,2.0,2.0,55.0,2.0,5991.285403050109,4.0
Super built-up  Area,Electronic City,1563.0,3.0,2.0,91.84,3.0,5875.879718490083,6.0
Super built-up  Area,Other,1326.0,2.0,1.0,62.17,2.0,4688.536953242836,4.0
Super built-up  Area,Other,1350.0,2.0,2.0,140.0,3.0,10370.37037037037,5.0
Super built-up  Area,Hebbal,3960.0,5.0,3.0,386.0,4.0,9747.474747474747,9.0
Super built-up  Area,Begur Road,1240.0,2.0,2.0,39.06,2.0,3150.0,4.0
Super built-up  Area,Kaggadasapura,1325.0,2.0,2.0,50.0,2.0,3773.5849056603774,4.0
Super built-up  Area,Sonnenahalli,1100.0,2.0,1.0,44.0,2.0,4000.0,4.0
Super built-up  Area,Cunningham Road,3875.0,3.0,2.0,800.0,3.0,20645.16129032258,6.0
Super built-up  Area,Gollarapalya Hosahalli,1605.0,3.0,2.0,50.0,3.0,3115.264797507788,6.0
Super built-up  Area,Hennur Road,5600.0,5.0,3.0,515.0,5.0,9196.42857142857,10.0
Super built-up  Area,Somasundara Palya,1260.0,2.0,1.0,60.0,2.0,4761.9047619047615,4.0
Super built-up  Area,Hoodi,1553.0,3.0,2.0,83.09,3.0,5350.289761751449,6.0
Super built-up  Area,Whitefield,1280.0,2.0,2.0,52.0,2.0,4062.5,4.0
Super built-up  Area,Hebbal,1550.0,2.0,2.0,75.0,3.0,4838.709677419355,5.0
Super built-up  Area,Arekere,1445.0,2.0,2.0,125.0,3.0,8650.519031141868,5.0
Super built-up  Area,Murugeshpalya,1550.0,3.0,2.0,74.0,3.0,4774.193548387097,6.0
Super built-up  Area,Electronics City Phase 1,1515.0,2.0,1.0,80.91,3.0,5340.59405940594,5.0
Super built-up  Area,Hosa Road,1332.0,2.0,1.0,86.12,3.0,6465.465465465465,5.0
Super built-up  Area,Electronic City,1652.0,3.0,2.0,70.0,3.0,4237.28813559322,6.0
Super built-up  Area,Hegde Nagar,1570.0,3.0,1.0,105.0,3.0,6687.898089171975,6.0
Plot  Area,Sarjapur  Road,5400.0,4.0,3.0,725.0,4.0,13425.925925925925,8.0
Super built-up  Area,Sector 2 HSR Layout,794.0,1.0,1.0,60.0,1.0,7556.675062972292,2.0
Plot  Area,Seegehalli,1200.0,2.0,0.0,62.0,3.0,5166.666666666667,5.0
Built-up  Area,7th Phase JP Nagar,3600.0,3.0,2.0,410.0,4.0,11388.888888888889,7.0
Plot  Area,Hosakerehalli,1200.0,3.0,2.0,175.0,3.0,14583.333333333334,6.0
Super built-up  Area,JP Nagar,1650.0,3.0,1.0,220.0,4.0,13333.333333333334,7.0
Super built-up  Area,HRBR Layout,2800.0,3.0,2.0,250.0,3.0,8928.57142857143,6.0
Super built-up  Area,Sarjapur  Road,1750.0,3.0,2.0,110.0,3.0,6285.714285714285,6.0
Built-up  Area,Hebbal,1053.0,2.0,1.0,48.0,2.0,4558.404558404558,4.0
Super built-up  Area,Kadubeesanahalli,1665.0,3.0,3.0,70.0,3.0,4204.204204204204,6.0
Plot  Area,Other,4051.0,4.0,3.0,345.0,4.0,8516.415699827203,8.0
Plot  Area,Malleshwaram,5500.0,5.0,1.0,1500.0,4.0,27272.727272727272,9.0
Built-up  Area,Bommasandra,1447.0,3.0,2.0,80.0,3.0,5528.6800276434005,6.0
Built-up  Area,Balagere,1012.0,2.0,1.0,75.0,2.0,7411.067193675889,4.0
Super built-up  Area,Malleshpalya,1900.0,3.0,2.0,60.0,3.0,3157.8947368421054,6.0
Super built-up  Area,Other,1308.0,2.0,2.0,92.66,2.0,7084.0978593272175,4.0
Super built-up  Area,Green Glen Layout,3250.0,4.0,2.0,230.0,4.0,7076.923076923077,8.0
Super built-up  Area,Hormavu,1351.0,2.0,1.0,53.0,1.0,3923.019985196151,3.0
Super built-up  Area,Electronic City,1000.0,2.0,2.0,22.0,2.0,2200.0,4.0
Plot  Area,Other,1200.0,4.0,2.0,350.0,4.0,29166.666666666668,8.0
Super built-up  Area,Gunjur,1140.0,2.0,2.0,49.11,2.0,4307.894736842105,4.0
Super built-up  Area,Jakkur,3181.0,4.0,0.0,260.5,4.0,8189.248663942157,8.0
Built-up  Area,Uttarahalli,1250.0,2.0,1.0,55.0,3.0,4400.0,5.0
Super built-up  Area,Kanakapura,1290.0,3.0,3.0,45.15,3.0,3500.0,6.0
Super built-up  Area,Garudachar Palya,1320.0,2.0,2.0,60.6,3.0,4590.909090909091,5.0
Built-up  Area,Akshaya Nagar,1662.0,3.0,2.0,85.5,3.0,5144.404332129964,6.0
Super built-up  Area,Other,8321.0,5.0,3.0,2700.0,5.0,32448.02307414974,10.0
Built-up  Area,Koramangala,1975.0,3.0,2.0,210.0,3.0,10632.911392405063,6.0
Super built-up  Area,Garudachar Palya,1295.0,2.0,2.0,59.5,3.0,4594.594594594595,5.0
Super built-up  Area,Battarahalli,1777.0,3.0,2.0,100.0,3.0,5627.462014631401,6.0
Super built-up  Area,Kadugodi,1900.0,3.0,2.0,108.0,3.0,5684.210526315789,6.0
Super built-up  Area,Anandapura,1576.0,3.0,2.0,59.1,3.0,3750.0,6.0
Super built-up  Area,Sompura,1020.0,2.0,3.0,41.0,2.0,4019.607843137255,4.0
Super built-up  Area,Other,2100.0,3.0,3.0,170.0,3.0,8095.238095238095,6.0
Super built-up  Area,Raja Rajeshwari Nagar,648.0,1.0,1.0,31.75,1.0,4899.691358024691,2.0
Super built-up  Area,Neeladri Nagar,1167.0,2.0,1.0,38.0,3.0,3256.212510711225,5.0
Super built-up  Area,Hoodi,1220.0,2.0,2.0,50.89,2.0,4171.311475409836,4.0
Super built-up  Area,Kogilu,2350.0,5.0,1.0,327.0,3.0,13914.893617021276,8.0
Super built-up  Area,Vittasandra,1259.0,2.0,1.0,67.4,2.0,5353.455123113583,4.0
Built-up  Area,Gottigere,2000.0,4.0,2.0,82.0,4.0,4100.0,8.0
Super built-up  Area,8th Phase JP Nagar,1800.0,3.0,1.0,80.0,3.0,4444.444444444444,6.0
Built-up  Area,Other,1991.0,3.0,2.0,160.0,3.0,8036.162732295329,6.0
Super built-up  Area,Bannerghatta,1665.0,3.0,3.0,110.0,3.0,6606.606606606607,6.0
Built-up  Area,Other,1234.0,2.0,1.0,61.0,2.0,4943.273905996759,4.0
Super built-up  Area,Mysore Road,1340.0,2.0,2.0,64.31,3.0,4799.253731343284,5.0
Super built-up  Area,Banashankari,1170.0,2.0,2.0,46.79,2.0,3999.1452991452993,4.0
Built-up  Area,Electronics City Phase 1,995.0,2.0,0.0,46.0,2.0,4623.115577889447,4.0
Super built-up  Area,Old Airport Road,1075.0,2.0,2.0,60.0,2.0,5581.395348837209,4.0
Super built-up  Area,Electronic City,1025.0,2.0,1.0,54.5,2.0,5317.073170731707,4.0
Super built-up  Area,Rachenahalli,2721.0,3.0,2.0,113.0,3.0,4152.884968761485,6.0
Super built-up  Area,Thanisandra,2000.0,3.0,2.0,99.0,3.0,4950.0,6.0
Super built-up  Area,Whitefield,2500.0,4.0,3.0,155.0,4.0,6200.0,8.0
Super built-up  Area,Mallasandra,1325.0,2.0,2.0,70.0,2.0,5283.018867924528,4.0
Super built-up  Area,Kadugodi,1314.0,2.0,3.0,68.2,2.0,5190.258751902587,4.0
Super built-up  Area,Kanakpura Road,2265.0,3.0,2.0,136.0,3.0,6004.415011037528,6.0
Built-up  Area,7th Phase JP Nagar,4800.0,7.0,0.0,170.0,7.0,3541.6666666666665,14.0
Super built-up  Area,Yelahanka,1026.0,2.0,1.0,41.0,2.0,3996.101364522417,4.0
Built-up  Area,Other,1200.0,3.0,2.0,66.0,3.0,5500.0,6.0
Built-up  Area,Other,2220.0,4.0,2.0,65.0,3.0,2927.927927927928,7.0
Super built-up  Area,KR Puram,1192.5,2.0,0.0,51.22,2.0,4295.17819706499,4.0
Super built-up  Area,Hebbal,1420.0,2.0,1.0,99.39,2.0,6999.295774647887,4.0
Super built-up  Area,Sarjapur  Road,1888.0,4.0,1.0,95.0,3.0,5031.779661016949,7.0
Super built-up  Area,JP Nagar,1300.0,2.0,1.0,90.87,2.0,6990.0,4.0
Super built-up  Area,Rajaji Nagar,1216.0,2.0,0.0,97.16,2.0,7990.131578947368,4.0
Plot  Area,Other,3000.0,4.0,3.0,342.0,4.0,11400.0,8.0
Built-up  Area,Begur,1559.0,3.0,2.0,63.0,3.0,4041.0519563822963,6.0
Super built-up  Area,Harlur,1290.0,2.0,1.0,87.0,2.0,6744.186046511628,4.0
Plot  Area,Other,2400.0,6.0,2.0,245.0,6.0,10208.333333333334,12.0
Built-up  Area,Whitefield,905.0,1.0,1.0,55.0,1.0,6077.348066298343,2.0
Built-up  Area,Other,1069.0,2.0,2.0,55.0,2.0,5144.9953227315245,4.0
Super built-up  Area,Sarjapura - Attibele Road,829.0,2.0,1.0,22.8,2.0,2750.301568154403,4.0
Built-up  Area,Koramangala,1900.0,2.0,1.0,200.0,2.0,10526.315789473685,4.0
Built-up  Area,Sarjapur  Road,1300.0,3.0,2.0,60.0,3.0,4615.384615384615,6.0
Super built-up  Area,Channasandra,1115.0,2.0,1.0,33.45,2.0,3000.0000000000005,4.0
Super built-up  Area,Rajaji Nagar,2409.0,3.0,2.0,360.0,3.0,14943.960149439601,6.0
Super built-up  Area,Ambedkar Nagar,2150.0,4.0,2.0,125.0,3.0,5813.953488372093,7.0
Super built-up  Area,Marathahalli,1305.0,2.0,1.0,69.0,3.0,5287.35632183908,5.0
Super built-up  Area,Kanakpura Road,1252.0,2.0,1.0,56.32,2.0,4498.402555910543,4.0
Plot  Area,Hosakerehalli,2400.0,5.0,2.0,250.0,5.0,10416.666666666666,10.0
Plot  Area,Whitefield,1200.0,2.0,1.0,46.13,2.0,3844.1666666666665,4.0
Built-up  Area,Koramangala,1750.0,3.0,1.0,130.0,3.0,7428.571428571428,6.0
Plot  Area,Other,1375.0,2.0,1.0,105.0,2.0,7636.363636363636,4.0
Super built-up  Area,Subramanyapura,1313.0,2.0,2.0,66.5,2.0,5064.737242955065,4.0
Plot  Area,Attibele,3640.0,4.0,1.0,275.0,4.0,7554.945054945055,8.0
Super built-up  Area,Other,1693.0,3.0,2.0,108.0,3.0,6379.208505611341,6.0
Super built-up  Area,Other,1160.0,2.0,1.0,41.75,2.0,3599.137931034483,4.0
Plot  Area,Other,1200.0,3.0,0.0,200.0,3.0,16666.666666666668,6.0
Super built-up  Area,Subramanyapura,1255.0,2.0,2.0,79.0,3.0,6294.820717131474,5.0
Built-up  Area,Other,900.0,2.0,1.0,45.0,2.0,5000.0,4.0
Super built-up  Area,Yelahanka New Town,1700.0,3.0,2.0,90.0,3.0,5294.117647058823,6.0
Carpet  Area,Indira Nagar,1875.0,3.0,1.0,180.0,3.0,9600.0,6.0
Carpet  Area,Uttarahalli,1700.0,3.0,2.0,88.0,3.0,5176.470588235294,6.0
Super built-up  Area,Harlur,1749.0,3.0,2.0,115.0,3.0,6575.18582046884,6.0
Plot  Area,Dasanapura,1500.0,3.0,1.0,65.0,2.0,4333.333333333333,5.0
Super built-up  Area,Other,1175.0,2.0,1.0,48.0,2.0,4085.1063829787236,4.0
Built-up  Area,Akshaya Nagar,1280.0,2.0,1.0,60.0,2.0,4687.5,4.0
Built-up  Area,Other,1200.0,2.0,2.0,50.0,2.0,4166.666666666667,4.0
Super built-up  Area,Ramagondanahalli,1610.0,2.0,2.0,115.0,3.0,7142.857142857143,5.0
Super built-up  Area,Electronic City,1070.0,2.0,1.0,46.0,2.0,4299.065420560748,4.0
Plot  Area,TC Palaya,1200.0,2.0,0.0,66.0,2.0,5500.0,4.0
Super built-up  Area,9th Phase JP Nagar,1127.0,2.0,1.0,50.0,2.0,4436.557231588287,4.0
Built-up  Area,Indira Nagar,1210.0,2.0,1.0,102.0,2.0,8429.752066115703,4.0
Built-up  Area,Other,600.0,2.0,1.0,23.0,2.0,3833.3333333333335,4.0
Super built-up  Area,Thigalarapalya,4190.0,4.0,3.0,380.0,4.0,9069.212410501194,8.0
Super built-up  Area,Other,1364.0,2.0,2.0,70.0,2.0,5131.964809384164,4.0
Super built-up  Area,Whitefield,2268.0,3.0,0.0,146.0,4.0,6437.389770723104,7.0
Super built-up  Area,Other,1150.0,2.0,2.0,77.5,3.0,6739.130434782609,5.0
Super built-up  Area,Other,1146.0,2.0,1.0,39.5,2.0,3446.7713787085513,4.0
Built-up  Area,Magadi Road,1345.0,2.0,2.0,55.0,2.0,4089.2193308550186,4.0
Super built-up  Area,Other,1110.0,2.0,2.0,41.0,2.0,3693.6936936936936,4.0
Built-up  Area,Kengeri,750.0,2.0,1.0,36.0,2.0,4800.0,4.0
Built-up  Area,Other,1156.0,2.0,2.0,49.5,2.0,4282.006920415225,4.0
Super built-up  Area,Other,1247.0,2.0,1.0,59.8,2.0,4795.50922213312,4.0
Super built-up  Area,Other,1058.0,2.0,2.0,60.0,2.0,5671.077504725898,4.0
Super built-up  Area,Kaggalipura,950.0,2.0,1.0,48.0,2.0,5052.631578947368,4.0
Super built-up  Area,Vijayanagar,1520.0,2.0,1.0,103.0,3.0,6776.315789473684,5.0
Built-up  Area,Other,900.0,1.0,1.0,30.0,1.0,3333.3333333333335,2.0
Super built-up  Area,Hennur Road,2350.0,3.0,2.0,174.0,3.0,7404.255319148936,6.0
Super built-up  Area,Thanisandra,1050.0,2.0,2.0,46.0,2.0,4380.952380952381,4.0
Super built-up  Area,Other,1672.0,3.0,2.0,150.0,3.0,8971.291866028709,6.0
Plot  Area,Laggere,2800.0,5.0,2.0,125.0,5.0,4464.285714285715,10.0
Super built-up  Area,Other,1500.0,2.0,2.0,65.0,3.0,4333.333333333333,5.0
Super built-up  Area,Other,1400.0,2.0,2.0,65.0,2.0,4642.857142857143,4.0
Built-up  Area,8th Phase JP Nagar,2700.0,4.0,2.0,130.0,4.0,4814.814814814815,8.0
Super built-up  Area,Bommasandra,920.0,2.0,1.0,37.46,2.0,4071.7391304347825,4.0
Plot  Area,Sarjapur  Road,1200.0,3.0,2.0,70.0,3.0,5833.333333333333,6.0
Built-up  Area,Other,1250.0,3.0,2.0,139.0,3.0,11120.0,6.0
Super built-up  Area,Hosakerehalli,1817.0,4.0,2.0,153.0,3.0,8420.473307649972,7.0
Plot  Area,Cooke Town,2043.0,6.0,2.0,375.0,5.0,18355.359765051395,11.0
Built-up  Area,Yelahanka,4346.0,4.0,1.0,450.0,4.0,10354.348826507134,8.0
Super built-up  Area,Haralur Road,1464.0,2.0,2.0,56.0,2.0,3825.136612021858,4.0
Super built-up  Area,Other,1468.0,3.0,2.0,130.0,2.0,8855.58583106267,5.0
Super built-up  Area,Electronics City Phase 1,1555.0,2.0,1.0,82.0,3.0,5273.311897106109,5.0
Built-up  Area,Whitefield,1150.0,2.0,0.0,55.0,2.0,4782.608695652174,4.0
Super built-up  Area,Kadubeesanahalli,970.0,2.0,1.0,35.0,2.0,3608.2474226804125,4.0
Super built-up  Area,Banashankari,2500.0,4.0,3.0,95.0,4.0,3800.0,8.0
Super built-up  Area,Other,1166.0,2.0,1.0,53.0,2.0,4545.454545454545,4.0
Plot  Area,Konanakunte,2779.0,3.0,1.0,317.0,3.0,11406.980928391507,6.0
Super built-up  Area,Electronic City,1350.0,3.0,2.0,58.0,3.0,4296.2962962962965,6.0
Built-up  Area,Other,900.0,2.0,3.0,46.0,2.0,5111.111111111111,4.0
Built-up  Area,Other,1190.0,3.0,1.0,55.0,3.0,4621.848739495798,6.0
Super built-up  Area,Kodichikkanahalli,1495.0,2.0,2.0,75.0,3.0,5016.722408026756,5.0
Built-up  Area,Indira Nagar,1224.0,2.0,2.0,105.0,2.0,8578.43137254902,4.0
Super built-up  Area,Banashankari Stage III,1350.0,2.0,2.0,68.0,3.0,5037.037037037037,5.0
Built-up  Area,Green Glen Layout,940.0,2.0,1.0,56.8,2.0,6042.553191489362,4.0
Super built-up  Area,Raja Rajeshwari Nagar,1100.0,2.0,1.0,55.0,2.0,5000.0,4.0
Super built-up  Area,Kaikondrahalli,1300.0,2.0,2.0,61.0,2.0,4692.307692307692,4.0
Built-up  Area,Other,1480.0,2.0,0.0,145.0,3.0,9797.297297297297,5.0
Super built-up  Area,Hoodi,1105.0,2.0,2.0,46.37,2.0,4196.380090497738,4.0
Plot  Area,Sarjapur  Road,2600.0,3.0,2.0,200.0,3.0,7692.307692307692,6.0
Super built-up  Area,Yelahanka,1517.0,3.0,2.0,76.3,3.0,5029.663810151615,6.0
Built-up  Area,Horamavu Banaswadi,3800.0,8.0,0.0,200.0,6.0,5263.1578947368425,14.0
Super built-up  Area,Jalahalli,1615.0,3.0,2.0,89.75,3.0,5557.275541795666,6.0
Super built-up  Area,Other,1500.0,3.0,2.0,65.0,3.0,4333.333333333333,6.0
Super built-up  Area,Mysore Road,1082.0,3.0,1.0,50.5,3.0,4667.28280961183,6.0
Super built-up  Area,Marathahalli,1365.0,2.0,2.0,73.0,2.0,5347.985347985348,4.0
Super built-up  Area,Electronic City,1000.0,2.0,3.0,25.0,2.0,2500.0,4.0
Super built-up  Area,CV Raman Nagar,1392.0,2.0,1.0,98.0,2.0,7040.229885057472,4.0
Super built-up  Area,Kodigehalli,1086.0,2.0,1.0,33.66,2.0,3099.4475138121543,4.0
Super built-up  Area,Hennur Road,1586.0,3.0,3.0,93.94,3.0,5923.076923076923,6.0
Built-up  Area,Hennur,1100.0,2.0,1.0,60.0,2.0,5454.545454545455,4.0
Super built-up  Area,Electronic City Phase II,1065.0,2.0,1.0,30.75,2.0,2887.323943661972,4.0
Plot  Area,TC Palaya,1500.0,2.0,1.0,120.0,3.0,8000.0,5.0
Built-up  Area,7th Phase JP Nagar,1575.0,2.0,2.0,120.0,3.0,7619.047619047619,5.0
Super built-up  Area,Hennur Road,1975.0,3.0,3.0,123.0,3.0,6227.848101265823,6.0
Super built-up  Area,Other,820.0,2.0,2.0,24.0,2.0,2926.829268292683,4.0
Super built-up  Area,Gubbalala,1745.0,3.0,2.0,110.0,3.0,6303.7249283667625,6.0
Super built-up  Area,Nagarbhavi,1223.0,2.0,1.0,60.0,2.0,4905.968928863451,4.0
Super built-up  Area,Ananth Nagar,1200.0,2.0,1.0,65.0,3.0,5416.666666666667,5.0
Super built-up  Area,Basaveshwara Nagar,1200.0,2.0,0.0,90.0,2.0,7500.0,4.0
Super built-up  Area,Binny Pete,665.0,1.0,1.0,46.08,1.0,6929.3233082706765,2.0
Super built-up  Area,Bharathi Nagar,1351.0,2.0,2.0,70.0,2.0,5181.347150259067,4.0
Super built-up  Area,Hebbal,1355.0,3.0,1.0,83.87,3.0,6189.667896678967,6.0
Built-up  Area,Sector 7 HSR Layout,3900.0,3.0,2.0,300.0,3.0,7692.307692307692,6.0
Super built-up  Area,Thanisandra,1588.0,3.0,1.0,75.55,3.0,4757.556675062972,6.0
Carpet  Area,Amruthahalli,900.0,2.0,1.0,60.0,2.0,6666.666666666667,4.0
Built-up  Area,Harlur,3385.0,4.0,2.0,260.0,4.0,7680.945347119646,8.0
Super built-up  Area,Panathur,1370.0,2.0,2.0,75.0,3.0,5474.4525547445255,5.0
Plot  Area,Whitefield,1500.0,3.0,1.0,71.8,3.0,4786.666666666667,6.0
Super built-up  Area,Other,2280.0,3.0,2.0,285.0,3.0,12500.0,6.0
Super built-up  Area,Kanakpura Road,1100.0,3.0,2.0,53.0,3.0,4818.181818181818,6.0
Built-up  Area,Hoodi,1247.0,2.0,0.0,53.0,2.0,4250.200481154771,4.0
Super built-up  Area,Other,2000.0,3.0,2.0,200.0,3.0,10000.0,6.0
Super built-up  Area,Balagere,1020.07,2.0,1.0,68.38,2.0,6703.461527150097,4.0
Super built-up  Area,Other,1033.0,2.0,2.0,32.0,3.0,3097.773475314618,5.0
Built-up  Area,Other,1460.0,2.0,3.0,73.0,3.0,5000.0,5.0
Super built-up  Area,Garudachar Palya,1150.0,2.0,2.0,52.8,2.0,4591.304347826087,4.0
Super built-up  Area,Sarjapur  Road,5965.0,5.0,2.0,385.0,5.0,6454.316848281643,10.0
Super built-up  Area,Babusapalaya,1141.0,2.0,1.0,46.0,2.0,4031.5512708150745,4.0
Super built-up  Area,Yelahanka,2912.5,6.0,0.0,125.5,4.0,4309.01287553648,10.0
Plot  Area,Doddaballapur,4200.0,4.0,3.0,325.0,4.0,7738.0952380952385,8.0
Super built-up  Area,Hosa Road,1665.0,2.0,3.0,125.0,3.0,7507.507507507507,5.0
Super built-up  Area,Kanakapura,1295.0,2.0,2.0,64.0,2.0,4942.084942084942,4.0
Super built-up  Area,Haralur Road,1230.0,2.0,1.0,78.0,2.0,6341.463414634146,4.0
Super built-up  Area,Other,1080.0,2.0,2.0,75.0,3.0,6944.444444444444,5.0
Super built-up  Area,Kaggalipura,1000.0,2.0,1.0,60.0,2.0,6000.0,4.0
Super built-up  Area,Kaval Byrasandra,2400.0,2.0,0.0,50.0,3.0,2083.3333333333335,5.0
Super built-up  Area,Whitefield,630.5,1.0,0.0,32.79,1.0,5200.634417129262,2.0
Super built-up  Area,Rayasandra,1708.0,3.0,2.0,75.0,3.0,4391.100702576113,6.0
Super built-up  Area,Thanisandra,1697.0,3.0,2.0,115.0,3.0,6776.664702416028,6.0
Super built-up  Area,Whitefield,3537.0,5.0,3.0,210.0,4.0,5937.234944868533,9.0
Super built-up  Area,Hosa Road,615.0,1.0,1.0,28.29,1.0,4600.0,2.0
Built-up  Area,Banashankari,1350.0,2.0,0.0,83.0,3.0,6148.148148148148,5.0
Super built-up  Area,Jalahalli,1083.0,2.0,1.0,32.49,2.0,3000.0,4.0
Super built-up  Area,Gottigere,1460.0,2.0,2.0,65.0,3.0,4452.054794520548,5.0
Super built-up  Area,Babusapalaya,1084.0,2.0,1.0,58.0,2.0,5350.553505535056,4.0
Super built-up  Area,Bommasandra,1035.0,2.0,1.0,41.43,2.0,4002.8985507246375,4.0
Super built-up  Area,Other,2400.0,2.0,1.0,150.0,3.0,6250.0,5.0
Super built-up  Area,Hosur Road,460.0,1.0,1.0,21.0,1.0,4565.217391304348,2.0
Super built-up  Area,Whitefield,1285.0,2.0,2.0,55.9,2.0,4350.194552529183,4.0
Plot  Area,Sarjapur,1200.0,3.0,2.0,78.0,3.0,6500.0,6.0
Built-up  Area,Other,1070.0,2.0,1.0,35.0,2.0,3271.0280373831774,4.0
Super built-up  Area,Hegde Nagar,1801.0,3.0,2.0,140.0,3.0,7773.459189339256,6.0
Super built-up  Area,Whitefield,1697.0,3.0,2.0,115.0,3.0,6776.664702416028,6.0
Super built-up  Area,AECS Layout,1199.0,2.0,2.0,65.0,2.0,5421.184320266889,4.0
Super built-up  Area,Iblur Village,2300.0,3.0,1.0,220.0,3.0,9565.217391304348,6.0
Super built-up  Area,Mysore Road,1340.0,2.0,3.0,64.31,3.0,4799.253731343284,5.0
Super built-up  Area,Marathahalli,3800.0,4.0,3.0,205.0,4.0,5394.736842105263,8.0
Super built-up  Area,Other,1125.0,2.0,1.0,75.0,2.0,6666.666666666667,4.0
Plot  Area,Anandapura,1200.0,2.0,1.0,67.0,2.0,5583.333333333333,4.0
Built-up  Area,Subramanyapura,1050.0,2.0,3.0,41.0,2.0,3904.7619047619046,4.0
Built-up  Area,Nagarbhavi,956.0,2.0,1.0,49.0,2.0,5125.523012552301,4.0
Super built-up  Area,Sarjapur,1000.0,2.0,2.0,30.0,2.0,3000.0,4.0
Built-up  Area,Other,1596.0,3.0,0.0,95.0,3.0,5952.380952380952,6.0
Super built-up  Area,Kanakpura Road,1296.0,2.0,3.0,89.06,2.0,6871.913580246914,4.0
Built-up  Area,Other,1639.0,3.0,3.0,123.0,3.0,7504.5759609518,6.0
Super built-up  Area,Electronic City Phase II,1219.0,2.0,1.0,61.25,2.0,5024.610336341263,4.0
Built-up  Area,Uttarahalli,1200.0,3.0,1.0,50.0,3.0,4166.666666666667,6.0
Super built-up  Area,Bannerghatta Road,1218.0,2.0,1.0,73.0,2.0,5993.431855500821,4.0
Super built-up  Area,Other,920.0,2.0,3.0,37.0,2.0,4021.7391304347825,4.0
Super built-up  Area,Yeshwanthpur,2559.0,3.0,2.0,141.0,3.0,5509.964830011723,6.0
Super built-up  Area,Other,525.0,1.0,1.0,26.0,1.0,4952.380952380952,2.0
Super built-up  Area,Bannerghatta Road,1427.0,2.0,2.0,48.51,3.0,3399.4393833216536,5.0
Super built-up  Area,Kothannur,1270.0,3.0,2.0,45.0,3.0,3543.3070866141734,6.0
Built-up  Area,Ramagondanahalli,920.0,2.0,3.0,65.0,2.0,7065.217391304348,4.0
Built-up  Area,Dommasandra,2700.0,3.0,2.0,68.0,4.0,2518.5185185185187,7.0
Super built-up  Area,Other,1740.0,3.0,2.0,199.0,3.0,11436.781609195403,6.0
Built-up  Area,Ramamurthy Nagar,1355.0,2.0,2.0,40.0,3.0,2952.029520295203,5.0
Super built-up  Area,Lingadheeranahalli,1530.0,2.0,2.0,90.0,3.0,5882.35294117647,5.0
Carpet  Area,Other,1372.0,2.0,1.0,90.0,3.0,6559.766763848396,5.0
Super built-up  Area,Nehru Nagar,2363.0,5.0,2.0,120.0,4.0,5078.290308929327,9.0
Super built-up  Area,Marathahalli,3895.0,4.0,3.0,220.0,4.0,5648.267008985879,8.0
Super built-up  Area,Jakkur,1950.0,3.0,2.0,131.0,3.0,6717.948717948718,6.0
Built-up  Area,Other,885.0,2.0,3.0,40.0,2.0,4519.774011299435,4.0
Built-up  Area,Yelahanka,600.0,2.0,2.0,27.0,2.0,4500.0,4.0
Plot  Area,Vijayanagar,1380.0,2.0,0.0,225.0,2.0,16304.347826086956,4.0
Super built-up  Area,Kanakpura Road,1339.0,2.0,2.0,62.0,2.0,4630.321135175504,4.0
Super built-up  Area,Whitefield,1130.0,2.0,1.0,36.0,2.0,3185.8407079646017,4.0
Built-up  Area,Uttarahalli,1085.0,2.0,2.0,43.0,2.0,3963.1336405529955,4.0
Built-up  Area,Yeshwanthpur,1430.0,3.0,2.0,72.0,3.0,5034.965034965035,6.0
Carpet  Area,Bhoganhalli,1451.5,4.0,1.0,121.0,4.0,8336.203926972097,8.0
Super built-up  Area,Other,6200.0,5.0,2.0,720.0,5.0,11612.90322580645,10.0
Super built-up  Area,Other,1490.0,2.0,1.0,59.6,3.0,4000.0,5.0
Built-up  Area,Other,1650.0,4.0,0.0,99.0,4.0,6000.0,8.0
Super built-up  Area,Bellandur,1286.0,2.0,2.0,57.0,2.0,4432.348367029549,4.0
Built-up  Area,Other,925.0,2.0,2.0,63.0,2.0,6810.810810810811,4.0
Super built-up  Area,Bellandur,3016.0,4.0,3.0,230.0,4.0,7625.994694960213,8.0
Built-up  Area,Haralur Road,1000.0,2.0,2.0,44.0,2.0,4400.0,4.0
Super built-up  Area,Whitefield,1215.0,2.0,2.0,39.0,2.0,3209.8765432098767,4.0
Plot  Area,Other,1200.0,3.0,1.0,95.0,4.0,7916.666666666667,7.0
Super built-up  Area,Lakshminarayana Pura,1336.0,2.0,2.0,100.0,2.0,7485.029940119761,4.0
Super built-up  Area,Yeshwanthpur,673.0,1.0,1.0,36.85,1.0,5475.482912332838,2.0
Plot  Area,Anandapura,1200.0,2.0,1.0,58.0,2.0,4833.333333333333,4.0
Super built-up  Area,Malleshwaram,1600.0,3.0,3.0,160.0,3.0,10000.0,6.0
Plot  Area,Other,1200.0,2.0,0.0,79.0,2.0,6583.333333333333,4.0
Plot  Area,Indira Nagar,2480.0,4.0,1.0,750.0,6.0,30241.935483870966,10.0
Super built-up  Area,Other,2500.0,3.0,2.0,270.0,3.0,10800.0,6.0
Plot  Area,Devanahalli,2400.0,5.0,3.0,100.0,5.0,4166.666666666667,10.0
Super built-up  Area,Sector 2 HSR Layout,1143.0,2.0,2.0,65.0,2.0,5686.789151356081,4.0
Super built-up  Area,Kanakpura Road,1470.0,2.0,2.0,61.74,2.0,4200.0,4.0
Plot  Area,Other,1584.0,3.0,2.0,145.0,4.0,9154.040404040405,7.0
Super built-up  Area,Marathahalli,1785.0,3.0,2.0,94.0,3.0,5266.106442577031,6.0
Super built-up  Area,Koramangala,2292.0,3.0,2.0,286.0,3.0,12478.184991273996,6.0
Super built-up  Area,Kothanur,1460.0,3.0,3.0,71.0,3.0,4863.013698630137,6.0
Super built-up  Area,Kasturi Nagar,1500.0,2.0,3.0,80.0,3.0,5333.333333333333,5.0
Built-up  Area,Sanjay nagar,3300.0,3.0,2.0,250.0,5.0,7575.757575757576,8.0
Super built-up  Area,Chikkalasandra,1230.0,2.0,2.0,48.0,2.0,3902.439024390244,4.0
Super built-up  Area,Yelahanka New Town,650.0,1.0,1.0,20.0,1.0,3076.923076923077,2.0
Super built-up  Area,Benson Town,1480.0,2.0,2.0,120.0,2.0,8108.108108108108,4.0
Super built-up  Area,Thanisandra,1220.0,2.0,1.0,43.92,2.0,3600.0,4.0
Super built-up  Area,Other,1570.0,3.0,1.0,115.0,3.0,7324.84076433121,6.0
Built-up  Area,Other,3000.0,3.0,3.0,400.0,3.0,13333.333333333334,6.0
Super built-up  Area,Mallasandra,1665.0,3.0,2.0,86.91,3.0,5219.81981981982,6.0
Plot  Area,Other,1350.0,3.0,1.0,380.0,3.0,28148.14814814815,6.0
Plot  Area,Sarjapur  Road,4000.0,5.0,2.0,600.0,4.0,15000.0,9.0
Plot  Area,Ramamurthy Nagar,1100.0,2.0,0.0,68.0,2.0,6181.818181818182,4.0
Super built-up  Area,Kathriguppe,1350.0,2.0,1.0,87.01,3.0,6445.185185185185,5.0
Built-up  Area,Kasavanhalli,1719.0,3.0,2.0,116.0,3.0,6748.109365910413,6.0
Super built-up  Area,Budigere,664.0,1.0,1.0,35.0,1.0,5271.084337349397,2.0
Super built-up  Area,Sonnenahalli,1011.0,2.0,1.0,50.53,2.0,4998.021760633037,4.0
Built-up  Area,Other,2400.0,6.0,0.0,130.0,6.0,5416.666666666667,12.0
Super built-up  Area,Other,1680.0,3.0,2.0,85.0,3.0,5059.523809523809,6.0
Super built-up  Area,Yeshwanthpur,717.0,2.0,0.0,49.475,2.0,6900.278940027894,4.0
Super built-up  Area,Whitefield,1520.0,2.0,2.0,150.0,3.0,9868.421052631578,5.0
Carpet  Area,Uttarahalli,1350.0,2.0,2.0,53.0,3.0,3925.925925925926,5.0
Super built-up  Area,Kothanur,1760.0,3.0,2.0,150.0,3.0,8522.727272727272,6.0
Super built-up  Area,Other,875.0,2.0,1.0,33.0,2.0,3771.4285714285716,4.0
Super built-up  Area,Hennur,1231.0,2.0,2.0,48.0,2.0,3899.268887083672,4.0
Super built-up  Area,Somasundara Palya,1174.0,2.0,3.0,74.0,2.0,6303.236797274276,4.0
Built-up  Area,Munnekollal,1560.0,3.0,3.0,75.0,3.0,4807.692307692308,6.0
Super built-up  Area,Other,1464.0,2.0,2.0,56.0,2.0,3825.136612021858,4.0
Plot  Area,Kanakpura Road,2200.0,3.0,2.0,130.0,3.0,5909.090909090909,6.0
Built-up  Area,Shivaji Nagar,850.0,2.0,2.0,55.0,2.0,6470.588235294118,4.0
Built-up  Area,Other,1750.0,3.0,1.0,180.0,3.0,10285.714285714286,6.0
Super built-up  Area,1st Phase JP Nagar,2024.0,3.0,2.0,157.0,3.0,7756.916996047431,6.0
Plot  Area,Other,1500.0,1.0,0.0,160.0,2.0,10666.666666666666,3.0
Plot  Area,Other,2100.0,6.0,2.0,275.0,6.0,13095.238095238095,12.0
Super built-up  Area,Kodihalli,2408.0,4.0,2.0,260.0,3.0,10797.34219269103,7.0
Super built-up  Area,Devanahalli,1080.0,2.0,1.0,44.0,2.0,4074.074074074074,4.0
Super built-up  Area,Indira Nagar,2070.0,3.0,2.0,225.0,3.0,10869.565217391304,6.0
Built-up  Area,Electronic City,1020.0,2.0,1.0,29.46,2.0,2888.235294117647,4.0
Super built-up  Area,Begur Road,1500.0,2.0,3.0,55.0,3.0,3666.6666666666665,5.0
Plot  Area,Mahalakshmi Layout,1575.0,5.0,1.0,158.0,4.0,10031.746031746032,9.0
Plot  Area,Kodichikkanahalli,3250.0,4.0,1.0,180.0,4.0,5538.461538461538,8.0
Super built-up  Area,Uttarahalli,1175.0,2.0,1.0,47.0,2.0,4000.0,4.0
Super built-up  Area,Channasandra,1030.0,2.0,1.0,34.5,2.0,3349.5145631067962,4.0
Super built-up  Area,Hebbal,1440.0,2.0,1.0,115.0,2.0,7986.111111111111,4.0
Built-up  Area,Hoodi,1500.0,2.0,1.0,84.0,2.0,5600.0,4.0
Plot  Area,Thanisandra,1380.0,1.0,1.0,62.1,1.0,4500.0,2.0
Built-up  Area,Other,1200.0,2.0,3.0,50.0,2.0,4166.666666666667,4.0
Built-up  Area,Other,705.0,1.0,2.0,36.5,1.0,5177.304964539007,2.0
Super built-up  Area,Harlur,2240.0,5.0,2.0,155.0,3.0,6919.642857142857,8.0
Super built-up  Area,Hegde Nagar,1584.01,3.0,1.0,103.0,3.0,6502.484201488627,6.0
Super built-up  Area,Other,1340.0,3.0,3.0,77.0,3.0,5746.268656716418,6.0
Super built-up  Area,Other,1800.0,3.0,2.0,70.0,3.0,3888.8888888888887,6.0
Super built-up  Area,R.T. Nagar,1200.0,2.0,3.0,45.0,2.0,3750.0,4.0
Super built-up  Area,Sarjapur  Road,685.0,1.0,1.0,40.0,1.0,5839.41605839416,2.0
Super built-up  Area,Other,925.0,2.0,3.0,42.0,2.0,4540.540540540541,4.0
Super built-up  Area,Other,1230.0,2.0,2.0,57.0,2.0,4634.1463414634145,4.0
Super built-up  Area,Kodichikkanahalli,1125.0,2.0,1.0,52.0,2.0,4622.222222222223,4.0
Super built-up  Area,Hebbal,1100.0,2.0,1.0,54.0,2.0,4909.090909090909,4.0
Plot  Area,Jigani,2400.0,3.0,2.0,149.0,3.0,6208.333333333333,6.0
Super built-up  Area,Electronic City Phase II,1400.0,2.0,2.0,41.58,3.0,2970.0,5.0
Super built-up  Area,Jakkur,1858.0,3.0,1.0,98.3,3.0,5290.635091496232,6.0
Plot  Area,Other,1260.0,1.0,1.0,41.0,1.0,3253.968253968254,2.0
Built-up  Area,Ambedkar Nagar,3530.0,4.0,2.0,290.0,4.0,8215.297450424929,8.0
Super built-up  Area,HSR Layout,1185.0,2.0,2.0,60.0,2.0,5063.291139240507,4.0
Plot  Area,Other,1200.0,2.0,1.0,216.0,2.0,18000.0,4.0
Super built-up  Area,Hennur,1255.0,2.0,1.0,58.0,2.0,4621.5139442231075,4.0
Super built-up  Area,Rajaji Nagar,3436.0,6.0,3.0,475.0,4.0,13824.214202561117,10.0
Built-up  Area,Kudlu Gate,1335.0,3.0,2.0,89.0,3.0,6666.666666666667,6.0
Super built-up  Area,Dodda Nekkundi,1999.0,3.0,2.0,132.0,3.0,6603.301650825412,6.0
Plot  Area,Other,1200.0,2.0,1.0,125.0,2.0,10416.666666666666,4.0
Super built-up  Area,Kundalahalli,1397.0,3.0,2.0,110.0,3.0,7874.0157480314965,6.0
Super built-up  Area,Cooke Town,3950.0,4.0,2.0,450.0,4.0,11392.405063291139,8.0
Plot  Area,Yelahanka New Town,1200.0,2.0,1.0,130.0,2.0,10833.333333333334,4.0
Plot  Area,Chikka Tirupathi,1616.0,3.0,0.0,95.0,3.0,5878.712871287129,6.0
Built-up  Area,Other,1270.0,2.0,1.0,175.0,4.0,13779.527559055117,6.0
Super built-up  Area,Raja Rajeshwari Nagar,1140.0,2.0,2.0,38.55,2.0,3381.578947368421,4.0
Super built-up  Area,Kanakpura Road,525.0,1.0,1.0,30.0,1.0,5714.285714285715,2.0
Plot  Area,Varthur,1200.0,2.0,1.0,98.0,3.0,8166.666666666667,5.0
Built-up  Area,Other,700.0,1.0,1.0,162.0,1.0,23142.85714285714,2.0
Super built-up  Area,Balagere,1205.47,2.0,1.0,81.0,2.0,6719.370867794304,4.0
Plot  Area,Other,1200.0,3.0,2.0,130.0,3.0,10833.333333333334,6.0
Super built-up  Area,Electronic City,1700.0,3.0,2.0,75.0,3.0,4411.764705882353,6.0
Super built-up  Area,Kanakpura Road,1090.0,2.0,1.0,54.54,2.0,5003.6697247706425,4.0
Super built-up  Area,Yeshwanthpur,3600.0,5.0,2.0,220.0,4.0,6111.111111111111,9.0
Built-up  Area,Kundalahalli,2400.0,1.0,0.0,650.0,1.0,27083.333333333332,2.0
Super built-up  Area,Thanisandra,923.0,1.0,1.0,60.84,1.0,6591.549295774648,2.0
Super built-up  Area,Other,3595.0,6.0,2.0,360.0,4.0,10013.908205841446,10.0
Super built-up  Area,Green Glen Layout,1050.0,2.0,2.0,48.0,2.0,4571.428571428572,4.0
Super built-up  Area,Whitefield,1495.0,2.0,2.0,79.5,2.0,5317.725752508361,4.0
Built-up  Area,Other,1485.0,3.0,2.0,85.0,3.0,5723.905723905724,6.0
Super built-up  Area,Dommasandra,1033.0,2.0,2.0,31.5,3.0,3049.3707647628266,5.0
Super built-up  Area,Electronic City,1400.0,2.0,1.0,48.0,3.0,3428.5714285714284,5.0
Built-up  Area,Indira Nagar,500.0,1.0,0.0,70.0,1.0,14000.0,2.0
Super built-up  Area,Sarjapur  Road,944.0,2.0,1.0,35.0,2.0,3707.6271186440677,4.0
Built-up  Area,Whitefield,3250.0,5.0,0.0,290.0,5.0,8923.076923076924,10.0
Super built-up  Area,Whitefield,1216.0,2.0,1.0,66.48,2.0,5467.105263157895,4.0
Super built-up  Area,Other,1100.0,2.0,1.0,39.5,2.0,3590.909090909091,4.0
Super built-up  Area,Thanisandra,1743.0,3.0,2.0,93.25,3.0,5349.971313826735,6.0
Super built-up  Area,Yelahanka,1274.0,2.0,2.0,48.42,2.0,3800.6279434850862,4.0
Super built-up  Area,Other,2500.0,3.0,2.0,425.0,3.0,17000.0,6.0
Super built-up  Area,Mysore Road,1512.0,2.0,2.0,110.0,3.0,7275.132275132275,5.0
Super built-up  Area,Other,3100.0,5.0,1.0,385.0,4.0,12419.354838709678,9.0
Super built-up  Area,Cox Town,1650.0,3.0,3.0,100.0,3.0,6060.606060606061,6.0
Built-up  Area,Doddathoguru,1875.0,3.0,1.0,55.0,3.0,2933.3333333333335,6.0
Built-up  Area,Whitefield,1350.0,3.0,2.0,54.0,3.0,4000.0,6.0
Super built-up  Area,Other,1219.0,2.0,2.0,40.0,2.0,3281.3781788351107,4.0
Plot  Area,Other,1200.0,4.0,1.0,150.0,4.0,12500.0,8.0
Plot  Area,Sarjapura - Attibele Road,2400.0,3.0,3.0,85.0,3.0,3541.6666666666665,6.0
Super built-up  Area,Hormavu,1141.0,2.0,1.0,44.4,2.0,3891.3234005258546,4.0
Super built-up  Area,Anandapura,1151.0,2.0,1.0,43.1,2.0,3744.5699391833186,4.0
Super built-up  Area,Sarjapur  Road,915.0,2.0,1.0,38.0,2.0,4153.005464480874,4.0
Plot  Area,Other,3259.0,3.0,0.0,270.0,3.0,8284.749923289353,6.0
Super built-up  Area,Bannerghatta Road,1115.0,2.0,1.0,65.12,2.0,5840.358744394619,4.0
Super built-up  Area,Thigalarapalya,2072.0,4.0,2.0,139.0,3.0,6708.494208494209,7.0
Super built-up  Area,Kaggadasapura,1200.0,2.0,2.0,53.0,2.0,4416.666666666667,4.0
Super built-up  Area,Singasandra,1300.0,2.0,2.0,65.0,2.0,5000.0,4.0
Super built-up  Area,Bellandur,1457.0,2.0,2.0,85.0,2.0,5833.905284831846,4.0
Super built-up  Area,Kannamangala,1262.0,2.0,2.0,55.0,2.0,4358.161648177496,4.0
Super built-up  Area,Ananth Nagar,900.0,2.0,2.0,22.5,2.0,2500.0,4.0
Built-up  Area,Attibele,420.0,1.0,1.0,17.0,1.0,4047.6190476190477,2.0
Super built-up  Area,Kanakapura,1160.0,2.0,1.0,46.39,2.0,3999.137931034483,4.0
Super built-up  Area,Kasavanhalli,1115.0,2.0,2.0,50.0,2.0,4484.304932735426,4.0
Built-up  Area,JP Nagar,1315.0,2.0,1.0,85.4,3.0,6494.296577946768,5.0
Built-up  Area,Babusapalaya,1500.0,2.0,2.0,57.0,2.0,3800.0,4.0
Super built-up  Area,HSR Layout,1127.0,2.0,1.0,68.0,2.0,6033.717834960071,4.0
Super built-up  Area,Kundalahalli,1397.0,3.0,2.0,104.0,3.0,7444.523979957051,6.0
Built-up  Area,Whitefield,1173.0,2.0,1.0,60.0,2.0,5115.089514066496,4.0
Super built-up  Area,Sompura,1090.0,2.0,2.0,28.0,2.0,2568.8073394495414,4.0
Super built-up  Area,Sarjapur  Road,2720.0,5.0,2.0,210.0,3.0,7720.588235294118,8.0
Super built-up  Area,Jakkur,1230.0,2.0,1.0,76.0,2.0,6178.861788617886,4.0
Super built-up  Area,Other,3200.0,3.0,3.0,190.0,4.0,5937.5,7.0
Super built-up  Area,Sarjapur  Road,858.0,2.0,1.0,31.57,2.0,3679.4871794871797,4.0
Super built-up  Area,Talaghattapura,1868.0,3.0,1.0,121.0,3.0,6477.516059957174,6.0
Super built-up  Area,Uttarahalli,1689.28,3.0,2.0,91.2,3.0,5398.74976321273,6.0
Super built-up  Area,Banashankari,1425.0,3.0,3.0,49.88,3.0,3500.3508771929824,6.0
Plot  Area,Tindlu,1350.0,2.0,1.0,100.0,2.0,7407.407407407408,4.0
Built-up  Area,Channasandra,4200.0,6.0,0.0,180.0,6.0,4285.714285714285,12.0
Super built-up  Area,Uttarahalli,1310.0,2.0,1.0,85.0,3.0,6488.5496183206105,5.0
Super built-up  Area,Other,970.0,2.0,1.0,40.0,2.0,4123.711340206186,4.0
Super built-up  Area,Kundalahalli,1397.0,3.0,3.0,108.0,3.0,7730.851825340014,6.0
Super built-up  Area,Sarjapur,1157.0,2.0,1.0,40.0,2.0,3457.216940363008,4.0
Super built-up  Area,Kasavanhalli,1125.0,2.0,1.0,61.2,2.0,5440.0,4.0
Super built-up  Area,Sonnenahalli,1157.0,2.0,1.0,42.0,2.0,3630.077787381158,4.0
Super built-up  Area,Sarjapur  Road,1241.0,2.0,1.0,82.0,2.0,6607.57453666398,4.0
Super built-up  Area,Binny Pete,660.0,1.0,1.0,62.0,1.0,9393.939393939394,2.0
Built-up  Area,Marathahalli,4000.0,4.0,3.0,220.0,4.0,5500.0,8.0
Super built-up  Area,Rajiv Nagar,2340.0,4.0,1.0,148.0,4.0,6324.786324786325,8.0
Built-up  Area,Other,596.0,1.0,1.0,42.0,1.0,7046.979865771812,2.0
Super built-up  Area,Other,10000.0,16.0,2.0,550.0,16.0,5500.0,32.0
Plot  Area,Other,1200.0,4.0,3.0,110.0,4.0,9166.666666666666,8.0
Super built-up  Area,Other,1910.0,3.0,1.0,190.0,3.0,9947.643979057591,6.0
Super built-up  Area,Brookefield,1139.0,2.0,2.0,80.0,2.0,7023.705004389815,4.0
Super built-up  Area,Thigalarapalya,3122.0,5.0,2.0,225.0,4.0,7206.91864189622,9.0
Super built-up  Area,Sarjapura - Attibele Road,1033.0,2.0,2.0,28.41,2.0,2750.242013552759,4.0
Super built-up  Area,Yeshwanthpur,1168.0,2.0,2.0,64.08,2.0,5486.301369863014,4.0
Super built-up  Area,Chandapura,877.0,2.0,3.0,42.0,2.0,4789.053591790193,4.0
Built-up  Area,Electronics City Phase 1,1340.0,2.0,2.0,75.0,2.0,5597.014925373134,4.0
Built-up  Area,Other,1405.0,2.0,2.0,70.0,3.0,4982.20640569395,5.0
Super built-up  Area,Other,1800.0,3.0,3.0,65.0,3.0,3611.1111111111113,6.0
Built-up  Area,Other,1750.0,3.0,3.0,149.0,3.0,8514.285714285714,6.0
Super built-up  Area,Other,1360.0,2.0,1.0,65.0,3.0,4779.411764705882,5.0
Super built-up  Area,Other,985.0,2.0,1.0,63.0,2.0,6395.9390862944165,4.0
Super built-up  Area,Other,1300.0,2.0,1.0,129.0,2.0,9923.076923076924,4.0
Super built-up  Area,7th Phase JP Nagar,1850.0,3.0,2.0,150.0,3.0,8108.108108108108,6.0
Super built-up  Area,Other,1490.0,2.0,3.0,88.0,3.0,5906.040268456376,5.0
Super built-up  Area,Other,620.0,1.0,1.0,25.0,2.0,4032.2580645161293,3.0
Super built-up  Area,Hormavu,1130.0,2.0,1.0,42.3,2.0,3743.362831858407,4.0
Super built-up  Area,Yelachenahalli,1080.0,2.0,2.0,55.0,2.0,5092.592592592592,4.0
Built-up  Area,Singasandra,3126.0,4.0,2.0,120.0,4.0,3838.7715930902114,8.0
Super built-up  Area,Begur Road,1410.0,2.0,3.0,52.17,3.0,3700.0,5.0
Super built-up  Area,Bommanahalli,1375.0,3.0,2.0,59.0,3.0,4290.909090909091,6.0
Super built-up  Area,Hennur Road,1290.0,2.0,1.0,94.5,3.0,7325.581395348837,5.0
Super built-up  Area,Hosa Road,1318.0,2.0,1.0,85.28,3.0,6470.40971168437,5.0
Super built-up  Area,Electronic City,1128.0,2.0,1.0,68.0,2.0,6028.368794326241,4.0
Plot  Area,Other,4428.0,4.0,2.0,255.0,4.0,5758.807588075881,8.0
Super built-up  Area,Kanakpura Road,1051.0,2.0,2.0,56.74,2.0,5398.667935299714,4.0
Plot  Area,Kengeri,3500.0,5.0,0.0,275.0,3.0,7857.142857142857,8.0
Plot  Area,Kannamangala,2400.0,4.0,1.0,130.0,4.0,5416.666666666667,8.0
Super built-up  Area,Yelahanka,1327.0,2.0,3.0,85.0,2.0,6405.42577241899,4.0
Super built-up  Area,Thigalarapalya,2912.0,6.0,2.0,210.0,4.0,7211.538461538462,10.0
Super built-up  Area,Other,1301.0,2.0,2.0,55.0,2.0,4227.517294388932,4.0
Super built-up  Area,Other,650.0,1.0,0.0,30.0,1.0,4615.384615384615,2.0
Plot  Area,Varthur,1200.0,3.0,1.0,67.75,3.0,5645.833333333333,6.0
Super built-up  Area,Other,1500.0,2.0,2.0,89.99,3.0,5999.333333333333,5.0
Plot  Area,Other,2700.0,6.0,2.0,675.0,4.0,25000.0,10.0
Plot  Area,Other,1350.0,4.0,2.0,145.0,4.0,10740.74074074074,8.0
Built-up  Area,Electronic City Phase II,1000.0,2.0,1.0,28.88,2.0,2888.0,4.0
Super built-up  Area,Sarjapur  Road,984.0,2.0,1.0,45.91,2.0,4665.650406504065,4.0
Super built-up  Area,Jakkur,1819.18,3.0,1.0,160.0,3.0,8795.17145087347,6.0
Built-up  Area,Nagarbhavi,900.0,1.0,0.0,175.0,1.0,19444.444444444445,2.0
Super built-up  Area,Hebbal,1355.0,3.0,1.0,83.87,3.0,6189.667896678967,6.0
Super built-up  Area,Sarakki Nagar,2145.0,4.0,1.0,270.0,3.0,12587.412587412588,7.0
Super built-up  Area,Malleshwaram,2475.0,4.0,3.0,300.0,3.0,12121.212121212122,7.0
Super built-up  Area,Kaggadasapura,1118.0,2.0,0.0,30.0,2.0,2683.3631484794278,4.0
Super built-up  Area,Other,910.0,1.0,1.0,42.0,1.0,4615.384615384615,2.0
Super built-up  Area,Other,1250.0,3.0,2.0,39.0,3.0,3120.0,6.0
Super built-up  Area,Hosakerehalli,1304.0,2.0,3.0,100.0,2.0,7668.711656441717,4.0
Super built-up  Area,Begur Road,1615.0,3.0,2.0,58.0,3.0,3591.331269349845,6.0
Super built-up  Area,Sarjapur  Road,1400.0,2.0,2.0,68.0,2.0,4857.142857142857,4.0
Super built-up  Area,CV Raman Nagar,1070.0,2.0,2.0,47.5,2.0,4439.252336448598,4.0
Super built-up  Area,Hebbal,3500.0,3.0,3.0,395.0,3.0,11285.714285714286,6.0
Super built-up  Area,Hoodi,1132.0,2.0,1.0,89.37,2.0,7894.876325088339,4.0
Super built-up  Area,Other,2000.0,3.0,2.0,85.0,3.0,4250.0,6.0
Plot  Area,Hebbal,2400.0,5.0,1.0,550.0,7.0,22916.666666666668,12.0
Super built-up  Area,Sector 2 HSR Layout,794.0,1.0,2.0,65.0,1.0,8186.39798488665,2.0
Super built-up  Area,Raja Rajeshwari Nagar,1090.0,2.0,2.0,43.59,2.0,3999.0825688073396,4.0
Super built-up  Area,Gottigere,1500.0,3.0,2.0,70.0,3.0,4666.666666666667,6.0
Super built-up  Area,1st Phase JP Nagar,2059.0,3.0,2.0,225.0,3.0,10927.634774162214,6.0
Super built-up  Area,Bhoganhalli,1447.0,2.0,1.0,75.97,2.0,5250.172771250864,4.0
Super built-up  Area,Whitefield,1269.0,2.0,1.0,75.0,2.0,5910.16548463357,4.0
Plot  Area,Other,4800.0,4.0,0.0,700.0,4.0,14583.333333333334,8.0
Super built-up  Area,Kanakpura Road,1070.0,2.0,2.0,37.45,2.0,3500.0000000000005,4.0
Super built-up  Area,Talaghattapura,1150.0,2.0,0.0,28.0,2.0,2434.782608695652,4.0
Super built-up  Area,Marathahalli,1208.0,2.0,2.0,70.0,2.0,5794.701986754967,4.0
Super built-up  Area,Ramamurthy Nagar,1185.0,2.0,1.0,45.5,2.0,3839.662447257384,4.0
Plot  Area,Laggere,1200.0,3.0,1.0,130.0,3.0,10833.333333333334,6.0
Super built-up  Area,Anekal,888.0,2.0,1.0,34.0,2.0,3828.828828828829,4.0
Super built-up  Area,Chandapura,1015.0,2.0,2.0,25.88,2.0,2549.753694581281,4.0
Built-up  Area,Other,532.0,1.0,1.0,22.49,1.0,4227.443609022556,2.0
Super built-up  Area,Other,1060.0,3.0,1.0,62.0,3.0,5849.056603773585,6.0
Built-up  Area,Electronic City,700.0,1.0,1.0,35.0,1.0,5000.0,2.0
Super built-up  Area,Other,902.0,2.0,2.0,42.0,2.0,4656.319290465632,4.0
Super built-up  Area,Binny Pete,1365.0,2.0,1.0,122.0,2.0,8937.728937728938,4.0
Super built-up  Area,Doddathoguru,984.0,2.0,1.0,51.0,2.0,5182.926829268293,4.0
Plot  Area,Hebbal,2700.0,2.0,2.0,100.0,4.0,3703.703703703704,6.0
Super built-up  Area,Jalahalli East,1475.0,3.0,2.0,96.0,3.0,6508.474576271186,6.0
Super built-up  Area,Haralur Road,1300.0,2.0,2.0,79.0,2.0,6076.923076923077,4.0
Built-up  Area,Babusapalaya,1453.0,2.0,2.0,43.59,3.0,3000.0,5.0
Super built-up  Area,Other,1550.0,2.0,3.0,160.0,2.0,10322.58064516129,4.0
Built-up  Area,Akshaya Nagar,1666.0,3.0,2.0,95.0,3.0,5702.280912364946,6.0
Plot  Area,Akshaya Nagar,1410.0,4.0,2.0,160.0,4.0,11347.517730496455,8.0
Plot  Area,Yelahanka,4025.0,5.0,3.0,800.0,4.0,19875.77639751553,9.0
Super built-up  Area,Murugeshpalya,1845.0,3.0,3.0,91.0,3.0,4932.249322493225,6.0
Super built-up  Area,Sarjapura - Attibele Road,1676.0,3.0,3.0,52.0,3.0,3102.6252983293557,6.0
Super built-up  Area,Uttarahalli,1137.0,2.0,1.0,63.0,2.0,5540.8970976253295,4.0
Super built-up  Area,Electronic City,1360.0,2.0,1.0,70.5,3.0,5183.823529411765,5.0
Super built-up  Area,Other,1374.0,2.0,2.0,70.0,3.0,5094.614264919942,5.0
Built-up  Area,Judicial Layout,1700.0,3.0,2.0,155.0,3.0,9117.64705882353,6.0
Plot  Area,Whitefield,3227.0,5.0,0.0,250.0,5.0,7747.133560582584,10.0
Super built-up  Area,Other,2145.0,4.0,2.0,125.0,4.0,5827.505827505827,8.0
Plot  Area,Koramangala,2400.0,6.0,3.0,600.0,4.0,25000.0,10.0
Super built-up  Area,Kasavanhalli,2170.0,3.0,2.0,151.0,3.0,6958.52534562212,6.0
Built-up  Area,Other,1080.0,2.0,1.0,55.0,2.0,5092.592592592592,4.0
Built-up  Area,Electronic City Phase II,1790.0,3.0,3.0,100.0,3.0,5586.592178770949,6.0
Super built-up  Area,Doddathoguru,550.0,1.0,1.0,17.0,1.0,3090.909090909091,2.0
Built-up  Area,Somasundara Palya,1033.0,2.0,2.0,48.0,2.0,4646.660212971927,4.0
Built-up  Area,Other,1000.0,2.0,1.0,80.0,2.0,8000.0,4.0
Super built-up  Area,Binny Pete,2940.0,6.0,2.0,280.0,4.0,9523.809523809523,10.0
Super built-up  Area,Other,1240.0,2.0,2.0,52.6,2.0,4241.935483870968,4.0
Plot  Area,Kasturi Nagar,1650.0,5.0,1.0,450.0,5.0,27272.727272727272,10.0
Built-up  Area,Other,1500.0,2.0,0.0,97.0,3.0,6466.666666666667,5.0
Super built-up  Area,Marathahalli,1730.0,3.0,3.0,139.0,3.0,8034.682080924856,6.0
Super built-up  Area,Kasavanhalli,1915.0,3.0,3.0,80.0,3.0,4177.545691906005,6.0
Super built-up  Area,Whitefield,1545.0,3.0,2.0,79.0,3.0,5113.26860841424,6.0
Super built-up  Area,Other,1865.0,4.0,2.0,140.0,3.0,7506.702412868633,7.0
Super built-up  Area,Hebbal Kempapura,1150.0,2.0,2.0,40.0,2.0,3478.2608695652175,4.0
Super built-up  Area,Other,1200.0,2.0,2.0,49.0,2.0,4083.3333333333335,4.0
Built-up  Area,Kengeri,963.0,2.0,2.0,40.0,2.0,4153.686396677051,4.0
Plot  Area,Other,1200.0,3.0,1.0,120.0,3.0,10000.0,6.0
Super built-up  Area,Basavangudi,2600.0,4.0,3.0,260.0,4.0,10000.0,8.0
Built-up  Area,Kaikondrahalli,1700.0,4.0,2.0,108.0,4.0,6352.941176470588,8.0
Super built-up  Area,Lingadheeranahalli,1682.0,3.0,1.0,120.0,3.0,7134.36385255648,6.0
Built-up  Area,Yelahanka,1371.0,2.0,2.0,65.0,3.0,4741.064916119621,5.0
Super built-up  Area,Hennur Road,901.0,2.0,1.0,49.5,2.0,5493.895671476138,4.0
Super built-up  Area,Ambalipura,1730.0,3.0,1.0,120.0,3.0,6936.416184971098,6.0
Plot  Area,Konanakunte,1200.0,4.0,0.0,125.0,4.0,10416.666666666666,8.0
Super built-up  Area,EPIP Zone,1500.0,3.0,3.0,102.0,3.0,6800.0,6.0
Super built-up  Area,Sarjapur  Road,3785.0,6.0,2.0,280.0,4.0,7397.622192866578,10.0
Built-up  Area,Other,3500.0,4.0,2.0,245.0,4.0,7000.0,8.0
Carpet  Area,Other,1203.0,2.0,1.0,59.86,2.0,4975.893599334996,4.0
Super built-up  Area,Horamavu Banaswadi,1357.0,2.0,2.0,54.0,2.0,3979.3662490788506,4.0
Super built-up  Area,Other,1600.0,3.0,2.0,76.0,3.0,4750.0,6.0
Built-up  Area,Yelahanka New Town,350.0,1.0,1.0,13.5,1.0,3857.1428571428573,2.0
Super built-up  Area,Varthur,1665.0,3.0,1.0,53.0,3.0,3183.1831831831832,6.0
Plot  Area,Ramamurthy Nagar,1400.0,3.0,3.0,200.0,3.0,14285.714285714286,6.0
Super built-up  Area,Sarjapur  Road,835.0,1.0,1.0,46.95,1.0,5622.754491017964,2.0
Plot  Area,Other,815.0,3.0,2.0,160.0,2.0,19631.9018404908,5.0
Super built-up  Area,Haralur Road,1444.0,2.0,1.0,80.0,3.0,5540.16620498615,5.0
Super built-up  Area,Kanakapura,1277.0,2.0,2.0,55.0,2.0,4306.969459671104,4.0
Super built-up  Area,Lingadheeranahalli,1521.0,3.0,1.0,94.71,3.0,6226.824457593689,6.0
Super built-up  Area,Other,1134.0,2.0,1.0,40.0,2.0,3527.336860670194,4.0
Super built-up  Area,Other,995.0,2.0,1.0,34.82,2.0,3499.497487437186,4.0
Super built-up  Area,Old Madras Road,2760.0,5.0,2.0,157.0,3.0,5688.405797101449,8.0
Built-up  Area,Marathahalli,1325.0,1.0,1.0,92.0,2.0,6943.396226415094,3.0
Built-up  Area,Kothanur,4000.0,6.0,2.0,150.0,6.0,3750.0,12.0
Built-up  Area,Marathahalli,1525.0,3.0,2.0,90.0,3.0,5901.639344262295,6.0
Super built-up  Area,Other,1320.0,2.0,2.0,73.0,3.0,5530.30303030303,5.0
Super built-up  Area,Electronics City Phase 1,650.0,1.0,1.0,23.0,1.0,3538.4615384615386,2.0
Built-up  Area,Old Airport Road,1858.0,2.0,1.0,167.0,3.0,8988.15931108719,5.0
Super built-up  Area,Electronic City,1150.0,2.0,1.0,38.0,2.0,3304.3478260869565,4.0
Super built-up  Area,Electronic City Phase II,769.0,2.0,1.0,40.0,2.0,5201.560468140442,4.0
Super built-up  Area,Electronic City,1571.0,3.0,2.0,105.0,3.0,6683.64099299809,6.0
Super built-up  Area,Hennur Road,1445.0,3.0,1.0,86.56,3.0,5990.311418685121,6.0
Super built-up  Area,Hosur Road,1590.0,2.0,2.0,135.0,3.0,8490.566037735849,5.0
Super built-up  Area,Bommasandra,902.0,2.0,2.0,49.0,2.0,5432.372505543237,4.0
Plot  Area,Sarjapur,2238.0,3.0,1.0,140.0,3.0,6255.585344057194,6.0
Built-up  Area,Electronic City,1090.0,2.0,1.0,31.49,2.0,2888.9908256880735,4.0
Built-up  Area,Yelahanka,1712.0,3.0,3.0,82.0,3.0,4789.719626168225,6.0
Built-up  Area,Haralur Road,1088.0,2.0,1.0,68.0,2.0,6250.0,4.0
Super built-up  Area,Somasundara Palya,1575.0,3.0,3.0,63.1,3.0,4006.3492063492063,6.0
Plot  Area,Other,2150.0,6.0,3.0,205.0,6.0,9534.883720930233,12.0
Super built-up  Area,Kundalahalli,1920.0,3.0,2.0,150.0,3.0,7812.5,6.0
Plot  Area,Margondanahalli,1000.0,2.0,0.0,57.0,2.0,5700.0,4.0
Super built-up  Area,Other,1100.0,2.0,2.0,56.1,2.0,5100.0,4.0
Super built-up  Area,Electronic City,1089.0,2.0,2.0,45.0,2.0,4132.231404958678,4.0
Built-up  Area,Horamavu Agara,1106.0,2.0,1.0,43.09,2.0,3896.021699819168,4.0
Super built-up  Area,Kengeri,927.0,2.0,2.0,37.0,2.0,3991.3700107874865,4.0
Super built-up  Area,Kanakpura Road,1339.0,2.0,2.0,58.0,2.0,4331.59073935773,4.0
Built-up  Area,Thanisandra,923.0,1.0,1.0,45.69,1.0,4950.162513542795,2.0
Plot  Area,Sarjapur  Road,2900.0,3.0,2.0,285.0,3.0,9827.586206896553,6.0
Super built-up  Area,Lakshminarayana Pura,1175.0,2.0,2.0,75.0,2.0,6382.978723404255,4.0
Built-up  Area,Thubarahalli,975.0,2.0,1.0,55.0,2.0,5641.025641025641,4.0
Super built-up  Area,Hebbal,2400.0,4.0,1.0,180.0,3.0,7500.0,7.0
Super built-up  Area,Subramanyapura,1330.0,3.0,2.0,72.0,3.0,5413.533834586467,6.0
Super built-up  Area,Thanisandra,1183.0,2.0,1.0,59.74,2.0,5049.873203719358,4.0
Super built-up  Area,Harlur,1758.0,3.0,2.0,133.0,3.0,7565.415244596132,6.0
Plot  Area,Nagarbhavi,1200.0,3.0,2.0,265.0,3.0,22083.333333333332,6.0
Built-up  Area,Pai Layout,1100.0,2.0,2.0,50.0,2.0,4545.454545454545,4.0
Super built-up  Area,Ramamurthy Nagar,1170.0,2.0,2.0,46.8,2.0,4000.0,4.0
Built-up  Area,Other,2400.0,5.0,2.0,120.0,5.0,5000.0,10.0
Super built-up  Area,Raja Rajeshwari Nagar,1530.0,3.0,3.0,51.77,3.0,3383.6601307189544,6.0
Built-up  Area,Hebbal,1420.0,2.0,2.0,107.0,2.0,7535.211267605634,4.0
Plot  Area,Other,1200.0,4.0,2.0,300.0,4.0,25000.0,8.0
Super built-up  Area,Kanakpura Road,1591.0,3.0,1.0,115.0,3.0,7228.158390949088,6.0
Plot  Area,Other,675.0,3.0,1.0,52.0,2.0,7703.7037037037035,5.0
Super built-up  Area,Hoodi,1055.0,2.0,1.0,57.63,2.0,5462.559241706161,4.0
Super built-up  Area,Iblur Village,1918.0,3.0,2.0,129.0,3.0,6725.7559958289885,6.0
Super built-up  Area,Sarjapur  Road,1280.0,2.0,1.0,76.0,2.0,5937.5,4.0
Super built-up  Area,Nagarbhavi,1560.0,3.0,3.0,66.0,3.0,4230.7692307692305,6.0
Super built-up  Area,Sarjapur  Road,1145.0,2.0,2.0,49.5,2.0,4323.144104803493,4.0
Super built-up  Area,Other,1801.0,3.0,2.0,139.0,3.0,7717.9344808439755,6.0
Super built-up  Area,Rajaji Nagar,1718.0,3.0,2.0,288.0,2.0,16763.678696158324,5.0
Super built-up  Area,Whitefield,1306.0,3.0,2.0,54.65,3.0,4184.532924961715,6.0
Super built-up  Area,Hebbal,1320.0,2.0,1.0,92.0,2.0,6969.69696969697,4.0
Built-up  Area,Other,1350.0,2.0,2.0,65.0,3.0,4814.814814814815,5.0
Built-up  Area,Other,2990.0,4.0,2.0,324.0,4.0,10836.120401337792,8.0
Built-up  Area,Kalyan nagar,3800.0,5.0,3.0,300.0,4.0,7894.736842105263,9.0
Super built-up  Area,Bannerghatta Road,1344.0,2.0,1.0,42.0,3.0,3125.0,5.0
Super built-up  Area,Bannerghatta Road,1893.0,3.0,2.0,100.0,3.0,5282.620179609086,6.0
Super built-up  Area,Chandapura,1107.0,2.0,1.0,43.0,3.0,3884.3721770551037,5.0
Super built-up  Area,Lakshminarayana Pura,1190.0,2.0,1.0,75.0,2.0,6302.5210084033615,4.0
Built-up  Area,Whitefield,1000.0,2.0,1.0,35.0,2.0,3500.0,4.0
Plot  Area,Other,2400.0,2.0,1.0,160.0,2.0,6666.666666666667,4.0
Super built-up  Area,Kumaraswami Layout,1000.0,2.0,1.0,48.5,2.0,4850.0,4.0
Super built-up  Area,Jalahalli,2113.0,3.0,2.0,155.0,3.0,7335.541883577851,6.0
Built-up  Area,KR Puram,1100.0,2.0,1.0,46.0,2.0,4181.818181818182,4.0
Super built-up  Area,Harlur,1884.0,4.0,2.0,120.0,4.0,6369.426751592357,8.0
Super built-up  Area,Electronic City,1110.0,2.0,1.0,40.0,2.0,3603.6036036036035,4.0
Super built-up  Area,Kudlu,1027.0,2.0,2.0,43.0,2.0,4186.952288218111,4.0
Super built-up  Area,Other,1250.0,3.0,2.0,40.0,3.0,3200.0,6.0
Built-up  Area,Sarjapur  Road,1470.0,3.0,0.0,62.0,3.0,4217.687074829932,6.0
Built-up  Area,Other,1150.0,2.0,1.0,75.0,2.0,6521.739130434783,4.0
Plot  Area,Other,1200.0,3.0,2.0,165.0,3.0,13750.0,6.0
Super built-up  Area,Kudlu Gate,703.0,1.0,1.0,52.0,1.0,7396.870554765292,2.0
Super built-up  Area,Other,1400.0,2.0,2.0,62.0,3.0,4428.571428571428,5.0
Super built-up  Area,Bellandur,1195.0,2.0,2.0,51.0,2.0,4267.782426778243,4.0
Super built-up  Area,Other,1302.0,2.0,1.0,69.1,2.0,5307.219662058371,4.0
Super built-up  Area,Begur Road,1583.0,3.0,1.0,74.4,3.0,4699.936828806065,6.0
Super built-up  Area,Other,1488.0,2.0,3.0,60.0,3.0,4032.2580645161293,5.0
Super built-up  Area,Kammasandra,1385.0,2.0,2.0,34.63,3.0,2500.361010830325,5.0
Super built-up  Area,Whitefield,3262.0,4.0,2.0,260.0,4.0,7970.570202329859,8.0
Built-up  Area,Electronic City,1600.0,3.0,2.0,104.0,3.0,6500.0,6.0
Super built-up  Area,Old Airport Road,1150.0,2.0,1.0,90.0,2.0,7826.086956521739,4.0
Plot  Area,Other,4500.0,9.0,2.0,166.0,9.0,3688.8888888888887,18.0
Super built-up  Area,Sarjapur  Road,1263.0,2.0,1.0,78.0,2.0,6175.771971496437,4.0
Super built-up  Area,Kanakpura Road,1299.0,2.0,2.0,85.0,2.0,6543.4949961508855,4.0
Super built-up  Area,Banashankari,1330.0,2.0,1.0,78.0,2.0,5864.661654135339,4.0
Super built-up  Area,Devanahalli,1282.0,2.0,2.0,52.43,3.0,4089.703588143526,5.0
Built-up  Area,Other,1853.0,3.0,2.0,82.0,3.0,4425.256341068538,6.0
Super built-up  Area,Other,861.0,2.0,1.0,35.0,2.0,4065.040650406504,4.0
Built-up  Area,Bannerghatta Road,1600.0,3.0,2.0,95.0,3.0,5937.5,6.0
Built-up  Area,Other,1256.0,2.0,1.0,62.8,2.0,5000.0,4.0
Super built-up  Area,Other,1390.0,2.0,2.0,80.0,3.0,5755.395683453237,5.0
Super built-up  Area,Other,1550.0,2.0,2.0,90.0,3.0,5806.451612903225,5.0
Built-up  Area,Hebbal,919.0,2.0,1.0,49.0,2.0,5331.882480957563,4.0
Plot  Area,Margondanahalli,1625.0,3.0,0.0,80.0,3.0,4923.076923076923,6.0
Super built-up  Area,Gunjur,1195.0,2.0,2.0,44.0,2.0,3682.0083682008367,4.0
Super built-up  Area,Domlur,2400.0,4.0,1.0,600.0,6.0,25000.0,10.0
Super built-up  Area,Yelenahalli,1159.0,2.0,1.0,60.0,2.0,5176.8766177739435,4.0
Super built-up  Area,Whitefield,1386.0,3.0,1.0,57.46,3.0,4145.743145743146,6.0
Super built-up  Area,Harlur,1197.0,2.0,1.0,79.0,2.0,6599.832915622389,4.0
Super built-up  Area,Bommasandra,1295.0,2.0,1.0,50.28,3.0,3882.6254826254826,5.0
Built-up  Area,Other,1310.0,2.0,1.0,37.83,3.0,2887.7862595419847,5.0
Super built-up  Area,Whitefield,1132.0,2.0,1.0,79.28,2.0,7003.533568904593,4.0
Built-up  Area,Other,2350.0,3.0,2.0,400.0,3.0,17021.27659574468,6.0
Plot  Area,Other,2400.0,4.0,2.0,500.0,4.0,20833.333333333332,8.0
Super built-up  Area,Hebbal,1645.0,3.0,2.0,135.0,3.0,8206.686930091186,6.0
Super built-up  Area,Whitefield,1200.0,2.0,1.0,45.84,2.0,3820.0,4.0
Plot  Area,Whitefield,3000.0,4.0,0.0,330.0,4.0,11000.0,8.0
Super built-up  Area,Marathahalli,1937.0,3.0,2.0,140.0,3.0,7227.671657201859,6.0
Super built-up  Area,Doddathoguru,1015.0,2.0,2.0,33.5,2.0,3300.4926108374384,4.0
Super built-up  Area,Other,1080.0,2.0,2.0,39.0,2.0,3611.1111111111113,4.0
Super built-up  Area,Kathriguppe,1350.0,2.0,2.0,80.99,3.0,5999.259259259258,5.0
Super built-up  Area,Kengeri Satellite Town,1149.0,2.0,2.0,29.0,3.0,2523.933855526545,5.0
Super built-up  Area,Kothanur,1185.0,2.0,2.0,59.0,2.0,4978.9029535864975,4.0
Super built-up  Area,Domlur,1720.0,3.0,1.0,135.0,3.0,7848.837209302325,6.0
Super built-up  Area,Hebbal,2080.0,3.0,3.0,175.0,3.0,8413.461538461539,6.0
Plot  Area,Tindlu,1500.0,3.0,1.0,87.0,3.0,5800.0,6.0
Super built-up  Area,Yelahanka,1566.0,3.0,2.0,97.0,3.0,6194.125159642401,6.0
Super built-up  Area,Rajaji Nagar,2386.0,3.0,2.0,334.0,3.0,13998.323554065382,6.0
Plot  Area,Other,1500.0,4.0,0.0,110.0,4.0,7333.333333333333,8.0
Super built-up  Area,KR Puram,1290.0,2.0,1.0,49.02,2.0,3800.0,4.0
Built-up  Area,Other,1531.0,3.0,2.0,72.0,3.0,4702.808621815807,6.0
Super built-up  Area,Other,1839.0,3.0,3.0,165.0,3.0,8972.26753670473,6.0
Plot  Area,Other,4200.0,4.0,1.0,760.0,4.0,18095.238095238095,8.0
Super built-up  Area,Electronic City Phase II,1400.0,2.0,2.0,40.43,3.0,2887.8571428571427,5.0
Super built-up  Area,Whitefield,1140.0,2.0,2.0,39.0,2.0,3421.0526315789475,4.0
Super built-up  Area,Tumkur Road,1343.5,3.0,0.0,57.76,3.0,4299.218459248233,6.0
Built-up  Area,Banashankari Stage III,2000.0,4.0,0.0,100.0,4.0,5000.0,8.0
Built-up  Area,Kaval Byrasandra,1100.0,2.0,1.0,46.0,2.0,4181.818181818182,4.0
Built-up  Area,Other,1200.0,2.0,2.0,55.0,2.0,4583.333333333333,4.0
Super built-up  Area,Bannerghatta,1618.0,3.0,1.0,68.0,3.0,4202.719406674907,6.0
Super built-up  Area,Whitefield,2830.0,5.0,2.0,160.0,4.0,5653.7102473498235,9.0
Super built-up  Area,Uttarahalli,1315.0,2.0,2.0,74.0,3.0,5627.376425855513,5.0
Super built-up  Area,Anandapura,1141.0,2.0,1.0,42.75,2.0,3746.7134092900965,4.0
Super built-up  Area,AECS Layout,1080.0,2.0,2.0,55.0,2.0,5092.592592592592,4.0
Super built-up  Area,HBR Layout,1200.0,2.0,2.0,60.0,2.0,5000.0,4.0
Super built-up  Area,Varthur,1111.0,2.0,2.0,41.88,2.0,3769.57695769577,4.0
Super built-up  Area,NGR Layout,1022.0,2.0,1.0,45.9,2.0,4491.19373776908,4.0
Super built-up  Area,Bannerghatta Road,1275.0,2.0,2.0,65.0,2.0,5098.0392156862745,4.0
Super built-up  Area,Other,900.0,2.0,1.0,70.0,2.0,7777.777777777777,4.0
Super built-up  Area,Rachenahalli,1224.0,2.0,3.0,39.2,2.0,3202.614379084968,4.0
Super built-up  Area,Battarahalli,1135.0,2.0,3.0,43.0,2.0,3788.546255506608,4.0
Super built-up  Area,Rachenahalli,1050.0,2.0,2.0,52.1,2.0,4961.9047619047615,4.0
Super built-up  Area,Nagavarapalya,1392.0,2.0,1.0,130.0,2.0,9339.080459770115,4.0
Super built-up  Area,Bellandur,1050.0,2.0,2.0,72.0,2.0,6857.142857142857,4.0
Super built-up  Area,Hosa Road,1513.0,3.0,1.0,103.0,3.0,6807.666886979511,6.0
Super built-up  Area,Gottigere,1621.0,3.0,3.0,72.0,3.0,4441.702652683529,6.0
Super built-up  Area,Bannerghatta Road,892.0,2.0,1.0,39.0,2.0,4372.197309417041,4.0
Super built-up  Area,Whitefield,1205.0,2.0,1.0,40.0,2.0,3319.5020746887967,4.0
Super built-up  Area,Hebbal,1355.0,3.0,2.0,83.87,3.0,6189.667896678967,6.0
Super built-up  Area,Other,1200.0,6.0,3.0,70.0,4.0,5833.333333333333,10.0
Super built-up  Area,Indira Nagar,1400.0,2.0,2.0,168.0,2.0,12000.0,4.0
Super built-up  Area,Kengeri,726.0,2.0,1.0,35.0,2.0,4820.936639118458,4.0
Plot  Area,Other,1500.0,3.0,2.0,149.0,3.0,9933.333333333334,6.0
Super built-up  Area,Hebbal,3895.0,4.0,2.0,405.0,4.0,10397.946084724004,8.0
Super built-up  Area,Horamavu Agara,1079.0,2.0,2.0,41.0,2.0,3799.8146431881373,4.0
Super built-up  Area,Begur Road,1170.0,2.0,2.0,46.0,2.0,3931.6239316239316,4.0
Super built-up  Area,Doddathoguru,1104.0,2.0,2.0,39.0,2.0,3532.608695652174,4.0
Super built-up  Area,Kanakpura Road,950.0,2.0,1.0,45.0,2.0,4736.8421052631575,4.0
Built-up  Area,Hormavu,4818.0,4.0,3.0,390.0,4.0,8094.64508094645,8.0
Built-up  Area,Other,1650.0,2.0,1.0,52.0,3.0,3151.5151515151515,5.0
Super built-up  Area,Kogilu,1559.0,3.0,2.0,127.0,3.0,8146.247594611931,6.0
Built-up  Area,Other,1100.0,2.0,1.0,38.0,2.0,3454.5454545454545,4.0
Super built-up  Area,Benson Town,1750.0,3.0,3.0,150.0,3.0,8571.42857142857,6.0
Super built-up  Area,Ramagondanahalli,1215.0,2.0,1.0,45.5,2.0,3744.855967078189,4.0
Super built-up  Area,Talaghattapura,1868.0,3.0,1.0,135.0,3.0,7226.980728051391,6.0
Built-up  Area,Electronic City,1130.0,2.0,1.0,32.63,2.0,2887.610619469027,4.0
Super built-up  Area,Sarjapur  Road,1691.0,3.0,1.0,98.0,3.0,5795.38734476641,6.0
Built-up  Area,Ardendale,4355.0,3.0,1.0,350.0,5.0,8036.739380022962,8.0
Super built-up  Area,Hulimavu,1225.0,2.0,2.0,55.0,2.0,4489.7959183673465,4.0
Super built-up  Area,JP Nagar,1690.0,3.0,2.0,112.0,3.0,6627.218934911242,6.0
Super built-up  Area,Kasturi Nagar,1896.0,3.0,1.0,125.0,4.0,6592.827004219409,7.0
Super built-up  Area,Sonnenahalli,605.0,1.0,1.0,40.0,1.0,6611.570247933884,2.0
Super built-up  Area,Electronic City Phase II,900.0,2.0,2.0,32.5,2.0,3611.1111111111113,4.0
Plot  Area,Other,750.0,2.0,0.0,50.0,1.0,6666.666666666667,3.0
Super built-up  Area,Ananth Nagar,908.0,2.0,1.0,26.0,2.0,2863.4361233480176,4.0
Built-up  Area,Sarjapur  Road,3416.5,6.0,0.0,143.0,4.0,4185.570027806234,10.0
Super built-up  Area,Thanisandra,3216.0,4.0,1.0,226.0,4.0,7027.363184079602,8.0
Plot  Area,Other,2400.0,4.0,1.0,225.0,5.0,9375.0,9.0
Built-up  Area,Iblur Village,1400.0,2.0,2.0,68.0,2.0,4857.142857142857,4.0
Super built-up  Area,Hulimavu,1255.0,2.0,2.0,74.0,2.0,5896.414342629482,4.0
Built-up  Area,Electronic City,1500.0,2.0,1.0,100.0,3.0,6666.666666666667,5.0
Super built-up  Area,Thanisandra,1296.0,2.0,2.0,72.0,2.0,5555.555555555556,4.0
Super built-up  Area,Horamavu Banaswadi,925.0,2.0,3.0,38.0,2.0,4108.108108108108,4.0
Built-up  Area,Raja Rajeshwari Nagar,1023.0,2.0,2.0,42.0,2.0,4105.571847507332,4.0
Built-up  Area,Other,600.0,3.0,2.0,75.0,2.0,12500.0,5.0
Super built-up  Area,Thanisandra,1020.0,2.0,1.0,44.5,2.0,4362.745098039216,4.0
Super built-up  Area,Choodasandra,1530.0,3.0,2.0,77.0,3.0,5032.679738562091,6.0
Super built-up  Area,Gubbalala,1650.0,3.0,2.0,71.0,3.0,4303.030303030303,6.0
Built-up  Area,Other,1605.0,2.0,3.0,85.0,3.0,5295.95015576324,5.0
Super built-up  Area,Hosakerehalli,1925.0,2.0,1.0,50.0,2.0,2597.4025974025976,4.0
Super built-up  Area,Kogilu,1190.0,2.0,2.0,50.66,2.0,4257.142857142857,4.0
Super built-up  Area,Jakkur,1374.0,3.0,2.0,68.0,3.0,4949.0538573508,6.0
Built-up  Area,6th Phase JP Nagar,1140.0,2.0,2.0,65.0,2.0,5701.754385964912,4.0
Super built-up  Area,Green Glen Layout,1725.0,3.0,2.0,130.0,3.0,7536.231884057971,6.0
Super built-up  Area,Bisuvanahalli,1075.0,2.0,1.0,50.0,3.0,4651.162790697675,5.0
Super built-up  Area,Kannamangala,1574.0,3.0,1.0,93.34,3.0,5930.114358322745,6.0
Built-up  Area,Sanjay nagar,965.0,1.0,1.0,32.0,1.0,3316.062176165803,2.0
Super built-up  Area,Marathahalli,1550.0,3.0,2.0,83.0,3.0,5354.8387096774195,6.0
Super built-up  Area,Other,1205.0,2.0,2.0,60.0,2.0,4979.253112033195,4.0
Super built-up  Area,Kambipura,1082.0,2.0,1.0,55.0,3.0,5083.179297597043,5.0
Super built-up  Area,Uttarahalli,1215.0,2.0,2.0,52.85,3.0,4349.794238683127,5.0
Super built-up  Area,Hebbal,2483.0,5.0,2.0,230.0,4.0,9262.988320579943,9.0
Plot  Area,Other,1200.0,3.0,1.0,46.14,2.0,3845.0,5.0
Super built-up  Area,Other,1500.0,1.0,1.0,19.5,1.0,1300.0,2.0
Plot  Area,Other,2360.0,4.0,2.0,600.0,4.0,25423.728813559323,8.0
Super built-up  Area,Ardendale,3198.0,4.0,2.0,250.0,4.0,7817.385866166354,8.0
Super built-up  Area,Kanakpura Road,1452.0,3.0,3.0,60.98,3.0,4199.724517906336,6.0
Super built-up  Area,Electronic City Phase II,1329.0,2.0,2.0,41.0,3.0,3085.0263355906695,5.0
Super built-up  Area,Other,1125.0,2.0,1.0,44.0,2.0,3911.1111111111113,4.0
Plot  Area,Other,1200.0,2.0,0.0,70.0,2.0,5833.333333333333,4.0
Built-up  Area,Sarjapur  Road,1350.0,3.0,3.0,39.97,3.0,2960.740740740741,6.0
Super built-up  Area,Uttarahalli,1312.5,3.0,0.0,51.19,3.0,3900.190476190476,6.0
Super built-up  Area,Hebbal,2600.0,3.0,2.0,195.0,3.0,7500.0,6.0
Plot  Area,Other,1200.0,2.0,1.0,160.0,2.0,13333.333333333334,4.0
Built-up  Area,Electronic City Phase II,1220.0,3.0,1.0,35.23,3.0,2887.7049180327863,6.0
Super built-up  Area,Pai Layout,1255.0,2.0,1.0,80.0,2.0,6374.501992031873,4.0
Super built-up  Area,Other,1904.0,3.0,3.0,155.0,3.0,8140.756302521008,6.0
Super built-up  Area,Somasundara Palya,1329.0,2.0,2.0,70.0,2.0,5267.11813393529,4.0
Plot  Area,Chandapura,1200.0,2.0,1.0,60.0,2.0,5000.0,4.0
Super built-up  Area,Murugeshpalya,2135.0,3.0,2.0,160.0,3.0,7494.145199063232,6.0
Super built-up  Area,Other,2770.0,4.0,3.0,315.0,3.0,11371.841155234657,7.0
Built-up  Area,Other,813.0,1.0,1.0,39.0,1.0,4797.047970479704,2.0
Plot  Area,Other,3884.0,4.0,3.0,240.0,4.0,6179.196704428425,8.0
Plot  Area,Doddaballapur,3876.0,3.0,1.0,300.0,3.0,7739.938080495356,6.0
Super built-up  Area,Kalena Agrahara,800.0,2.0,2.0,30.0,2.0,3750.0,4.0
Plot  Area,Other,4750.0,2.0,1.0,120.0,4.0,2526.315789473684,6.0
Super built-up  Area,Hormavu,1500.0,3.0,3.0,70.0,3.0,4666.666666666667,6.0
Super built-up  Area,Bannerghatta Road,1880.0,3.0,2.0,95.0,3.0,5053.191489361702,6.0
Super built-up  Area,Electronic City,1440.0,2.0,2.0,55.0,3.0,3819.4444444444443,5.0
Super built-up  Area,Akshaya Nagar,1575.0,3.0,2.0,90.0,3.0,5714.285714285715,6.0
Super built-up  Area,Other,1630.0,2.0,2.0,97.78,3.0,5998.773006134969,5.0
Super built-up  Area,Yelahanka,1180.0,3.0,1.0,55.0,3.0,4661.016949152542,6.0
Built-up  Area,Other,1090.0,2.0,1.0,36.0,2.0,3302.7522935779816,4.0
Super built-up  Area,NGR Layout,1020.0,2.0,2.0,48.45,2.0,4750.0,4.0
Built-up  Area,Other,2425.0,4.0,3.0,173.0,4.0,7134.020618556701,8.0
Super built-up  Area,Varthur,1097.0,2.0,1.0,33.82,2.0,3082.9535095715587,4.0
Super built-up  Area,Raja Rajeshwari Nagar,1070.0,2.0,1.0,50.0,2.0,4672.897196261682,4.0
Super built-up  Area,Kumaraswami Layout,1000.0,2.0,1.0,58.0,2.0,5800.0,4.0
Super built-up  Area,Other,1150.0,2.0,1.0,56.0,2.0,4869.565217391304,4.0
Built-up  Area,Frazer Town,1900.0,4.0,2.0,145.0,3.0,7631.578947368421,7.0
Super built-up  Area,Other,1141.0,2.0,2.0,49.0,2.0,4294.478527607362,4.0
Built-up  Area,Jigani,937.0,2.0,1.0,44.0,2.0,4695.837780149413,4.0
Built-up  Area,Green Glen Layout,1075.0,2.0,1.0,60.0,2.0,5581.395348837209,4.0
Super built-up  Area,Panathur,1000.0,2.0,1.0,65.3,2.0,6530.0,4.0
Super built-up  Area,Kasavanhalli,1450.0,3.0,2.0,77.41,3.0,5338.620689655172,6.0
Super built-up  Area,Other,936.0,2.0,2.0,43.0,2.0,4594.017094017094,4.0
Built-up  Area,Other,1280.0,2.0,1.0,75.0,2.0,5859.375,4.0
Super built-up  Area,Babusapalaya,1050.0,2.0,3.0,45.0,2.0,4285.714285714285,4.0
Super built-up  Area,Marathahalli,1350.0,2.0,1.0,86.0,2.0,6370.37037037037,4.0
Super built-up  Area,Mallasandra,1325.0,2.0,1.0,70.0,2.0,5283.018867924528,4.0
Super built-up  Area,Devanahalli,1174.0,2.0,1.0,59.0,2.0,5025.553662691653,4.0
Super built-up  Area,Hosur Road,1890.0,3.0,2.0,162.0,3.0,8571.42857142857,6.0
Super built-up  Area,Other,735.0,1.0,1.0,75.0,1.0,10204.081632653062,2.0
Built-up  Area,Other,500.0,1.0,0.0,24.0,1.0,4800.0,2.0
Super built-up  Area,Gottigere,1304.0,3.0,3.0,80.0,3.0,6134.9693251533745,6.0
Built-up  Area,Yelahanka,1653.0,3.0,2.0,120.0,3.0,7259.528130671506,6.0
Super built-up  Area,Bisuvanahalli,1075.0,2.0,1.0,52.0,3.0,4837.209302325581,5.0
Super built-up  Area,7th Phase JP Nagar,1212.0,3.0,1.0,42.0,2.0,3465.3465346534654,5.0
Built-up  Area,Other,1100.0,2.0,1.0,50.0,2.0,4545.454545454545,4.0
Super built-up  Area,Rajaji Nagar,3436.0,6.0,3.0,500.0,4.0,14551.804423748545,10.0
Plot  Area,Other,1200.0,4.0,0.0,145.0,3.0,12083.333333333334,7.0
Super built-up  Area,Billekahalli,1140.0,2.0,2.0,50.0,2.0,4385.964912280701,4.0
Plot  Area,Other,1200.0,2.0,1.0,100.0,2.0,8333.333333333334,4.0
Super built-up  Area,Kudlu Gate,1532.0,3.0,2.0,83.0,3.0,5417.754569190601,6.0
Plot  Area,Doddaballapur,2776.0,4.0,2.0,195.0,3.0,7024.495677233429,7.0
Super built-up  Area,Padmanabhanagar,1531.0,2.0,0.0,75.0,3.0,4898.758981058132,5.0
Super built-up  Area,Uttarahalli,1325.0,2.0,1.0,53.0,2.0,4000.0,4.0
Plot  Area,Other,1200.0,3.0,1.0,160.0,3.0,13333.333333333334,6.0
Super built-up  Area,Electronic City,1156.0,2.0,2.0,44.0,3.0,3806.2283737024222,5.0
Plot  Area,R.T. Nagar,2000.0,4.0,2.0,320.0,4.0,16000.0,8.0
Super built-up  Area,Bannerghatta Road,1260.0,2.0,2.0,70.0,2.0,5555.555555555556,4.0
Super built-up  Area,Vittasandra,1934.0,2.0,0.0,90.0,2.0,4653.567735263702,4.0
Super built-up  Area,Malleshpalya,1060.0,2.0,1.0,40.0,2.0,3773.5849056603774,4.0
Super built-up  Area,Kasavanhalli,1476.0,3.0,1.0,95.0,3.0,6436.314363143631,6.0
Super built-up  Area,Murugeshpalya,1185.0,2.0,1.0,85.0,2.0,7172.995780590717,4.0
Super built-up  Area,Other,1265.0,2.0,1.0,82.0,3.0,6482.213438735178,5.0
Built-up  Area,Other,3200.0,5.0,1.0,150.0,4.0,4687.5,9.0
Super built-up  Area,Other,1196.0,2.0,2.0,56.81,2.0,4750.0,4.0
Built-up  Area,EPIP Zone,1280.0,2.0,1.0,69.0,2.0,5390.625,4.0
Built-up  Area,Hulimavu,1175.0,2.0,2.0,45.0,2.0,3829.7872340425533,4.0
Built-up  Area,Other,1850.0,3.0,3.0,98.0,3.0,5297.2972972972975,6.0
Plot  Area,Indira Nagar,2400.0,4.0,2.0,525.0,4.0,21875.0,8.0
Super built-up  Area,Whitefield,1195.0,2.0,1.0,70.0,2.0,5857.740585774059,4.0
Super built-up  Area,Ulsoor,2000.0,3.0,3.0,185.0,3.0,9250.0,6.0
Super built-up  Area,Hosur Road,1180.0,2.0,2.0,36.5,2.0,3093.2203389830506,4.0
Super built-up  Area,Jakkur,1050.0,2.0,1.0,49.87,2.0,4749.523809523809,4.0
Built-up  Area,Electronic City,1400.0,2.0,1.0,40.44,3.0,2888.5714285714284,5.0
Plot  Area,Other,2360.0,4.0,2.0,150.0,4.0,6355.932203389831,8.0
Super built-up  Area,Other,1030.0,2.0,1.0,77.25,2.0,7500.0,4.0
Super built-up  Area,Other,1512.0,1.0,2.0,65.01,2.0,4299.603174603175,3.0
Built-up  Area,Subramanyapura,929.0,2.0,1.0,48.0,2.0,5166.846071044133,4.0
Super built-up  Area,Jigani,1252.0,3.0,3.0,61.0,3.0,4872.20447284345,6.0
Built-up  Area,Green Glen Layout,1485.0,3.0,2.0,115.0,3.0,7744.107744107744,6.0
Super built-up  Area,Electronics City Phase 1,1124.0,2.0,2.0,55.0,3.0,4893.238434163701,5.0
Plot  Area,TC Palaya,2400.0,6.0,3.0,370.0,6.0,15416.666666666666,12.0
Built-up  Area,Indira Nagar,1407.0,3.0,1.0,120.0,3.0,8528.784648187633,6.0
Super built-up  Area,Hennur Road,1482.0,2.0,3.0,97.0,3.0,6545.209176788124,5.0
Super built-up  Area,Sector 7 HSR Layout,1163.0,2.0,1.0,98.86,2.0,8500.42992261393,4.0
Super built-up  Area,Jalahalli,1570.0,3.0,2.0,140.0,3.0,8917.197452229299,6.0
Super built-up  Area,Whitefield,3480.0,4.0,2.0,284.0,3.0,8160.919540229885,7.0
Super built-up  Area,Chandapura,520.0,1.0,1.0,14.04,1.0,2700.0,2.0
Super built-up  Area,Other,2000.0,3.0,2.0,160.0,3.0,8000.0,6.0
Super built-up  Area,Prithvi Layout,1352.0,2.0,2.0,75.0,2.0,5547.337278106509,4.0
Super built-up  Area,Electronic City,1152.0,2.0,1.0,65.0,2.0,5642.361111111111,4.0
Built-up  Area,Other,1575.0,3.0,2.0,93.0,3.0,5904.761904761905,6.0
Super built-up  Area,Hegde Nagar,1965.0,4.0,2.0,125.0,3.0,6361.323155216285,7.0
Built-up  Area,Other,1300.0,2.0,2.0,70.0,3.0,5384.615384615385,5.0
Super built-up  Area,Marathahalli,957.0,2.0,1.0,47.0,2.0,4911.180773249739,4.0
Super built-up  Area,Hoskote,1740.0,3.0,3.0,60.0,3.0,3448.2758620689656,6.0
Super built-up  Area,Neeladri Nagar,1060.0,2.0,0.0,35.0,2.0,3301.8867924528304,4.0
Carpet  Area,Other,975.0,2.0,2.0,50.0,2.0,5128.205128205128,4.0
Super built-up  Area,Ramamurthy Nagar,1150.0,2.0,2.0,51.0,2.0,4434.782608695652,4.0
Super built-up  Area,Whitefield,1738.0,2.0,3.0,79.0,3.0,4545.454545454545,5.0
Super built-up  Area,Bommanahalli,1250.0,3.0,2.0,55.0,3.0,4400.0,6.0
Built-up  Area,Bannerghatta Road,1788.0,3.0,2.0,90.0,3.0,5033.557046979866,6.0
Super built-up  Area,Kanakapura,1151.0,2.0,1.0,59.0,2.0,5125.977410947003,4.0
Super built-up  Area,Uttarahalli,1300.0,2.0,2.0,60.0,3.0,4615.384615384615,5.0
Super built-up  Area,Garudachar Palya,1150.0,2.0,1.0,52.8,2.0,4591.304347826087,4.0
Super built-up  Area,Other,1380.0,2.0,1.0,75.0,2.0,5434.782608695652,4.0
Super built-up  Area,Hebbal,1645.0,3.0,2.0,117.0,3.0,7112.462006079028,6.0
Super built-up  Area,Babusapalaya,1141.0,2.0,1.0,45.9,2.0,4022.787028921998,4.0
Super built-up  Area,7th Phase JP Nagar,1175.0,2.0,2.0,82.5,2.0,7021.276595744681,4.0
Super built-up  Area,Banashankari Stage V,1355.0,2.0,1.0,61.0,3.0,4501.845018450184,5.0
Built-up  Area,Dasarahalli,1150.0,2.0,0.0,70.0,2.0,6086.95652173913,4.0
Super built-up  Area,Other,5800.0,5.0,2.0,80.0,5.0,1379.3103448275863,10.0
Built-up  Area,Other,1000.0,2.0,2.0,45.0,2.0,4500.0,4.0
Super built-up  Area,Balagere,1007.0,2.0,1.0,65.0,2.0,6454.816285998014,4.0
Super built-up  Area,Other,3000.0,5.0,2.0,100.0,4.0,3333.3333333333335,9.0
Super built-up  Area,Kothanur,1436.0,3.0,3.0,70.0,3.0,4874.651810584958,6.0
Super built-up  Area,Marathahalli,4000.0,4.0,3.0,220.0,4.0,5500.0,8.0
Built-up  Area,Somasundara Palya,2372.0,3.0,2.0,140.0,3.0,5902.192242833053,6.0
Plot  Area,Rajaji Nagar,1200.0,2.0,0.0,150.0,2.0,12500.0,4.0
Super built-up  Area,Rayasandra,1016.0,2.0,1.0,58.0,2.0,5708.6614173228345,4.0
Super built-up  Area,Dodda Nekkundi,1100.0,2.0,2.0,48.0,2.0,4363.636363636364,4.0
Super built-up  Area,Other,1080.0,2.0,1.0,45.0,2.0,4166.666666666667,4.0
Super built-up  Area,Electronic City,1070.0,2.0,1.0,60.0,2.0,5607.476635514019,4.0
Super built-up  Area,Kadubeesanahalli,1532.0,3.0,1.0,115.0,3.0,7506.527415143603,6.0
Super built-up  Area,Hennur,1040.0,2.0,2.0,42.12,2.0,4050.0,4.0
Plot  Area,Other,3100.0,3.0,3.0,250.0,3.0,8064.5161290322585,6.0
Super built-up  Area,Tumkur Road,1137.5,2.0,0.0,48.905,2.0,4299.340659340659,4.0
Super built-up  Area,Thanisandra,1430.0,2.0,2.0,51.6,3.0,3608.3916083916083,5.0
Plot  Area,Rajaji Nagar,1160.0,1.0,0.0,163.0,2.0,14051.724137931034,3.0
Super built-up  Area,ITPL,3262.0,5.0,2.0,205.0,4.0,6284.488044144697,9.0
Plot  Area,Other,2100.0,7.0,0.0,410.0,7.0,19523.809523809523,14.0
Built-up  Area,Other,1190.0,2.0,2.0,100.0,2.0,8403.361344537816,4.0
Super built-up  Area,Other,1827.0,3.0,3.0,100.0,3.0,5473.453749315819,6.0
Super built-up  Area,HRBR Layout,1210.0,2.0,1.0,75.0,2.0,6198.347107438017,4.0
Super built-up  Area,Other,1500.0,3.0,3.0,95.0,3.0,6333.333333333333,6.0
Super built-up  Area,Hebbal,1251.0,2.0,1.0,88.73,2.0,7092.725819344524,4.0
Super built-up  Area,HSR Layout,1600.0,2.0,2.0,115.0,3.0,7187.5,5.0
Super built-up  Area,Electronic City,1128.0,2.0,1.0,65.5,2.0,5806.737588652482,4.0
Super built-up  Area,Budigere,1820.0,3.0,2.0,93.0,3.0,5109.89010989011,6.0
Super built-up  Area,Thigalarapalya,2072.0,4.0,2.0,159.0,3.0,7673.745173745174,7.0
Super built-up  Area,Raja Rajeshwari Nagar,1510.0,2.0,3.0,59.0,3.0,3907.2847682119204,5.0
Super built-up  Area,Hoodi,1925.0,2.0,3.0,114.0,3.0,5922.077922077922,5.0
Plot  Area,Hennur Road,2651.0,2.0,2.0,225.0,3.0,8487.36325914749,5.0
Super built-up  Area,Thigalarapalya,2072.0,4.0,2.0,147.0,3.0,7094.594594594595,7.0
Super built-up  Area,Kumaraswami Layout,1000.0,2.0,2.0,36.0,2.0,3600.0,4.0
Plot  Area,KR Puram,1752.0,3.0,2.0,145.0,3.0,8276.255707762557,6.0
Super built-up  Area,Sahakara Nagar,960.0,2.0,3.0,56.0,2.0,5833.333333333333,4.0
Super built-up  Area,Other,1180.0,2.0,2.0,63.0,2.0,5338.983050847458,4.0
Built-up  Area,Benson Town,2270.0,3.0,1.0,180.0,3.0,7929.515418502203,6.0
Built-up  Area,NRI Layout,650.0,2.0,0.0,59.0,2.0,9076.923076923076,4.0
Super built-up  Area,Lakshminarayana Pura,1200.0,2.0,1.0,75.0,2.0,6250.0,4.0
Super built-up  Area,Bisuvanahalli,1180.0,2.0,1.0,46.0,3.0,3898.3050847457625,5.0
Super built-up  Area,Other,1300.0,3.0,2.0,47.0,3.0,3615.3846153846152,6.0
Built-up  Area,Bannerghatta Road,1157.0,2.0,0.0,40.0,2.0,3457.216940363008,4.0
Super built-up  Area,Kanakpura Road,1300.0,3.0,2.0,69.0,3.0,5307.692307692308,6.0
Super built-up  Area,Banashankari Stage III,1305.0,2.0,1.0,59.0,3.0,4521.072796934866,5.0
Super built-up  Area,Hegde Nagar,2006.0,4.0,2.0,196.0,3.0,9770.687936191425,7.0
Super built-up  Area,Jakkur,1290.0,2.0,1.0,80.0,2.0,6201.550387596899,4.0
Super built-up  Area,Hoskote,1170.0,2.0,3.0,45.0,2.0,3846.153846153846,4.0
Super built-up  Area,Yelachenahalli,1400.0,2.0,3.0,78.0,2.0,5571.428571428572,4.0
Super built-up  Area,Lakshminarayana Pura,1200.0,2.0,2.0,75.0,2.0,6250.0,4.0
Built-up  Area,Other,1155.0,2.0,0.0,60.0,3.0,5194.805194805195,5.0
Built-up  Area,Hormavu,1725.0,3.0,2.0,85.0,3.0,4927.536231884058,6.0
Super built-up  Area,Kanakpura Road,700.0,2.0,1.0,40.0,2.0,5714.285714285715,4.0
Built-up  Area,Other,7000.0,5.0,2.0,2050.0,4.0,29285.714285714286,9.0
Super built-up  Area,Hoodi,1112.0,2.0,1.0,88.0,2.0,7913.669064748202,4.0
Super built-up  Area,Somasundara Palya,1178.0,2.0,2.0,78.0,2.0,6621.392190152801,4.0
Super built-up  Area,Other,1274.0,2.0,1.0,81.0,2.0,6357.9277864992155,4.0
Super built-up  Area,Doddathoguru,915.0,2.0,1.0,32.0,2.0,3497.2677595628415,4.0
Super built-up  Area,Hosur Road,760.0,1.0,2.0,21.28,1.0,2800.0,2.0
Built-up  Area,Other,1540.0,3.0,2.0,68.0,3.0,4415.584415584415,6.0
Super built-up  Area,Other,1206.0,2.0,3.0,38.5,2.0,3192.3714759535656,4.0
Super built-up  Area,Other,1645.0,3.0,2.0,95.0,3.0,5775.075987841945,6.0
Plot  Area,Other,1200.0,4.0,2.0,170.0,4.0,14166.666666666666,8.0
Plot  Area,Other,1200.0,4.0,1.0,140.0,4.0,11666.666666666666,8.0
Super built-up  Area,Nehru Nagar,2342.0,3.0,2.0,115.0,4.0,4910.333048676345,7.0
Super built-up  Area,Other,1200.0,2.0,1.0,55.0,3.0,4583.333333333333,5.0
Super built-up  Area,Yelenahalli,1056.0,2.0,2.0,33.0,2.0,3125.0,4.0
Plot  Area,Raja Rajeshwari Nagar,4800.0,8.0,2.0,225.0,8.0,4687.5,16.0
Super built-up  Area,Kanakpura Road,1450.0,3.0,3.0,54.3,3.0,3744.8275862068967,6.0
Super built-up  Area,Other,1161.0,2.0,2.0,36.69,2.0,3160.206718346253,4.0
Super built-up  Area,Other,1097.0,2.0,3.0,65.0,2.0,5925.2506836827715,4.0
Built-up  Area,Uttarahalli,850.0,2.0,2.0,35.0,2.0,4117.64705882353,4.0
Super built-up  Area,Green Glen Layout,1715.0,3.0,2.0,115.0,3.0,6705.539358600583,6.0
Super built-up  Area,Basavangudi,2300.0,3.0,2.0,317.0,3.0,13782.608695652174,6.0
Super built-up  Area,Electronic City,1200.0,2.0,1.0,59.0,2.0,4916.666666666667,4.0
Super built-up  Area,8th Phase JP Nagar,1080.0,2.0,2.0,38.0,2.0,3518.5185185185187,4.0
Super built-up  Area,Kasavanhalli,1200.0,2.0,1.0,50.3,2.0,4191.666666666667,4.0
Plot  Area,Other,2400.0,4.0,0.0,550.0,4.0,22916.666666666668,8.0
Super built-up  Area,Banashankari,1400.0,2.0,1.0,78.0,3.0,5571.428571428572,5.0
Plot  Area,Whitefield,1500.0,4.0,3.0,200.0,4.0,13333.333333333334,8.0
Carpet  Area,Kanakpura Road,458.0,1.0,0.0,19.695,1.0,4300.218340611354,2.0
Super built-up  Area,Marathahalli,1230.0,2.0,1.0,57.0,2.0,4634.1463414634145,4.0
Built-up  Area,Kalyan nagar,1640.0,3.0,3.0,88.0,3.0,5365.8536585365855,6.0
Super built-up  Area,Banashankari,1700.0,3.0,2.0,125.0,3.0,7352.941176470588,6.0
Super built-up  Area,Bommasandra,1478.0,2.0,2.0,44.0,3.0,2976.9959404600813,5.0
Super built-up  Area,Other,6600.0,4.0,2.0,986.0,4.0,14939.39393939394,8.0
Super built-up  Area,Banashankari,1020.0,2.0,2.0,40.79,2.0,3999.0196078431372,4.0
Built-up  Area,Yelahanka,1275.0,2.0,2.0,95.0,3.0,7450.980392156863,5.0
Built-up  Area,Other,1600.0,3.0,1.0,165.0,4.0,10312.5,7.0
Super built-up  Area,Kanakapura,1110.0,2.0,2.0,38.85,2.0,3500.0,4.0
Super built-up  Area,Uttarahalli,1627.86,3.0,2.0,88.0,3.0,5405.87028368533,6.0
Built-up  Area,Other,620.0,2.0,1.0,22.0,2.0,3548.3870967741937,4.0
Plot  Area,Whitefield,3004.0,4.0,2.0,285.0,4.0,9487.350199733688,8.0
Super built-up  Area,Hosa Road,1133.0,2.0,1.0,52.0,2.0,4589.585172109444,4.0
Super built-up  Area,Hennur Road,1182.0,2.0,2.0,82.5,2.0,6979.6954314720815,4.0
Super built-up  Area,Tumkur Road,1500.0,3.0,3.0,100.0,3.0,6666.666666666667,6.0
Super built-up  Area,Hebbal Kempapura,3900.0,5.0,2.0,360.0,4.0,9230.76923076923,9.0
Super built-up  Area,Marathahalli,1200.0,2.0,2.0,58.0,2.0,4833.333333333333,4.0
Super built-up  Area,Raja Rajeshwari Nagar,1128.0,2.0,1.0,48.79,2.0,4325.354609929078,4.0
Built-up  Area,Other,900.0,2.0,2.0,110.0,2.0,12222.222222222223,4.0
Built-up  Area,Amruthahalli,1100.0,2.0,1.0,45.0,2.0,4090.909090909091,4.0
Super built-up  Area,Kengeri Satellite Town,635.0,1.0,1.0,22.0,2.0,3464.566929133858,3.0
Super built-up  Area,Ardendale,2062.0,3.0,2.0,140.0,4.0,6789.524733268671,7.0
Built-up  Area,Thanisandra,1874.0,4.0,1.0,130.0,3.0,6937.033084311633,7.0
Super built-up  Area,Old Madras Road,1171.0,2.0,2.0,75.0,2.0,6404.782237403928,4.0
Super built-up  Area,Sarjapur,2020.0,3.0,3.0,85.0,3.0,4207.920792079208,6.0
Super built-up  Area,8th Phase JP Nagar,1059.0,2.0,2.0,34.5,2.0,3257.790368271955,4.0
Super built-up  Area,Panathur,1315.0,2.0,1.0,59.1,3.0,4494.296577946768,5.0
Super built-up  Area,Jakkur,1760.0,3.0,2.0,110.0,3.0,6250.0,6.0
Built-up  Area,Other,1200.0,2.0,1.0,125.0,2.0,10416.666666666666,4.0
Super built-up  Area,Hennur Road,1192.0,2.0,1.0,62.0,3.0,5201.342281879195,5.0
Super built-up  Area,Hebbal,1645.0,3.0,2.0,121.0,3.0,7355.623100303951,6.0
Super built-up  Area,Whitefield,1250.0,2.0,2.0,72.0,2.0,5760.0,4.0
Super built-up  Area,Whitefield,709.0,1.0,0.0,34.385,1.0,4849.788434414669,2.0
Super built-up  Area,Whitefield,1340.0,2.0,1.0,77.0,2.0,5746.268656716418,4.0
Built-up  Area,Cooke Town,2388.0,4.0,3.0,239.0,3.0,10008.375209380234,7.0
Super built-up  Area,Hosa Road,1369.1,2.0,1.0,104.0,2.0,7596.231100723103,4.0
Super built-up  Area,Other,1355.0,2.0,3.0,75.0,2.0,5535.055350553505,4.0
Built-up  Area,Bannerghatta Road,1150.0,2.0,2.0,65.0,2.0,5652.173913043478,4.0
Super built-up  Area,Kanakapura,1938.0,3.0,3.0,113.0,3.0,5830.7533539731685,6.0
Super built-up  Area,Begur Road,2462.0,4.0,3.0,124.0,4.0,5036.555645816409,8.0
Super built-up  Area,Budigere,1636.0,3.0,2.0,85.0,3.0,5195.59902200489,6.0
Super built-up  Area,Akshaya Nagar,1430.0,2.0,2.0,75.0,3.0,5244.755244755244,5.0
Super built-up  Area,Other,2000.0,3.0,2.0,85.0,3.0,4250.0,6.0
Carpet  Area,Electronic City Phase II,993.0,2.0,2.0,50.0,3.0,5035.246727089628,5.0
Plot  Area,Laggere,1260.0,4.0,1.0,150.0,4.0,11904.761904761905,8.0
Super built-up  Area,Kanakpura Road,1700.0,3.0,3.0,88.0,3.0,5176.470588235294,6.0
Super built-up  Area,Yelahanka,1270.0,2.0,2.0,78.0,2.0,6141.7322834645665,4.0
Plot  Area,Anjanapura,1500.0,3.0,1.0,121.0,3.0,8066.666666666667,6.0
Built-up  Area,Koramangala,2300.0,3.0,3.0,290.0,3.0,12608.695652173914,6.0
Plot  Area,Other,7500.0,4.0,2.0,900.0,4.0,12000.0,8.0
Super built-up  Area,Marathahalli,1650.0,3.0,3.0,86.45,3.0,5239.393939393939,6.0
Super built-up  Area,Panathur,1109.0,2.0,1.0,63.0,2.0,5680.793507664563,4.0
Super built-up  Area,Other,1280.0,2.0,1.0,49.75,2.0,3886.71875,4.0
Built-up  Area,Sarjapur,2885.0,3.0,1.0,185.0,4.0,6412.478336221837,7.0
Plot  Area,Devanahalli,1600.0,3.0,2.0,180.0,3.0,11250.0,6.0
Super built-up  Area,Kothanur,1462.0,3.0,3.0,71.0,3.0,4856.361149110807,6.0
Super built-up  Area,Marathahalli,607.0,1.0,1.0,35.0,1.0,5766.062602965404,2.0
Super built-up  Area,Kammasandra,930.0,2.0,0.0,25.0,2.0,2688.1720430107525,4.0
Plot  Area,Varthur,4500.0,5.0,2.0,300.0,4.0,6666.666666666667,9.0
Super built-up  Area,Malleshwaram,2600.0,3.0,1.0,237.0,3.0,9115.384615384615,6.0
Super built-up  Area,JP Nagar,3000.0,4.0,2.0,140.0,4.0,4666.666666666667,8.0
Super built-up  Area,Electronic City Phase II,1418.0,3.0,2.0,52.47,3.0,3700.2820874471086,6.0
Built-up  Area,Other,4200.0,1.0,2.0,160.0,2.0,3809.5238095238096,3.0
Built-up  Area,EPIP Zone,1125.0,2.0,1.0,65.0,2.0,5777.777777777777,4.0
Super built-up  Area,CV Raman Nagar,1825.0,3.0,2.0,126.0,3.0,6904.109589041096,6.0
Super built-up  Area,Whitefield,1320.0,2.0,3.0,79.5,2.0,6022.727272727273,4.0
Built-up  Area,JP Nagar,3000.0,4.0,2.0,140.0,4.0,4666.666666666667,8.0
Super built-up  Area,HAL 2nd Stage,1490.0,2.0,2.0,300.0,3.0,20134.228187919463,5.0
Plot  Area,Other,1650.0,3.0,1.0,300.0,4.0,18181.81818181818,7.0
Super built-up  Area,Whitefield,750.0,2.0,1.0,52.7,2.0,7026.666666666667,4.0
Super built-up  Area,Yelahanka,1400.0,2.0,2.0,80.54,3.0,5752.857142857143,5.0
Super built-up  Area,Other,4104.0,4.0,3.0,360.0,4.0,8771.929824561403,8.0
Built-up  Area,Rajaji Nagar,5000.0,4.0,0.0,375.0,4.0,7500.0,8.0
Plot  Area,Mahadevpura,3295.0,4.0,2.0,260.0,5.0,7890.743550834598,9.0
Plot  Area,Whitefield,1200.0,3.0,1.0,61.96,3.0,5163.333333333333,6.0
Built-up  Area,Poorna Pragna Layout,965.0,2.0,2.0,48.0,2.0,4974.093264248705,4.0
Plot  Area,Gottigere,812.0,1.0,1.0,26.0,1.0,3201.9704433497536,2.0
Super built-up  Area,KR Puram,1100.0,2.0,2.0,43.0,2.0,3909.090909090909,4.0
Super built-up  Area,Whitefield,1180.0,2.0,2.0,41.0,2.0,3474.576271186441,4.0
Super built-up  Area,HSR Layout,1145.0,2.0,2.0,48.0,2.0,4192.139737991266,4.0
Super built-up  Area,Haralur Road,1027.0,2.0,1.0,44.0,2.0,4284.323271665044,4.0
Super built-up  Area,Other,1215.0,2.0,2.0,49.85,2.0,4102.880658436214,4.0
Plot  Area,Hegde Nagar,1200.0,2.0,0.0,75.0,2.0,6250.0,4.0
Super built-up  Area,Kenchenahalli,1015.0,2.0,2.0,58.0,2.0,5714.285714285715,4.0
Plot  Area,Kaggalipura,2400.0,3.0,1.0,165.0,3.0,6875.0,6.0
Plot  Area,Whitefield,3000.0,4.0,3.0,306.0,4.0,10200.0,8.0
Built-up  Area,7th Phase JP Nagar,3300.0,4.0,3.0,160.0,3.0,4848.484848484848,7.0
Super built-up  Area,Other,1076.0,2.0,2.0,52.0,2.0,4832.71375464684,4.0
Super built-up  Area,JP Nagar,1300.0,2.0,1.0,109.0,2.0,8384.615384615385,4.0
Built-up  Area,Hebbal Kempapura,1300.0,2.0,2.0,102.0,2.0,7846.153846153846,4.0
Super built-up  Area,Hosa Road,1512.0,3.0,1.0,123.0,3.0,8134.920634920635,6.0
Carpet  Area,Bhoganhalli,1053.4,3.0,1.0,88.91,3.0,8440.288589329788,6.0
Super built-up  Area,Yeshwanthpur,605.0,1.0,0.0,41.745,1.0,6899.999999999999,2.0
Super built-up  Area,Hormavu,1153.0,2.0,1.0,65.0,2.0,5637.467476149176,4.0
Plot  Area,Other,2080.0,2.0,1.0,150.0,2.0,7211.538461538462,4.0
Super built-up  Area,Hulimavu,1255.0,2.0,2.0,69.0,2.0,5498.00796812749,4.0
Super built-up  Area,Marathahalli,1583.0,3.0,3.0,109.0,3.0,6885.6601389766265,6.0
Super built-up  Area,Other,1505.0,2.0,2.0,90.0,2.0,5980.066445182724,4.0
Super built-up  Area,Kathriguppe,1365.0,2.0,2.0,75.08,3.0,5500.3663003663005,5.0
Plot  Area,Other,1200.0,3.0,3.0,95.75,3.0,7979.166666666667,6.0
Super built-up  Area,Other,1810.0,4.0,3.0,148.0,3.0,8176.795580110497,7.0
Built-up  Area,Magadi Road,440.0,1.0,0.0,35.0,1.0,7954.545454545455,2.0
Super built-up  Area,Subramanyapura,975.0,2.0,1.0,63.0,2.0,6461.538461538462,4.0
Super built-up  Area,Other,1250.0,2.0,3.0,39.0,2.0,3120.0,4.0
Super built-up  Area,Other,1530.0,2.0,1.0,97.0,3.0,6339.869281045751,5.0
Super built-up  Area,Kereguddadahalli,1300.0,2.0,2.0,39.0,3.0,3000.0,5.0
Super built-up  Area,Channasandra,1115.0,2.0,1.0,40.0,2.0,3587.4439461883408,4.0
Super built-up  Area,Sarjapur  Road,1308.0,2.0,1.0,83.0,2.0,6345.565749235474,4.0
Super built-up  Area,Uttarahalli,1490.0,2.0,2.0,59.6,3.0,4000.0,5.0
Plot  Area,Bannerghatta Road,10000.0,4.0,0.0,450.0,4.0,4500.0,8.0
Super built-up  Area,Sarjapur  Road,1592.0,3.0,1.0,91.0,3.0,5716.08040201005,6.0
Super built-up  Area,Rajaji Nagar,1222.0,2.0,0.0,112.0,2.0,9165.302782324059,4.0
Super built-up  Area,Raja Rajeshwari Nagar,1267.0,2.0,2.0,42.85,2.0,3382.004735595896,4.0
Super built-up  Area,Balagere,656.0,1.0,1.0,53.0,1.0,8079.268292682927,2.0
Plot  Area,Dodda Nekkundi,3400.0,4.0,3.0,530.0,4.0,15588.235294117647,8.0
Built-up  Area,Garudachar Palya,4500.0,5.0,2.0,400.0,4.0,8888.888888888889,9.0
Plot  Area,Chandapura,1200.0,1.0,1.0,36.0,2.0,3000.0,3.0
Super built-up  Area,Thanisandra,1698.0,3.0,2.0,102.0,3.0,6007.067137809187,6.0
Built-up  Area,Other,1500.0,3.0,2.0,70.0,3.0,4666.666666666667,6.0
Plot  Area,Other,2000.0,5.0,0.0,80.0,4.0,4000.0,9.0
Super built-up  Area,Electronic City,1152.0,2.0,1.0,65.75,2.0,5707.465277777777,4.0
Super built-up  Area,Raja Rajeshwari Nagar,550.0,1.0,0.0,21.0,1.0,3818.181818181818,2.0
Super built-up  Area,Other,900.0,2.0,2.0,42.0,2.0,4666.666666666667,4.0
Super built-up  Area,Other,1410.0,2.0,2.0,45.12,3.0,3200.0,5.0
Built-up  Area,Akshaya Nagar,1419.0,2.0,3.0,73.0,3.0,5144.46793516561,5.0
Super built-up  Area,Amruthahalli,1200.0,2.0,1.0,55.0,2.0,4583.333333333333,4.0
Super built-up  Area,AECS Layout,1800.0,3.0,3.0,65.0,3.0,3611.1111111111113,6.0
Super built-up  Area,Gottigere,990.0,2.0,1.0,40.0,2.0,4040.40404040404,4.0
Super built-up  Area,Sarjapur  Road,1016.0,2.0,1.0,45.0,2.0,4429.133858267716,4.0
Super built-up  Area,Bannerghatta Road,1100.0,2.0,0.0,39.0,2.0,3545.4545454545455,4.0
Super built-up  Area,Whitefield,1095.0,2.0,1.0,35.0,2.0,3196.3470319634703,4.0
Super built-up  Area,Other,2000.0,3.0,2.0,85.0,3.0,4250.0,6.0
Super built-up  Area,Budigere,1444.0,2.0,2.0,70.0,2.0,4847.645429362881,4.0
Super built-up  Area,Whitefield,1415.0,2.0,3.0,67.0,2.0,4734.982332155477,4.0
Plot  Area,Other,1500.0,2.0,1.0,130.0,3.0,8666.666666666666,5.0
Super built-up  Area,Other,1600.0,3.0,3.0,72.0,3.0,4500.0,6.0
Super built-up  Area,Whitefield,1105.0,2.0,1.0,41.36,2.0,3742.9864253393666,4.0
Super built-up  Area,Electronic City,1225.0,3.0,0.0,45.03,3.0,3675.918367346939,6.0
Super built-up  Area,Frazer Town,2560.0,3.0,2.0,265.0,3.0,10351.5625,6.0
Plot  Area,Dasarahalli,2400.0,3.0,3.0,150.0,7.0,6250.0,10.0
Super built-up  Area,Talaghattapura,1856.0,3.0,2.0,135.0,3.0,7273.706896551724,6.0
Plot  Area,Other,2100.0,6.0,2.0,71.0,6.0,3380.9523809523807,12.0
Super built-up  Area,Sarjapur  Road,1150.0,2.0,2.0,77.0,2.0,6695.652173913043,4.0
Super built-up  Area,5th Phase JP Nagar,1485.0,2.0,2.0,67.0,3.0,4511.784511784512,5.0
Super built-up  Area,Other,2500.0,3.0,3.0,75.0,3.0,3000.0,6.0
Plot  Area,Whitefield,1200.0,2.0,1.0,45.0,2.0,3750.0,4.0
Super built-up  Area,Hennur Road,1036.0,2.0,1.0,59.46,2.0,5739.382239382239,4.0
Plot  Area,Whitefield,3445.0,5.0,3.0,270.0,4.0,7837.44557329463,9.0
Super built-up  Area,Other,1400.0,2.0,2.0,80.0,2.0,5714.285714285715,4.0
Super built-up  Area,Bommanahalli,1110.0,2.0,2.0,33.0,2.0,2972.972972972973,4.0
Built-up  Area,Kodichikkanahalli,1150.0,2.0,3.0,48.0,2.0,4173.913043478261,4.0
Super built-up  Area,Kenchenahalli,715.0,1.0,1.0,45.0,1.0,6293.706293706294,2.0
Plot  Area,Magadi Road,1200.0,4.0,0.0,130.0,4.0,10833.333333333334,8.0
Super built-up  Area,Jakkur,2283.0,4.0,2.0,130.0,4.0,5694.261936049058,8.0
Super built-up  Area,Hormavu,1453.0,2.0,2.0,43.58,3.0,2999.3117687543013,5.0
Built-up  Area,Nagarbhavi,1400.0,2.0,1.0,85.0,3.0,6071.428571428572,5.0
Super built-up  Area,Padmanabhanagar,1400.0,3.0,0.0,65.0,3.0,4642.857142857143,6.0
Super built-up  Area,Whitefield,1700.0,3.0,1.0,140.0,3.0,8235.29411764706,6.0
Super built-up  Area,Kanakpura Road,1591.0,3.0,1.0,120.0,3.0,7542.42614707731,6.0
Super built-up  Area,Nagarbhavi,1515.0,2.0,1.0,79.0,3.0,5214.521452145214,5.0
Built-up  Area,Marathahalli,2500.0,3.0,3.0,200.0,5.0,8000.0,8.0
Super built-up  Area,Chandapura,975.0,2.0,1.0,24.86,2.0,2549.74358974359,4.0
Super built-up  Area,Yeshwanthpur,1382.0,2.0,2.0,76.18,3.0,5512.301013024603,5.0
Super built-up  Area,Other,1533.0,3.0,2.0,150.0,3.0,9784.735812133073,6.0
Super built-up  Area,Cunningham Road,3815.0,3.0,1.0,763.0,3.0,20000.0,6.0
Super built-up  Area,Other,1100.0,2.0,2.0,38.0,2.0,3454.5454545454545,4.0
Super built-up  Area,Other,3730.0,6.0,2.0,450.0,4.0,12064.343163538873,10.0
Super built-up  Area,Banashankari Stage II,1500.0,2.0,1.0,120.0,3.0,8000.0,5.0
Super built-up  Area,Yelahanka,1391.0,2.0,2.0,64.5,3.0,4636.951833213516,5.0
Super built-up  Area,Begur Road,1160.0,2.0,2.0,42.92,2.0,3700.0,4.0
Built-up  Area,Chandapura,620.0,1.0,1.0,27.0,1.0,4354.8387096774195,2.0
Plot  Area,Other,2400.0,9.0,3.0,350.0,8.0,14583.333333333334,17.0
Built-up  Area,Whitefield,4827.0,4.0,3.0,400.0,4.0,8286.720530350114,8.0
Super built-up  Area,Kanakpura Road,1482.0,3.0,3.0,60.98,3.0,4114.7098515519565,6.0
Super built-up  Area,Whitefield,1405.0,2.0,2.0,84.5,2.0,6014.234875444839,4.0
Built-up  Area,Gunjur,1190.0,2.0,2.0,40.0,2.0,3361.344537815126,4.0
Super built-up  Area,Harlur,1174.0,2.0,1.0,78.0,2.0,6643.9522998296425,4.0
Plot  Area,Seegehalli,1155.0,2.0,0.0,72.0,2.0,6233.766233766234,4.0
Super built-up  Area,Thanisandra,1411.0,3.0,1.0,93.04,3.0,6593.905031892275,6.0
Super built-up  Area,Other,745.0,2.0,0.0,50.0,2.0,6711.4093959731545,4.0
Super built-up  Area,Kereguddadahalli,1000.0,2.0,2.0,30.0,2.0,3000.0,4.0
Super built-up  Area,Jigani,923.0,2.0,1.0,50.0,2.0,5417.118093174431,4.0
Built-up  Area,Yeshwanthpur,1000.0,2.0,2.0,32.0,2.0,3200.0,4.0
Super built-up  Area,Battarahalli,1276.0,2.0,2.0,45.0,2.0,3526.6457680250783,4.0
Built-up  Area,Other,1460.0,3.0,2.0,70.0,3.0,4794.520547945205,6.0
Super built-up  Area,Other,1355.0,2.0,1.0,95.0,2.0,7011.070110701107,4.0
Super built-up  Area,Other,833.0,1.0,1.0,49.0,1.0,5882.35294117647,2.0
Plot  Area,Other,1750.0,5.0,1.0,450.0,5.0,25714.285714285714,10.0
Super built-up  Area,Ramamurthy Nagar,1200.0,2.0,1.0,48.0,2.0,4000.0,4.0
Super built-up  Area,Yeshwanthpur,669.0,1.0,1.0,36.85,1.0,5508.221225710015,2.0
Plot  Area,7th Phase JP Nagar,2200.0,4.0,2.0,105.0,3.0,4772.727272727273,7.0
Super built-up  Area,Koramangala,1594.0,3.0,2.0,125.0,3.0,7841.907151819322,6.0
Super built-up  Area,Kothanur,1790.0,3.0,2.0,105.0,3.0,5865.921787709497,6.0
Super built-up  Area,NGR Layout,1020.0,2.0,1.0,45.0,2.0,4411.764705882353,4.0
Plot  Area,Other,3250.0,5.0,1.0,850.0,4.0,26153.846153846152,9.0
Super built-up  Area,Other,1037.0,2.0,1.0,36.28,2.0,3498.553519768563,4.0
Super built-up  Area,Whitefield,1345.0,2.0,2.0,57.0,3.0,4237.918215613383,5.0
Super built-up  Area,Kodichikkanahalli,1070.0,2.0,3.0,43.0,2.0,4018.691588785047,4.0
Super built-up  Area,Other,3000.0,5.0,2.0,270.0,4.0,9000.0,9.0
Super built-up  Area,Yeshwanthpur,1385.0,2.0,2.0,76.18,3.0,5500.3610108303255,5.0
Super built-up  Area,Kanakpura Road,1207.0,2.0,2.0,79.9,2.0,6619.718309859156,4.0
Super built-up  Area,Varthur,1140.0,2.0,3.0,55.5,2.0,4868.421052631579,4.0
Built-up  Area,Other,1220.0,2.0,2.0,68.0,2.0,5573.770491803279,4.0
Plot  Area,Other,3811.0,3.0,2.0,475.0,4.0,12463.920230910522,7.0
Super built-up  Area,Iblur Village,3596.0,5.0,0.0,252.0,4.0,7007.786429365962,9.0
Built-up  Area,Sarjapur  Road,1965.0,3.0,3.0,120.0,3.0,6106.8702290076335,6.0
Built-up  Area,Koramangala,1760.0,2.0,0.0,115.0,3.0,6534.090909090909,5.0
Super built-up  Area,Haralur Road,1225.0,2.0,1.0,70.0,2.0,5714.285714285715,4.0
Super built-up  Area,Marathahalli,1075.0,2.0,2.0,52.43,2.0,4877.209302325581,4.0
Built-up  Area,Panathur,1000.0,2.0,1.0,68.0,2.0,6800.0,4.0
Super built-up  Area,Yelahanka,1322.0,2.0,2.0,86.0,2.0,6505.295007564297,4.0
Plot  Area,Other,1095.0,3.0,0.0,215.0,3.0,19634.703196347033,6.0
Built-up  Area,Bellandur,3600.0,4.0,0.0,260.0,4.0,7222.222222222223,8.0
Super built-up  Area,AECS Layout,1045.0,2.0,1.0,36.58,2.0,3500.4784688995214,4.0
Super built-up  Area,Other,1545.0,3.0,3.0,85.0,3.0,5501.6181229773465,6.0
Super built-up  Area,Thanisandra,1996.0,3.0,2.0,135.0,3.0,6763.527054108216,6.0
Super built-up  Area,Brookefield,1125.0,2.0,2.0,70.0,2.0,6222.222222222223,4.0
Super built-up  Area,Mysore Road,1560.0,3.0,1.0,115.0,3.0,7371.794871794872,6.0
Super built-up  Area,Other,2000.0,2.0,2.0,85.0,3.0,4250.0,5.0
Built-up  Area,Murugeshpalya,3100.0,4.0,2.0,310.0,4.0,10000.0,8.0
Built-up  Area,Other,780.0,2.0,1.0,35.0,2.0,4487.179487179487,4.0
Plot  Area,Other,1350.0,2.0,1.0,110.0,2.0,8148.148148148148,4.0
Super built-up  Area,Sarjapur  Road,2275.0,4.0,2.0,180.0,3.0,7912.087912087912,7.0
Super built-up  Area,Other,1350.0,2.0,2.0,41.0,2.0,3037.037037037037,4.0
Super built-up  Area,Haralur Road,1464.0,3.0,3.0,56.0,3.0,3825.136612021858,6.0
Super built-up  Area,Dasanapura,708.0,1.0,0.0,28.32,1.0,4000.0,2.0
Super built-up  Area,Sarjapur  Road,1680.0,3.0,1.0,160.0,3.0,9523.809523809523,6.0
Super built-up  Area,Hoodi,1400.0,2.0,1.0,82.0,2.0,5857.142857142857,4.0
Super built-up  Area,Bellandur,1310.0,2.0,2.0,72.0,2.0,5496.18320610687,4.0
Built-up  Area,BTM Layout,3300.0,6.0,3.0,165.0,6.0,5000.0,12.0
Super built-up  Area,Electronics City Phase 1,1175.0,2.0,1.0,57.0,2.0,4851.063829787234,4.0
Built-up  Area,Chikkalasandra,1428.0,2.0,1.0,80.0,3.0,5602.240896358543,5.0
Super built-up  Area,Whitefield,3252.0,4.0,3.0,280.0,4.0,8610.086100861008,8.0
Super built-up  Area,8th Phase JP Nagar,1080.0,2.0,2.0,35.0,2.0,3240.740740740741,4.0
Super built-up  Area,Other,1200.0,2.0,1.0,68.0,3.0,5666.666666666667,5.0
Plot  Area,Whitefield,1200.0,2.0,1.0,45.0,2.0,3750.0,4.0
Built-up  Area,Bommasandra Industrial Area,1320.0,2.0,1.0,38.13,3.0,2888.636363636364,5.0
Super built-up  Area,Other,1842.0,3.0,2.0,115.0,3.0,6243.213897937025,6.0
Super built-up  Area,Sector 2 HSR Layout,1146.0,2.0,3.0,55.0,2.0,4799.301919720768,4.0
Super built-up  Area,Rachenahalli,440.0,1.0,1.0,28.0,1.0,6363.636363636364,2.0
Super built-up  Area,Sahakara Nagar,1048.0,2.0,3.0,50.0,2.0,4770.992366412213,4.0
Super built-up  Area,Thanisandra,1801.0,3.0,1.0,115.0,3.0,6385.341476957246,6.0
Super built-up  Area,Hennur Road,1232.0,2.0,1.0,69.61,2.0,5650.162337662337,4.0
Super built-up  Area,Whitefield,1150.0,2.0,2.0,90.0,2.0,7826.086956521739,4.0
Super built-up  Area,Talaghattapura,1868.0,3.0,1.0,120.0,3.0,6423.982869379015,6.0
Super built-up  Area,Begur,1445.0,2.0,2.0,47.1,3.0,3259.515570934256,5.0
Super built-up  Area,Hebbal Kempapura,1466.0,2.0,3.0,140.0,3.0,9549.795361527968,5.0
Built-up  Area,Harlur,1730.0,3.0,2.0,100.0,3.0,5780.346820809248,6.0
Super built-up  Area,JP Nagar,3860.0,3.0,2.0,402.0,3.0,10414.507772020725,6.0
Super built-up  Area,Somasundara Palya,1185.0,2.0,3.0,70.0,2.0,5907.172995780591,4.0
Built-up  Area,Yeshwanthpur,3027.0,4.0,3.0,260.0,3.0,8589.362405021473,7.0
Built-up  Area,Whitefield,2400.0,4.0,3.0,147.0,4.0,6125.0,8.0
Built-up  Area,Kaval Byrasandra,1185.0,2.0,1.0,49.0,2.0,4135.021097046413,4.0
Super built-up  Area,Other,1150.0,2.0,2.0,49.0,2.0,4260.869565217391,4.0
Plot  Area,Other,2000.0,4.0,2.0,180.0,5.0,9000.0,9.0
Super built-up  Area,Pai Layout,1075.0,2.0,2.0,35.0,2.0,3255.813953488372,4.0
Super built-up  Area,Hebbal,1760.0,3.0,2.0,123.0,3.0,6988.636363636364,6.0
Super built-up  Area,Banashankari,1600.0,2.0,1.0,63.98,2.0,3998.75,4.0
Super built-up  Area,Haralur Road,1000.0,2.0,1.0,78.0,2.0,7800.0,4.0
Super built-up  Area,7th Phase JP Nagar,1215.0,2.0,2.0,90.0,2.0,7407.407407407408,4.0
Super built-up  Area,EPIP Zone,1734.0,3.0,3.0,125.0,3.0,7208.76585928489,6.0
Super built-up  Area,Akshaya Nagar,1280.0,2.0,1.0,60.0,2.0,4687.5,4.0
Super built-up  Area,Rachenahalli,1113.0,2.0,1.0,55.0,2.0,4941.599281221923,4.0
Super built-up  Area,Horamavu Banaswadi,1272.0,2.0,2.0,48.0,2.0,3773.5849056603774,4.0
Built-up  Area,Kereguddadahalli,1240.0,3.0,2.0,41.0,3.0,3306.451612903226,6.0
Super built-up  Area,Yelahanka,1100.0,2.0,1.0,70.0,2.0,6363.636363636364,4.0
Super built-up  Area,Ambalipura,896.0,2.0,1.0,30.13,2.0,3362.723214285714,4.0
Super built-up  Area,Rachenahalli,3657.0,5.0,2.0,220.0,4.0,6015.859994531036,9.0
Super built-up  Area,BTM 2nd Stage,1200.0,2.0,0.0,35.0,2.0,2916.6666666666665,4.0
Built-up  Area,Ramagondanahalli,2800.0,4.0,3.0,155.0,4.0,5535.714285714285,8.0
Built-up  Area,Ambalipura,3500.0,3.0,2.0,198.0,3.0,5657.142857142857,6.0
Built-up  Area,Ramamurthy Nagar,3600.0,3.0,2.0,150.0,3.0,4166.666666666667,6.0
Built-up  Area,Sarjapur,1500.0,2.0,2.0,30.0,2.0,2000.0,4.0
Super built-up  Area,Other,1096.0,2.0,2.0,48.0,2.0,4379.56204379562,4.0
Super built-up  Area,Other,1094.0,2.0,1.0,44.0,2.0,4021.9378427787933,4.0
Super built-up  Area,Other,1100.0,2.0,2.0,49.0,2.0,4454.545454545455,4.0
Super built-up  Area,Iblur Village,2987.5,5.0,0.0,191.0,4.0,6393.305439330544,9.0
Super built-up  Area,Koramangala,2503.0,6.0,2.0,325.0,4.0,12984.418697562924,10.0
Super built-up  Area,Nagarbhavi,1145.0,2.0,2.0,40.0,2.0,3493.4497816593885,4.0
Super built-up  Area,Rachenahalli,1550.0,3.0,2.0,74.5,3.0,4806.451612903225,6.0
Super built-up  Area,Seegehalli,1830.0,4.0,2.0,82.0,3.0,4480.87431693989,7.0
Super built-up  Area,Hoodi,1746.0,3.0,3.0,84.95,3.0,4865.406643757159,6.0
Built-up  Area,Other,1280.0,4.0,1.0,115.0,4.0,8984.375,8.0
Super built-up  Area,Kengeri,918.0,2.0,1.0,27.54,2.0,3000.0,4.0
Super built-up  Area,Chandapura,645.0,1.0,1.0,16.45,1.0,2550.3875968992247,2.0
Super built-up  Area,Banashankari Stage III,1305.0,2.0,1.0,60.0,3.0,4597.701149425287,5.0
Super built-up  Area,Thigalarapalya,1207.0,2.0,2.0,62.0,2.0,5136.702568351284,4.0
Built-up  Area,Thanisandra,1678.0,3.0,2.0,125.0,3.0,7449.344457687724,6.0
Super built-up  Area,Kaggalipura,950.0,2.0,1.0,50.0,2.0,5263.1578947368425,4.0
Super built-up  Area,Electronic City,1070.0,2.0,1.0,55.0,2.0,5140.186915887851,4.0
Super built-up  Area,Ardendale,1732.46,3.0,2.0,92.0,3.0,5310.367916142364,6.0
Super built-up  Area,Attibele,1639.0,2.0,1.0,40.98,3.0,2500.305064063453,5.0
Super built-up  Area,Marathahalli,1360.0,2.0,1.0,103.0,2.0,7573.529411764706,4.0
Plot  Area,Malleshpalya,2592.0,4.0,2.0,250.0,4.0,9645.061728395061,8.0
Plot  Area,Other,4470.0,3.0,2.0,700.0,3.0,15659.955257270694,6.0
Super built-up  Area,Lakshminarayana Pura,1656.0,3.0,2.0,150.0,3.0,9057.971014492754,6.0
Super built-up  Area,Sarjapur  Road,985.0,2.0,1.0,49.0,2.0,4974.619289340101,4.0
Super built-up  Area,Dodda Nekkundi,1999.0,3.0,2.0,135.0,3.0,6753.376688344172,6.0
Super built-up  Area,7th Phase JP Nagar,1050.0,2.0,1.0,75.0,2.0,7142.857142857143,4.0
Super built-up  Area,Whitefield,1440.0,2.0,2.0,64.0,3.0,4444.444444444444,5.0
Super built-up  Area,Basavangudi,1600.0,2.0,2.0,160.0,3.0,10000.0,5.0
Super built-up  Area,Ramagondanahalli,1253.0,2.0,1.0,52.66,2.0,4202.713487629689,4.0
Plot  Area,Other,1200.0,3.0,0.0,85.0,3.0,7083.333333333333,6.0
Super built-up  Area,Padmanabhanagar,1360.0,2.0,3.0,75.0,3.0,5514.705882352941,5.0
Super built-up  Area,Other,1086.0,2.0,1.0,47.5,2.0,4373.848987108656,4.0
Super built-up  Area,Other,1655.0,3.0,2.0,155.0,3.0,9365.558912386707,6.0
Plot  Area,Old Madras Road,2600.0,4.0,2.0,260.0,4.0,10000.0,8.0
Super built-up  Area,Sarjapur  Road,1418.0,2.0,2.0,78.0,2.0,5500.705218617772,4.0
Super built-up  Area,Kalena Agrahara,1270.0,2.0,2.0,100.0,2.0,7874.0157480314965,4.0
Super built-up  Area,Other,1150.0,2.0,1.0,74.0,2.0,6434.782608695652,4.0
Plot  Area,Ramamurthy Nagar,600.0,3.0,2.0,45.0,2.0,7500.0,5.0
Built-up  Area,Other,1440.0,3.0,2.0,65.8,3.0,4569.444444444444,6.0
Plot  Area,Other,1200.0,2.0,0.0,108.0,3.0,9000.0,5.0
Super built-up  Area,Other,1200.0,2.0,2.0,75.0,2.0,6250.0,4.0
Super built-up  Area,Begur Road,1410.0,2.0,3.0,50.06,3.0,3550.354609929078,5.0
Plot  Area,Chandapura,1200.0,5.0,2.0,92.0,4.0,7666.666666666667,9.0
Built-up  Area,Whitefield,624.0,1.0,1.0,35.0,1.0,5608.974358974359,2.0
Super built-up  Area,Electronic City,1060.0,2.0,1.0,58.0,2.0,5471.698113207547,4.0
Super built-up  Area,Hebbal,3960.0,5.0,3.0,386.0,4.0,9747.474747474747,9.0
Plot  Area,Vidyaranyapura,1200.0,4.0,2.0,175.0,4.0,14583.333333333334,8.0
Built-up  Area,Sarjapur,1917.0,3.0,0.0,60.0,4.0,3129.8904538341158,7.0
Super built-up  Area,KR Puram,950.0,2.0,1.0,40.0,2.0,4210.526315789473,4.0
Plot  Area,Channasandra,3040.0,2.0,1.0,48.0,2.0,1578.9473684210527,4.0
Super built-up  Area,BTM 2nd Stage,1250.0,3.0,1.0,50.0,3.0,4000.0,6.0
Super built-up  Area,Vishwapriya Layout,1235.0,2.0,2.0,60.0,2.0,4858.299595141701,4.0
Super built-up  Area,Budigere,722.0,1.0,0.0,46.0,1.0,6371.191135734072,2.0
Plot  Area,Kanakpura Road,2775.0,3.0,1.0,165.0,4.0,5945.945945945946,7.0
Built-up  Area,Sarjapur  Road,1200.0,2.0,1.0,93.0,2.0,7750.0,4.0
Built-up  Area,Bannerghatta Road,1400.0,3.0,2.0,68.0,3.0,4857.142857142857,6.0
Built-up  Area,Other,1225.0,3.0,3.0,60.0,3.0,4897.959183673469,6.0
Super built-up  Area,Marathahalli,1220.0,2.0,1.0,58.5,2.0,4795.081967213115,4.0
Super built-up  Area,Nagavarapalya,705.0,1.0,1.0,52.5,1.0,7446.808510638298,2.0
Super built-up  Area,Battarahalli,1880.0,3.0,2.0,94.36,3.0,5019.148936170212,6.0
Plot  Area,Yelahanka,1200.0,2.0,1.0,70.0,2.0,5833.333333333333,4.0
Built-up  Area,Other,1550.0,2.0,1.0,60.0,3.0,3870.967741935484,5.0
Super built-up  Area,Lingadheeranahalli,1893.0,3.0,1.0,130.0,3.0,6867.406233491812,6.0
Super built-up  Area,Other,1650.0,3.0,2.0,75.0,3.0,4545.454545454545,6.0
Built-up  Area,Other,1113.0,2.0,2.0,46.0,2.0,4132.973944294699,4.0
Plot  Area,Other,1500.0,2.0,0.0,203.0,2.0,13533.333333333334,4.0
Super built-up  Area,Sarjapur  Road,1586.0,3.0,3.0,70.0,3.0,4413.619167717528,6.0
Plot  Area,Seegehalli,4000.0,3.0,1.0,235.0,3.0,5875.0,6.0
Super built-up  Area,Yelahanka New Town,1541.0,3.0,3.0,80.0,3.0,5191.434133679429,6.0
Super built-up  Area,Haralur Road,1830.0,3.0,2.0,101.0,3.0,5519.12568306011,6.0
Super built-up  Area,Kodigehalli,1200.0,2.0,2.0,48.0,2.0,4000.0,4.0
Plot  Area,Other,1800.0,2.0,0.0,72.0,3.0,4000.0,5.0
Super built-up  Area,Bommasandra,1015.0,2.0,1.0,40.0,2.0,3940.886699507389,4.0
Super built-up  Area,Raja Rajeshwari Nagar,1120.0,2.0,2.0,37.95,2.0,3388.3928571428573,4.0
Super built-up  Area,Hoodi,706.0,1.0,1.0,48.24,1.0,6832.8611898017,2.0
Plot  Area,Other,1350.0,4.0,2.0,85.0,4.0,6296.2962962962965,8.0
Plot  Area,Kanakpura Road,1900.0,3.0,1.0,99.0,3.0,5210.526315789473,6.0
Plot  Area,Harlur,1200.0,4.0,2.0,243.0,4.0,20250.0,8.0
Built-up  Area,Seegehalli,3000.0,5.0,3.0,150.0,4.0,5000.0,9.0
Super built-up  Area,Bisuvanahalli,1075.0,2.0,1.0,42.0,3.0,3906.9767441860463,5.0
Super built-up  Area,Kanakpura Road,1290.0,2.0,3.0,80.0,2.0,6201.550387596899,4.0
Super built-up  Area,Akshaya Nagar,1200.0,2.0,1.0,50.0,2.0,4166.666666666667,4.0
Built-up  Area,Hormavu,1150.0,2.0,1.0,53.11,2.0,4618.260869565217,4.0
Super built-up  Area,Uttarahalli,1360.0,2.0,3.0,61.2,3.0,4500.0,5.0
Carpet  Area,Other,4500.0,9.0,2.0,500.0,9.0,11111.111111111111,18.0
Super built-up  Area,Other,935.0,2.0,1.0,32.73,2.0,3500.5347593582883,4.0
Super built-up  Area,Cox Town,1730.0,3.0,3.0,140.0,3.0,8092.485549132948,6.0
Super built-up  Area,Sarjapur  Road,1260.0,2.0,2.0,53.0,2.0,4206.349206349207,4.0
Plot  Area,Marathahalli,4000.0,4.0,1.0,650.0,4.0,16250.0,8.0
Super built-up  Area,Marathahalli,950.0,2.0,1.0,45.68,2.0,4808.421052631579,4.0
Plot  Area,Other,600.0,3.0,2.0,85.0,2.0,14166.666666666666,5.0
Built-up  Area,Other,2500.0,5.0,2.0,120.0,5.0,4800.0,10.0
Super built-up  Area,Hegde Nagar,3216.0,5.0,2.0,300.0,4.0,9328.358208955224,9.0
Super built-up  Area,Budigere,1991.0,4.0,2.0,88.0,3.0,4419.889502762431,7.0
Super built-up  Area,Sarjapur  Road,1115.0,2.0,1.0,60.0,2.0,5381.165919282511,4.0
Super built-up  Area,Koramangala,1900.0,3.0,3.0,150.0,3.0,7894.736842105263,6.0
Super built-up  Area,Whitefield,1109.0,2.0,1.0,41.49,2.0,3741.2082957619477,4.0
Super built-up  Area,Rajiv Nagar,2340.0,5.0,1.0,129.0,4.0,5512.820512820513,9.0
Plot  Area,Whitefield,4356.0,5.0,1.0,850.0,4.0,19513.314967860424,9.0
Super built-up  Area,9th Phase JP Nagar,1005.0,2.0,1.0,43.0,2.0,4278.606965174129,4.0
Super built-up  Area,Kengeri,416.0,1.0,1.0,19.5,1.0,4687.5,2.0
Super built-up  Area,1st Phase JP Nagar,1394.0,2.0,1.0,100.0,2.0,7173.601147776184,4.0
Super built-up  Area,Harlur,2138.0,3.0,2.0,110.0,3.0,5144.9953227315245,6.0
Built-up  Area,Other,1550.0,3.0,2.0,160.0,3.0,10322.58064516129,6.0
Super built-up  Area,Nagavarapalya,1300.0,3.0,1.0,80.0,3.0,6153.846153846154,6.0
Super built-up  Area,Thanisandra,1265.0,2.0,2.0,82.0,2.0,6482.213438735178,4.0
Built-up  Area,Other,1140.0,2.0,2.0,52.0,2.0,4561.403508771929,4.0
Carpet  Area,Other,1050.0,2.0,3.0,40.0,2.0,3809.5238095238096,4.0
Built-up  Area,Thanisandra,1100.0,2.0,1.0,48.0,2.0,4363.636363636364,4.0
Super built-up  Area,Varthur,1012.0,2.0,1.0,59.0,2.0,5830.0395256917,4.0
Plot  Area,Varthur,1600.0,4.0,3.0,112.0,4.0,7000.0,8.0
Super built-up  Area,Yelahanka,1326.0,2.0,2.0,57.0,2.0,4298.6425339366515,4.0
Built-up  Area,Hebbal Kempapura,1654.0,2.0,3.0,85.0,3.0,5139.056831922612,5.0
Plot  Area,Other,1705.0,2.0,1.0,290.0,3.0,17008.797653958944,5.0
Super built-up  Area,Chikkalasandra,1070.0,2.0,1.0,42.8,2.0,4000.0,4.0
Super built-up  Area,Whitefield,1700.0,3.0,2.0,95.0,3.0,5588.235294117647,6.0
Carpet  Area,Bhoganhalli,910.2,2.0,1.0,80.64,2.0,8859.591298615689,4.0
Super built-up  Area,Kogilu,1140.0,2.0,2.0,50.66,2.0,4443.859649122807,4.0
Plot  Area,Whitefield,4960.0,4.0,3.0,400.0,4.0,8064.5161290322585,8.0
Super built-up  Area,Kanakapura,945.0,2.0,1.0,47.0,2.0,4973.544973544974,4.0
Super built-up  Area,Begur Road,2462.0,6.0,2.0,150.0,4.0,6092.607636068237,10.0
Plot  Area,Giri Nagar,1350.0,3.0,0.0,240.0,3.0,17777.777777777777,6.0
Super built-up  Area,Marathahalli,615.0,1.0,1.0,44.0,1.0,7154.471544715447,2.0
Plot  Area,Ramamurthy Nagar,1110.0,2.0,0.0,65.0,2.0,5855.855855855856,4.0
Super built-up  Area,Haralur Road,575.0,1.0,1.0,88.0,1.0,15304.347826086956,2.0
Super built-up  Area,Electronic City,1025.0,2.0,1.0,54.1,2.0,5278.048780487805,4.0
Built-up  Area,Other,1758.0,3.0,2.0,95.0,3.0,5403.86803185438,6.0
Super built-up  Area,Other,3179.0,5.0,3.0,351.0,4.0,11041.207927021076,9.0
Super built-up  Area,Kaikondrahalli,1342.0,3.0,3.0,92.0,3.0,6855.439642324888,6.0
Super built-up  Area,Kalyan nagar,1800.0,3.0,2.0,85.0,3.0,4722.222222222223,6.0
Built-up  Area,Whitefield,2928.0,4.0,3.0,198.0,4.0,6762.295081967213,8.0
Built-up  Area,Doddathoguru,1140.0,2.0,3.0,32.0,2.0,2807.0175438596493,4.0
Super built-up  Area,Raja Rajeshwari Nagar,1608.0,2.0,2.0,85.0,2.0,5286.0696517412935,4.0
Super built-up  Area,Kadugodi,1645.0,2.0,2.0,82.0,3.0,4984.802431610942,5.0
Super built-up  Area,Ramamurthy Nagar,1410.0,2.0,1.0,56.4,3.0,4000.0,5.0
Super built-up  Area,Harlur,1200.0,2.0,2.0,52.0,2.0,4333.333333333333,4.0
Super built-up  Area,8th Phase JP Nagar,1275.0,2.0,2.0,41.5,3.0,3254.901960784314,5.0
Built-up  Area,Dodda Nekkundi,3800.0,4.0,2.0,600.0,4.0,15789.473684210527,8.0
Super built-up  Area,Other,909.0,2.0,1.0,40.0,3.0,4400.4400440044,5.0
Built-up  Area,Other,1200.0,3.0,0.0,85.0,2.0,7083.333333333333,5.0
Super built-up  Area,Kalyan nagar,1080.0,2.0,2.0,73.0,2.0,6759.259259259259,4.0
Plot  Area,Other,1200.0,2.0,1.0,34.0,2.0,2833.3333333333335,4.0
Super built-up  Area,Akshaya Nagar,1092.0,2.0,1.0,60.0,2.0,5494.505494505494,4.0
Super built-up  Area,Jalahalli,1932.0,4.0,3.0,135.0,3.0,6987.577639751553,7.0
Super built-up  Area,KR Puram,1156.0,2.0,1.0,72.0,2.0,6228.3737024221455,4.0
Super built-up  Area,Bellandur,924.0,2.0,2.0,35.11,2.0,3799.78354978355,4.0
Super built-up  Area,Thubarahalli,1330.0,2.0,1.0,75.0,2.0,5639.097744360903,4.0
Super built-up  Area,Thanisandra,1917.0,4.0,2.0,113.0,3.0,5894.627021387585,7.0
Super built-up  Area,Chandapura,985.0,2.0,1.0,25.12,2.0,2550.253807106599,4.0
Plot  Area,Other,2400.0,6.0,2.0,408.0,6.0,17000.0,12.0
Plot  Area,Other,1800.0,5.0,2.0,500.0,4.0,27777.777777777777,9.0
Plot  Area,Other,1290.0,1.0,0.0,225.0,2.0,17441.86046511628,3.0
Super built-up  Area,Kodigehalli,655.0,1.0,1.0,53.0,1.0,8091.603053435115,2.0
Built-up  Area,Other,1800.0,3.0,3.0,140.0,3.0,7777.777777777777,6.0
Built-up  Area,Margondanahalli,1360.0,2.0,2.0,45.0,4.0,3308.823529411765,6.0
Super built-up  Area,Bellandur,1785.0,3.0,3.0,118.0,3.0,6610.644257703081,6.0
Super built-up  Area,Kadugodi,4000.0,7.0,2.0,130.0,7.0,3250.0,14.0
Super built-up  Area,Hebbal,1645.0,3.0,2.0,120.0,3.0,7294.83282674772,6.0
Super built-up  Area,Gottigere,1235.0,2.0,2.0,63.0,2.0,5101.214574898785,4.0
Plot  Area,Anandapura,900.0,2.0,0.0,48.0,2.0,5333.333333333333,4.0
Super built-up  Area,Thanisandra,662.0,1.0,1.0,42.0,1.0,6344.410876132931,2.0
Super built-up  Area,Whitefield,1215.0,2.0,1.0,62.0,2.0,5102.880658436214,4.0
Super built-up  Area,Sarjapur  Road,1525.0,2.0,2.0,87.0,3.0,5704.918032786885,5.0
Built-up  Area,Other,1000.0,2.0,2.0,48.0,2.0,4800.0,4.0
Super built-up  Area,Hebbal,1255.0,2.0,1.0,90.0,3.0,7171.314741035857,5.0
Super built-up  Area,Mysore Road,1560.0,3.0,2.0,120.0,3.0,7692.307692307692,6.0
Built-up  Area,Kasavanhalli,2100.0,3.0,3.0,110.0,3.0,5238.0952380952385,6.0
Super built-up  Area,Kodichikkanahalli,1620.0,2.0,2.0,85.0,3.0,5246.913580246914,5.0
Super built-up  Area,Marathahalli,1595.0,3.0,2.0,90.0,3.0,5642.633228840125,6.0
Super built-up  Area,Other,1095.0,2.0,2.0,38.52,2.0,3517.8082191780827,4.0
Built-up  Area,9th Phase JP Nagar,835.0,2.0,0.0,37.0,2.0,4431.137724550898,4.0
Super built-up  Area,Hennur Road,2182.0,3.0,2.0,72.04,3.0,3301.5582034830436,6.0
Super built-up  Area,Thigalarapalya,1418.0,2.0,2.0,106.0,2.0,7475.317348377997,4.0
Super built-up  Area,Sanjay nagar,1900.0,2.0,2.0,180.0,3.0,9473.684210526315,5.0
Super built-up  Area,Whitefield,2700.0,5.0,2.0,175.0,3.0,6481.481481481482,8.0
Super built-up  Area,BTM 2nd Stage,1070.0,2.0,1.0,48.0,2.0,4485.981308411215,4.0
Super built-up  Area,Electronics City Phase 1,755.0,1.0,1.0,42.41,1.0,5617.218543046358,2.0
Super built-up  Area,Hebbal,1645.0,3.0,2.0,117.0,3.0,7112.462006079028,6.0
Plot  Area,Sarjapur,2400.0,3.0,2.0,190.0,3.0,7916.666666666667,6.0
Built-up  Area,Other,3900.0,4.0,2.0,333.0,4.0,8538.461538461539,8.0
Plot  Area,Other,2400.0,4.0,2.0,200.0,3.0,8333.333333333334,7.0
Built-up  Area,Electronics City Phase 1,919.0,2.0,0.0,28.0,2.0,3046.789989118607,4.0
Super built-up  Area,Bannerghatta Road,1725.0,3.0,2.0,110.0,3.0,6376.811594202899,6.0
Super built-up  Area,Sarjapur  Road,1346.0,2.0,1.0,71.32,2.0,5298.662704309063,4.0
Built-up  Area,Electronic City Phase II,1070.0,2.0,2.0,45.0,2.0,4205.607476635514,4.0
Super built-up  Area,Begur Road,1225.0,2.0,1.0,35.52,2.0,2899.5918367346944,4.0
Built-up  Area,Neeladri Nagar,640.0,1.0,1.0,20.5,1.0,3203.125,2.0
Super built-up  Area,Chikkalasandra,1310.0,2.0,1.0,52.4,3.0,4000.0,5.0
Super built-up  Area,Kanakapura,1190.0,2.0,2.0,39.0,2.0,3277.3109243697477,4.0
Super built-up  Area,Other,1645.0,3.0,2.0,87.5,3.0,5319.148936170212,6.0
Super built-up  Area,Marathahalli,1350.0,2.0,1.0,89.0,2.0,6592.592592592592,4.0
Super built-up  Area,Vittasandra,1404.0,2.0,1.0,68.8,2.0,4900.284900284901,4.0
Super built-up  Area,Electronic City,1105.0,2.0,1.0,35.0,3.0,3167.420814479638,5.0
Super built-up  Area,Kanakpura Road,900.0,2.0,1.0,41.0,2.0,4555.555555555556,4.0
Plot  Area,Other,1650.0,4.0,3.0,320.0,4.0,19393.939393939392,8.0
Super built-up  Area,Dodda Nekkundi,1100.0,2.0,1.0,41.15,2.0,3740.909090909091,4.0
Built-up  Area,Thanisandra,2100.0,4.0,1.0,95.0,4.0,4523.809523809524,8.0
Super built-up  Area,Thanisandra,1948.0,3.0,2.0,130.0,3.0,6673.511293634497,6.0
Super built-up  Area,Singasandra,1464.0,3.0,2.0,56.0,3.0,3825.136612021858,6.0
Super built-up  Area,Raja Rajeshwari Nagar,1210.0,2.0,2.0,45.0,2.0,3719.00826446281,4.0
Built-up  Area,Yelahanka,4000.0,5.0,2.0,220.0,5.0,5500.0,10.0
Super built-up  Area,Other,1252.0,2.0,2.0,55.0,2.0,4392.97124600639,4.0
Super built-up  Area,Sarjapur  Road,3905.0,7.0,2.0,290.0,5.0,7426.376440460947,12.0
Super built-up  Area,Other,2600.0,3.0,2.0,140.0,3.0,5384.615384615385,6.0
Super built-up  Area,7th Phase JP Nagar,1300.0,3.0,2.0,89.13,3.0,6856.153846153846,6.0
Super built-up  Area,7th Phase JP Nagar,1130.0,2.0,2.0,73.0,2.0,6460.1769911504425,4.0
Plot  Area,Budigere,1200.0,3.0,0.0,135.0,4.0,11250.0,7.0
Built-up  Area,Thanisandra,1690.0,3.0,2.0,125.0,3.0,7396.449704142012,6.0
Built-up  Area,Padmanabhanagar,4500.0,4.0,2.0,360.0,3.0,8000.0,7.0
Super built-up  Area,Other,950.0,2.0,1.0,60.0,2.0,6315.789473684211,4.0
Super built-up  Area,Marathahalli,1020.0,2.0,1.0,57.0,2.0,5588.235294117647,4.0
Built-up  Area,Other,2107.0,4.0,3.0,95.0,4.0,4508.780256288562,8.0
Super built-up  Area,Marathahalli,1735.0,3.0,2.0,72.0,3.0,4149.85590778098,6.0
Built-up  Area,Sarjapur  Road,915.0,2.0,2.0,37.0,2.0,4043.7158469945357,4.0
Super built-up  Area,Other,1450.0,3.0,3.0,68.0,3.0,4689.6551724137935,6.0
Super built-up  Area,Thigalarapalya,2215.0,4.0,2.0,156.0,3.0,7042.889390519187,7.0
Super built-up  Area,Other,2431.0,3.0,1.0,100.0,3.0,4113.533525298231,6.0
Super built-up  Area,Hennur Road,1804.0,3.0,2.0,102.0,3.0,5654.10199556541,6.0
Super built-up  Area,Marathahalli,1600.0,3.0,2.0,88.0,2.0,5500.0,5.0
Super built-up  Area,Uttarahalli,1280.0,2.0,2.0,75.0,2.0,5859.375,4.0
Super built-up  Area,Hebbal,1255.0,3.0,2.0,77.68,3.0,6189.641434262949,6.0
Super built-up  Area,Koramangala,1320.0,2.0,1.0,150.0,2.0,11363.636363636364,4.0
Super built-up  Area,Hoodi,1257.0,2.0,1.0,69.0,2.0,5489.260143198091,4.0
Super built-up  Area,Raja Rajeshwari Nagar,1240.0,2.0,1.0,53.27,2.0,4295.967741935484,4.0
Plot  Area,Other,1200.0,4.0,2.0,240.0,4.0,20000.0,8.0
Plot  Area,Bannerghatta Road,1850.0,6.0,3.0,150.0,6.0,8108.108108108108,12.0
Super built-up  Area,Hulimavu,1255.0,2.0,3.0,66.0,2.0,5258.964143426295,4.0
Super built-up  Area,Ananth Nagar,870.0,2.0,2.0,36.0,2.0,4137.931034482759,4.0
Super built-up  Area,Tumkur Road,1789.0,3.0,2.0,98.0,3.0,5477.920626048071,6.0
Super built-up  Area,Electronic City,660.0,1.0,1.0,18.0,2.0,2727.2727272727275,3.0
Super built-up  Area,Other,1155.0,2.0,3.0,56.0,2.0,4848.484848484848,4.0
Super built-up  Area,R.T. Nagar,1235.0,2.0,2.0,65.0,2.0,5263.1578947368425,4.0
Plot  Area,Yelahanka,2675.0,4.0,2.0,140.0,4.0,5233.644859813084,8.0
Super built-up  Area,CV Raman Nagar,1025.0,2.0,2.0,50.0,2.0,4878.048780487805,4.0
Built-up  Area,Raja Rajeshwari Nagar,1395.0,2.0,2.0,72.0,3.0,5161.290322580645,5.0
Super built-up  Area,Dodda Nekkundi,1252.0,2.0,1.0,71.0,3.0,5670.926517571885,5.0
Super built-up  Area,Hennur Road,1081.0,2.0,1.0,30.27,2.0,2800.1850138760406,4.0
Super built-up  Area,Haralur Road,1255.0,3.0,1.0,130.0,3.0,10358.565737051793,6.0
Super built-up  Area,Ardendale,2062.0,3.0,2.0,150.0,4.0,7274.4907856450045,7.0
Super built-up  Area,Choodasandra,1220.0,3.0,2.0,56.0,3.0,4590.163934426229,6.0
Built-up  Area,Jigani,1408.0,2.0,0.0,55.0,3.0,3906.25,5.0
Super built-up  Area,Bisuvanahalli,1180.0,2.0,1.0,60.0,3.0,5084.745762711865,5.0
Super built-up  Area,Sarjapur  Road,715.0,1.0,2.0,29.0,1.0,4055.944055944056,2.0
Super built-up  Area,Sarjapur  Road,1230.0,2.0,3.0,94.5,2.0,7682.926829268293,4.0
Super built-up  Area,Kaggadasapura,1035.0,2.0,2.0,45.5,2.0,4396.135265700483,4.0
Super built-up  Area,EPIP Zone,3360.0,5.0,0.0,225.0,4.0,6696.428571428572,9.0
Super built-up  Area,Kathriguppe,1300.0,3.0,2.0,77.99,3.0,5999.230769230769,6.0
Super built-up  Area,Kanakpura Road,1100.0,3.0,1.0,52.97,3.0,4815.454545454545,6.0
Super built-up  Area,Whitefield,1216.0,2.0,1.0,84.0,2.0,6907.894736842105,4.0
Super built-up  Area,Other,1450.0,2.0,3.0,62.63,2.0,4319.310344827586,4.0
Super built-up  Area,Nagavarapalya,705.0,1.0,1.0,57.0,1.0,8085.106382978724,2.0
Super built-up  Area,Gottigere,1385.0,3.0,2.0,64.0,3.0,4620.938628158845,6.0
Plot  Area,Anekal,1200.0,2.0,1.0,36.1,2.0,3008.3333333333335,4.0
Super built-up  Area,Electronic City Phase II,1310.0,2.0,1.0,32.75,3.0,2500.0,5.0
Built-up  Area,Sarjapur  Road,1043.0,2.0,1.0,39.5,2.0,3787.152444870566,4.0
Super built-up  Area,Koramangala,1320.0,2.0,2.0,110.0,2.0,8333.333333333334,4.0
Super built-up  Area,Other,1900.0,3.0,2.0,205.0,3.0,10789.473684210527,6.0
Super built-up  Area,Varthur,1140.0,2.0,2.0,39.9,2.0,3500.0,4.0
Built-up  Area,Kadugodi,1100.0,2.0,1.0,45.0,2.0,4090.909090909091,4.0
Super built-up  Area,Hebbal,1586.0,3.0,2.0,90.0,3.0,5674.653215636822,6.0
Built-up  Area,Other,1365.0,3.0,2.0,60.0,2.0,4395.604395604396,5.0
Super built-up  Area,Rajaji Nagar,1263.0,2.0,0.0,107.0,2.0,8471.892319873317,4.0
Super built-up  Area,Begur Road,1565.0,2.0,2.0,59.76,3.0,3818.5303514376997,5.0
Plot  Area,Karuna Nagar,1163.0,3.0,2.0,180.0,3.0,15477.214101461737,6.0
Super built-up  Area,Whitefield,2882.0,5.0,1.0,204.0,4.0,7078.417765440666,9.0
Super built-up  Area,Hennur Road,2320.0,3.0,2.0,170.0,3.0,7327.586206896552,6.0
Built-up  Area,Sarjapur  Road,1750.0,3.0,3.0,99.0,3.0,5657.142857142857,6.0
Super built-up  Area,Kudlu,1143.0,2.0,1.0,55.0,2.0,4811.898512685914,4.0
Super built-up  Area,Hennur Road,1936.0,3.0,1.0,118.0,3.0,6095.0413223140495,6.0
Super built-up  Area,Electronic City,660.0,1.0,1.0,15.0,2.0,2272.7272727272725,3.0
Super built-up  Area,Chandapura,700.0,1.0,1.0,19.0,2.0,2714.285714285714,3.0
Super built-up  Area,Other,1402.0,2.0,2.0,85.0,3.0,6062.767475035664,5.0
Built-up  Area,Hebbal,4640.0,4.0,2.0,600.0,4.0,12931.034482758621,8.0
Super built-up  Area,Electronic City,1000.0,2.0,2.0,41.0,2.0,4100.0,4.0
Super built-up  Area,Gottigere,1000.0,2.0,1.0,35.0,2.0,3500.0,4.0
Super built-up  Area,Kengeri Satellite Town,818.0,2.0,1.0,26.0,2.0,3178.484107579462,4.0
Built-up  Area,Bommenahalli,1680.0,3.0,0.0,135.0,4.0,8035.714285714285,7.0
Super built-up  Area,Kalyan nagar,2422.0,3.0,2.0,150.0,4.0,6193.228736581338,7.0
Super built-up  Area,Indira Nagar,1145.0,2.0,2.0,100.0,2.0,8733.624454148472,4.0
Super built-up  Area,Chandapura,1190.0,2.0,2.0,30.35,3.0,2550.4201680672268,5.0
Super built-up  Area,Sarjapur  Road,1145.0,2.0,1.0,62.0,2.0,5414.847161572053,4.0
Super built-up  Area,Somasundara Palya,1575.0,3.0,3.0,68.0,3.0,4317.460317460317,6.0
Plot  Area,Bannerghatta Road,9000.0,4.0,1.0,390.0,3.0,4333.333333333333,7.0
Super built-up  Area,Thanisandra,1200.0,2.0,2.0,46.0,2.0,3833.3333333333335,4.0
Super built-up  Area,Yelahanka,1500.0,2.0,2.0,63.0,3.0,4200.0,5.0
Built-up  Area,Ramamurthy Nagar,2560.0,4.0,2.0,75.0,4.0,2929.6875,8.0
Super built-up  Area,Kothanur,1583.0,3.0,3.0,76.1,3.0,4807.327858496525,6.0
Super built-up  Area,Kanakpura Road,700.0,2.0,1.0,34.98,2.0,4997.142857142857,4.0
Built-up  Area,Bannerghatta Road,950.0,2.0,0.0,38.0,2.0,4000.0,4.0
Super built-up  Area,Banashankari,1041.0,2.0,1.0,36.44,2.0,3500.480307396734,4.0
Super built-up  Area,Thubarahalli,1085.0,2.0,1.0,70.0,2.0,6451.612903225807,4.0
Super built-up  Area,Anjanapura,1070.0,2.0,2.0,37.0,2.0,3457.9439252336447,4.0
Super built-up  Area,Raja Rajeshwari Nagar,1165.0,2.0,1.0,45.0,2.0,3862.6609442060085,4.0
Built-up  Area,Bommasandra,1000.0,2.0,1.0,35.0,2.0,3500.0,4.0
Super built-up  Area,Horamavu Agara,1169.0,2.0,1.0,64.0,2.0,5474.764756201882,4.0
Super built-up  Area,Whitefield,1840.0,3.0,2.0,140.0,3.0,7608.695652173913,6.0
Built-up  Area,Other,1550.0,3.0,1.0,75.0,3.0,4838.709677419355,6.0
Super built-up  Area,Kaval Byrasandra,997.0,2.0,3.0,53.0,2.0,5315.947843530592,4.0
Built-up  Area,Gunjur,1457.0,2.0,3.0,60.0,2.0,4118.050789293068,4.0
Plot  Area,KR Puram,1000.0,2.0,0.0,60.0,2.0,6000.0,4.0
Plot  Area,Sarjapur  Road,1500.0,3.0,2.0,88.0,3.0,5866.666666666667,6.0
Built-up  Area,Lakshminarayana Pura,1165.0,2.0,2.0,75.0,2.0,6437.768240343347,4.0
Super built-up  Area,Kasavanhalli,1787.0,3.0,2.0,123.0,3.0,6883.044208170118,6.0
Super built-up  Area,Raja Rajeshwari Nagar,1288.0,2.0,1.0,70.0,3.0,5434.782608695652,5.0
Super built-up  Area,Thanisandra,1430.0,2.0,2.0,54.11,3.0,3783.916083916084,5.0
Super built-up  Area,Hulimavu,3035.0,5.0,2.0,271.0,3.0,8929.159802306425,8.0
Super built-up  Area,Doddathoguru,750.0,1.0,1.0,25.5,1.0,3400.0,2.0
Plot  Area,Channasandra,1200.0,3.0,1.0,67.77,3.0,5647.5,6.0
Super built-up  Area,Electronic City,1500.0,2.0,1.0,78.0,3.0,5200.0,5.0
Super built-up  Area,Ambalipura,1230.0,2.0,2.0,66.25,2.0,5386.178861788618,4.0
Super built-up  Area,Marathahalli,780.0,1.0,1.0,55.0,1.0,7051.282051282052,2.0
Built-up  Area,Bannerghatta Road,1220.0,2.0,1.0,80.0,2.0,6557.377049180328,4.0
Super built-up  Area,Kanakpura Road,1110.0,2.0,2.0,43.0,2.0,3873.873873873874,4.0
Super built-up  Area,Other,2100.0,3.0,2.0,240.0,3.0,11428.57142857143,6.0
Super built-up  Area,Akshaya Nagar,1690.0,3.0,2.0,85.0,3.0,5029.585798816568,6.0
Super built-up  Area,Bannerghatta Road,1130.0,2.0,2.0,78.0,2.0,6902.654867256637,4.0
Super built-up  Area,Electronic City,1213.0,2.0,1.0,59.32,2.0,4890.35449299258,4.0
Super built-up  Area,Kengeri,900.0,2.0,2.0,45.0,2.0,5000.0,4.0
Super built-up  Area,Panathur,1199.0,2.0,1.0,85.0,2.0,7089.241034195163,4.0
Plot  Area,Other,5000.0,4.0,2.0,290.0,4.0,5800.0,8.0
Super built-up  Area,Uttarahalli,661.0,1.0,1.0,36.0,1.0,5446.293494704993,2.0
Super built-up  Area,Other,1804.0,2.0,1.0,285.0,2.0,15798.226164079822,4.0
Super built-up  Area,Marathahalli,1710.0,3.0,2.0,100.0,3.0,5847.953216374269,6.0
Built-up  Area,Kengeri Satellite Town,1030.0,2.0,2.0,50.0,2.0,4854.368932038835,4.0
Super built-up  Area,Marathahalli,1530.0,3.0,2.0,73.5,3.0,4803.921568627451,6.0
Plot  Area,Ramamurthy Nagar,1200.0,2.0,1.0,78.0,2.0,6500.0,4.0
Super built-up  Area,Other,2000.0,3.0,2.0,85.0,3.0,4250.0,6.0
Carpet  Area,Nagarbhavi,300.0,1.0,1.0,20.0,1.0,6666.666666666667,2.0
Super built-up  Area,Green Glen Layout,1751.0,2.0,1.0,115.0,3.0,6567.6756139348945,5.0
Built-up  Area,R.T. Nagar,800.0,1.0,0.0,170.0,2.0,21250.0,3.0
Super built-up  Area,Panathur,1255.0,2.0,2.0,79.0,2.0,6294.820717131474,4.0
Super built-up  Area,Whitefield,1778.0,3.0,2.0,122.0,3.0,6861.6422947131605,6.0
Super built-up  Area,Other,1100.0,2.0,1.0,45.0,2.0,4090.909090909091,4.0
Super built-up  Area,Hennur Road,1480.0,2.0,2.0,65.0,2.0,4391.891891891892,4.0
Super built-up  Area,Marathahalli,1358.0,2.0,1.0,81.0,2.0,5964.653902798233,4.0
Built-up  Area,Electronics City Phase 1,580.0,1.0,1.0,27.0,1.0,4655.172413793103,2.0
Super built-up  Area,Choodasandra,1197.0,2.0,1.0,63.0,2.0,5263.1578947368425,4.0
Plot  Area,HRBR Layout,1200.0,2.0,1.0,170.0,4.0,14166.666666666666,6.0
Super built-up  Area,Lingadheeranahalli,1705.0,3.0,1.0,110.0,3.0,6451.612903225807,6.0
Built-up  Area,Electronic City Phase II,1310.0,2.0,1.0,37.83,3.0,2887.7862595419847,5.0
Super built-up  Area,Hoodi,1132.0,2.0,0.0,67.9,2.0,5998.233215547704,4.0
Plot  Area,Other,1200.0,3.0,0.0,140.0,3.0,11666.666666666666,6.0
Built-up  Area,Other,814.0,2.0,1.0,55.0,2.0,6756.756756756757,4.0
Super built-up  Area,Electronic City,1575.0,3.0,2.0,90.0,3.0,5714.285714285715,6.0
Super built-up  Area,Other,1302.0,2.0,1.0,66.0,2.0,5069.124423963133,4.0
Plot  Area,Sultan Palaya,1800.0,8.0,1.0,175.0,6.0,9722.222222222223,14.0
Super built-up  Area,Hegde Nagar,2006.8,4.0,2.0,196.0,3.0,9766.792904125972,7.0
Built-up  Area,Other,1100.0,2.0,2.0,44.0,2.0,4000.0,4.0
Plot  Area,Other,2400.0,5.0,2.0,400.0,5.0,16666.666666666668,10.0
Super built-up  Area,Other,830.0,2.0,2.0,37.0,2.0,4457.831325301205,4.0
Built-up  Area,Electronic City,435.0,1.0,1.0,19.5,1.0,4482.758620689655,2.0
Super built-up  Area,Other,1590.0,3.0,0.0,120.0,3.0,7547.169811320755,6.0
Built-up  Area,Electronic City Phase II,1140.0,2.0,1.0,33.06,2.0,2900.0,4.0
Super built-up  Area,Kasavanhalli,1090.0,2.0,2.0,59.8,2.0,5486.238532110092,4.0
Super built-up  Area,Thanisandra,1922.0,3.0,3.0,106.0,3.0,5515.088449531738,6.0
Super built-up  Area,Thanisandra,965.0,2.0,1.0,67.0,2.0,6943.00518134715,4.0
Super built-up  Area,Mysore Road,883.0,2.0,1.0,40.95,2.0,4637.5990939977355,4.0
Super built-up  Area,Electronic City Phase II,1089.0,2.0,0.0,32.67,2.0,3000.0,4.0
Super built-up  Area,Babusapalaya,1358.0,2.0,1.0,43.1,3.0,3173.784977908689,5.0
Super built-up  Area,Hoodi,1108.0,2.0,1.0,87.0,2.0,7851.985559566787,4.0
Super built-up  Area,Harlur,1197.0,2.0,1.0,79.0,2.0,6599.832915622389,4.0
Super built-up  Area,Sarjapur  Road,1190.0,2.0,1.0,50.0,2.0,4201.680672268908,4.0
Super built-up  Area,Other,3754.0,6.0,2.0,430.0,4.0,11454.448588172616,10.0
Super built-up  Area,Vijayanagar,1749.0,3.0,1.0,117.0,3.0,6689.536878216123,6.0
Plot  Area,Sarjapur  Road,1750.0,3.0,2.0,215.0,4.0,12285.714285714286,7.0
Super built-up  Area,Kasavanhalli,1691.0,3.0,2.0,104.0,3.0,6150.206978119456,6.0
Built-up  Area,Electronic City,1449.0,3.0,2.0,100.0,3.0,6901.311249137336,6.0
Built-up  Area,Whitefield,1400.0,2.0,1.0,80.0,2.0,5714.285714285715,4.0
Super built-up  Area,Electronic City,1310.0,2.0,1.0,37.83,3.0,2887.7862595419847,5.0
Built-up  Area,Other,1100.0,2.0,1.0,48.0,2.0,4363.636363636364,4.0
Super built-up  Area,Other,1230.0,2.0,2.0,53.51,3.0,4350.40650406504,5.0
Super built-up  Area,Green Glen Layout,1750.0,3.0,2.0,130.0,3.0,7428.571428571428,6.0
Super built-up  Area,7th Phase JP Nagar,1450.0,3.0,2.0,100.0,3.0,6896.551724137931,6.0
Super built-up  Area,Haralur Road,1810.0,3.0,2.0,126.0,3.0,6961.325966850829,6.0
Super built-up  Area,Vittasandra,1246.0,2.0,1.0,62.3,2.0,5000.0,4.0
Super built-up  Area,Brookefield,1420.0,3.0,2.0,85.0,3.0,5985.915492957746,6.0
Super built-up  Area,Old Airport Road,2658.0,5.0,3.0,187.0,4.0,7035.364936042137,9.0
Super built-up  Area,Other,1450.0,2.0,3.0,89.6,3.0,6179.310344827586,5.0
Super built-up  Area,Other,1200.0,4.0,1.0,230.0,4.0,19166.666666666668,8.0
Built-up  Area,Talaghattapura,2254.0,3.0,2.0,170.0,3.0,7542.147293700089,6.0
Super built-up  Area,Kadugodi,1711.0,3.0,3.0,75.0,3.0,4383.4015195791935,6.0
Super built-up  Area,Raja Rajeshwari Nagar,1120.0,2.0,2.0,37.97,2.0,3390.1785714285716,4.0
Super built-up  Area,Kaggalipura,950.0,2.0,1.0,47.0,2.0,4947.368421052632,4.0
Built-up  Area,Basavangudi,1560.0,2.0,2.0,145.0,2.0,9294.871794871795,4.0
Super built-up  Area,Kanakpura Road,1225.0,2.0,2.0,60.0,2.0,4897.959183673469,4.0
Built-up  Area,Other,1340.0,2.0,3.0,77.0,2.0,5746.268656716418,4.0
Super built-up  Area,Sarjapur  Road,1846.0,3.0,3.0,145.0,3.0,7854.821235102925,6.0
Super built-up  Area,Dodda Nekkundi,1155.0,2.0,1.0,46.0,2.0,3982.683982683983,4.0
Super built-up  Area,Balagere,1205.0,2.0,1.0,70.0,2.0,5809.128630705394,4.0
Super built-up  Area,Thanisandra,1140.0,2.0,1.0,36.0,2.0,3157.8947368421054,4.0
Super built-up  Area,Raja Rajeshwari Nagar,1140.0,2.0,2.0,38.65,2.0,3390.3508771929824,4.0
Super built-up  Area,Jalahalli East,1300.0,2.0,1.0,63.0,3.0,4846.153846153846,5.0
Super built-up  Area,Bellandur,1051.0,2.0,2.0,60.0,2.0,5708.848715509039,4.0
Super built-up  Area,Uttarahalli,1134.0,2.0,1.0,45.36,2.0,4000.0,4.0
Super built-up  Area,Kodihalli,2500.0,4.0,1.0,260.0,3.0,10400.0,7.0
Plot  Area,Other,12000.0,9.0,2.0,1900.0,8.0,15833.333333333334,17.0
Built-up  Area,Other,1135.0,2.0,2.0,32.91,2.0,2899.5594713656383,4.0
Built-up  Area,Other,1745.0,3.0,2.0,77.0,3.0,4412.607449856733,6.0
Super built-up  Area,Other,1665.0,3.0,2.0,105.0,3.0,6306.306306306306,6.0
Super built-up  Area,Other,1220.0,2.0,2.0,48.79,2.0,3999.1803278688526,4.0
Super built-up  Area,Kanakpura Road,1868.0,3.0,2.0,113.0,3.0,6049.250535331906,6.0
Plot  Area,Other,2300.0,4.0,2.0,200.0,4.0,8695.652173913044,8.0
Super built-up  Area,Other,1210.0,2.0,1.0,76.0,2.0,6280.99173553719,4.0
Super built-up  Area,Ambalipura,1351.0,2.0,1.0,77.0,2.0,5699.481865284974,4.0
Super built-up  Area,Hebbal,1636.0,3.0,1.0,119.0,3.0,7273.838630806846,6.0
Plot  Area,R.T. Nagar,2400.0,6.0,1.0,450.0,5.0,18750.0,11.0
Built-up  Area,Attibele,418.0,1.0,1.0,12.0,1.0,2870.813397129187,2.0
Built-up  Area,Kanakpura Road,1339.0,2.0,2.0,62.0,2.0,4630.321135175504,4.0
Super built-up  Area,Bannerghatta,2370.0,4.0,2.0,195.0,3.0,8227.848101265823,7.0
Super built-up  Area,Other,1100.0,2.0,1.0,46.0,2.0,4181.818181818182,4.0
Super built-up  Area,7th Phase JP Nagar,1350.0,3.0,2.0,58.0,3.0,4296.2962962962965,6.0
Super built-up  Area,Marathahalli,1290.0,2.0,2.0,52.0,2.0,4031.0077519379847,4.0
Built-up  Area,Bommasandra Industrial Area,1220.0,2.0,1.0,35.23,3.0,2887.7049180327863,5.0
Super built-up  Area,Sarjapur  Road,1846.0,3.0,2.0,155.0,3.0,8396.533044420368,6.0
Super built-up  Area,Hegde Nagar,1847.0,3.0,2.0,135.0,3.0,7309.1499729290745,6.0
Plot  Area,Whitefield,3100.0,4.0,2.0,350.0,4.0,11290.322580645161,8.0
Super built-up  Area,Hoodi,1430.0,2.0,2.0,110.0,2.0,7692.307692307692,4.0
Plot  Area,Attibele,1350.0,3.0,1.0,85.0,3.0,6296.2962962962965,6.0
Super built-up  Area,Hennur Road,1590.0,3.0,2.0,96.5,3.0,6069.182389937107,6.0
Built-up  Area,Other,1286.0,3.0,1.0,67.0,3.0,5209.9533437014,6.0
Built-up  Area,Other,1141.0,2.0,2.0,40.0,2.0,3505.6967572304998,4.0
Super built-up  Area,Shivaji Nagar,1554.0,3.0,3.0,130.0,2.0,8365.508365508365,5.0
Built-up  Area,Hebbal,3520.0,3.0,3.0,430.0,3.0,12215.90909090909,6.0
Super built-up  Area,Malleshwaram,7500.0,7.0,3.0,1700.0,5.0,22666.666666666668,12.0
Super built-up  Area,Harlur,1749.0,3.0,2.0,112.0,3.0,6403.659233847913,6.0
Plot  Area,Other,2250.0,5.0,1.0,360.0,5.0,16000.0,10.0
Carpet  Area,Other,1140.0,2.0,3.0,45.0,2.0,3947.3684210526317,4.0
Plot  Area,Bommenahalli,1632.0,3.0,1.0,128.0,4.0,7843.137254901961,7.0
Super built-up  Area,Ramamurthy Nagar,1000.0,2.0,1.0,41.0,3.0,4100.0,5.0
Super built-up  Area,Other,1065.0,2.0,1.0,58.0,2.0,5446.0093896713615,4.0
Super built-up  Area,Haralur Road,1520.0,2.0,2.0,96.0,3.0,6315.789473684211,5.0
Super built-up  Area,Bisuvanahalli,1075.0,2.0,1.0,43.0,3.0,4000.0,5.0
Built-up  Area,Gubbalala,1539.0,2.0,2.0,52.36,3.0,3402.2092267706303,5.0
Super built-up  Area,Sector 7 HSR Layout,1342.0,2.0,2.0,115.0,2.0,8569.29955290611,4.0
Super built-up  Area,HBR Layout,1004.0,2.0,1.0,49.0,2.0,4880.478087649402,4.0
Super built-up  Area,Ramagondanahalli,1295.0,2.0,2.0,95.0,2.0,7335.907335907336,4.0
Super built-up  Area,Thanisandra,1098.0,2.0,1.0,74.0,2.0,6739.526411657559,4.0
Super built-up  Area,Kothanur,1070.0,2.0,1.0,45.5,2.0,4252.336448598131,4.0
Super built-up  Area,Hosa Road,1016.0,2.0,2.0,40.0,2.0,3937.0078740157483,4.0
Built-up  Area,Bellandur,1450.0,3.0,1.0,68.0,3.0,4689.6551724137935,6.0
Super built-up  Area,Yelahanka,654.0,1.0,1.0,37.0,1.0,5657.492354740061,2.0
Super built-up  Area,Koramangala,5985.0,4.0,2.0,775.0,4.0,12949.039264828738,8.0
Super built-up  Area,Yelachenahalli,1080.0,2.0,2.0,38.0,2.0,3518.5185185185187,4.0
Super built-up  Area,Vijayanagar,1046.0,2.0,1.0,75.0,2.0,7170.172084130019,4.0
Super built-up  Area,Domlur,1950.0,3.0,3.0,165.0,3.0,8461.538461538461,6.0
Super built-up  Area,Bhoganhalli,1610.0,3.0,1.0,84.53,3.0,5250.310559006211,6.0
Super built-up  Area,Doddakallasandra,2493.0,3.0,2.0,115.0,3.0,4612.916165262735,6.0
Super built-up  Area,Ramagondanahalli,1151.0,2.0,2.0,50.5,2.0,4387.489139878367,4.0
Super built-up  Area,Electronic City,1125.0,2.0,1.0,58.0,2.0,5155.555555555556,4.0
Super built-up  Area,Kammasandra,992.0,2.0,2.0,25.79,2.0,2599.798387096774,4.0
Super built-up  Area,1st Block Jayanagar,1000.0,3.0,2.0,60.0,2.0,6000.0,5.0
Plot  Area,Banashankari Stage II,2400.0,3.0,2.0,510.0,5.0,21250.0,8.0
Super built-up  Area,Bommanahalli,1850.0,3.0,2.0,90.0,3.0,4864.864864864865,6.0
Super built-up  Area,Harlur,1174.0,2.0,1.0,75.0,2.0,6388.415672913117,4.0
Super built-up  Area,Sultan Palaya,1100.0,2.0,1.0,45.0,2.0,4090.909090909091,4.0
Super built-up  Area,Raja Rajeshwari Nagar,1095.0,2.0,1.0,38.33,2.0,3500.4566210045664,4.0
Super built-up  Area,Banashankari,3580.0,3.0,1.0,411.0,3.0,11480.446927374302,6.0
Plot  Area,Choodasandra,900.0,4.0,3.0,155.0,3.0,17222.222222222223,7.0
Super built-up  Area,Other,1082.0,2.0,0.0,42.0,3.0,3881.7005545286506,5.0
Super built-up  Area,Uttarahalli,1350.0,2.0,3.0,47.24,3.0,3499.259259259259,5.0
Super built-up  Area,Kadugodi,1314.0,2.0,2.0,78.0,2.0,5936.07305936073,4.0
Super built-up  Area,Other,1290.0,2.0,3.0,40.63,2.0,3149.6124031007757,4.0
Super built-up  Area,Kaggadasapura,1010.0,2.0,2.0,55.0,2.0,5445.544554455446,4.0
Built-up  Area,Shivaji Nagar,2200.0,2.0,0.0,110.0,2.0,5000.0,4.0
Built-up  Area,Other,1636.0,3.0,2.0,97.0,3.0,5929.095354523228,6.0
Super built-up  Area,9th Phase JP Nagar,1050.0,2.0,2.0,39.0,2.0,3714.285714285714,4.0
Plot  Area,7th Phase JP Nagar,1200.0,2.0,2.0,200.0,2.0,16666.666666666668,4.0
Super built-up  Area,Haralur Road,1520.0,2.0,2.0,125.0,3.0,8223.684210526315,5.0
Super built-up  Area,5th Phase JP Nagar,2500.0,5.0,2.0,110.0,5.0,4400.0,10.0
Super built-up  Area,Sarjapur  Road,1067.0,2.0,1.0,60.0,2.0,5623.242736644798,4.0
Built-up  Area,NRI Layout,1060.0,2.0,2.0,35.0,2.0,3301.8867924528304,4.0
Super built-up  Area,Bommasandra,955.0,2.0,1.0,35.28,2.0,3694.240837696335,4.0
Built-up  Area,Anekal,700.0,1.0,0.0,19.4,2.0,2771.428571428571,3.0
Super built-up  Area,Kanakpura Road,1366.0,2.0,1.0,83.0,2.0,6076.134699853587,4.0
Built-up  Area,Electronic City,1090.0,2.0,2.0,35.03,2.0,3213.761467889908,4.0
Built-up  Area,Jigani,1250.0,3.0,2.0,58.0,3.0,4640.0,6.0
Super built-up  Area,Other,3600.0,4.0,3.0,450.0,4.0,12500.0,8.0
Super built-up  Area,Electronics City Phase 1,950.0,2.0,1.0,33.0,2.0,3473.684210526316,4.0
Super built-up  Area,Indira Nagar,1470.0,2.0,2.0,170.0,2.0,11564.625850340137,4.0
Super built-up  Area,Yelahanka,1250.0,2.0,2.0,40.0,2.0,3200.0,4.0
Super built-up  Area,Other,1494.0,2.0,2.0,94.55,3.0,6328.647925033467,5.0
Built-up  Area,Hennur Road,1445.0,2.0,1.0,105.0,3.0,7266.435986159169,5.0
Super built-up  Area,Vijayanagar,606.0,1.0,1.0,40.0,1.0,6600.660066006601,2.0
Super built-up  Area,Devarachikkanahalli,1170.0,2.0,2.0,40.0,2.0,3418.803418803419,4.0
Super built-up  Area,Koramangala,2461.0,6.0,2.0,353.0,4.0,14343.762698090208,10.0
Super built-up  Area,Marathahalli,1205.0,2.0,1.0,75.0,2.0,6224.066390041494,4.0
Built-up  Area,Rajaji Nagar,660.0,1.0,0.0,75.0,1.0,11363.636363636364,2.0
Super built-up  Area,Dommasandra,1153.0,2.0,2.0,43.5,2.0,3772.7666955767563,4.0
Plot  Area,OMBR Layout,2400.0,5.0,3.0,275.0,5.0,11458.333333333334,10.0
Super built-up  Area,Old Madras Road,4500.0,7.0,3.0,294.0,5.0,6533.333333333333,12.0
Super built-up  Area,Vijayanagar,1200.0,2.0,2.0,62.0,2.0,5166.666666666667,4.0
Built-up  Area,Other,1450.0,3.0,3.0,42.0,3.0,2896.551724137931,6.0
Super built-up  Area,Budigere,1139.0,2.0,2.0,60.0,2.0,5267.778753292362,4.0
Super built-up  Area,Green Glen Layout,1530.0,3.0,2.0,105.0,3.0,6862.745098039216,6.0
Super built-up  Area,Electronic City,1575.0,3.0,3.0,101.0,3.0,6412.6984126984125,6.0
Super built-up  Area,Whitefield,650.0,1.0,1.0,25.0,1.0,3846.153846153846,2.0
Super built-up  Area,Other,1120.0,2.0,2.0,40.0,2.0,3571.4285714285716,4.0
Super built-up  Area,Akshaya Nagar,1700.0,3.0,1.0,80.0,3.0,4705.882352941177,6.0
Super built-up  Area,Varthur,1090.0,2.0,2.0,48.0,2.0,4403.6697247706425,4.0
Super built-up  Area,Akshaya Nagar,1897.0,4.0,2.0,93.0,3.0,4902.477596204533,7.0
Plot  Area,Other,1200.0,3.0,2.0,72.0,3.0,6000.0,6.0
Super built-up  Area,Kanakpura Road,700.0,2.0,1.0,40.0,2.0,5714.285714285715,4.0
Super built-up  Area,Thanisandra,1437.0,2.0,1.0,71.13,2.0,4949.895615866389,4.0
Super built-up  Area,Ambedkar Nagar,1856.0,3.0,1.0,120.0,3.0,6465.517241379311,6.0
Plot  Area,Other,1500.0,2.0,0.0,65.0,3.0,4333.333333333333,5.0
Super built-up  Area,Hennur Road,1036.0,2.0,1.0,59.45,2.0,5738.416988416989,4.0
Super built-up  Area,Other,3000.0,8.0,2.0,90.0,6.0,3000.0,14.0
Super built-up  Area,Mico Layout,1125.0,2.0,2.0,40.0,2.0,3555.5555555555557,4.0
Super built-up  Area,Uttarahalli,1320.0,2.0,3.0,55.44,3.0,4200.0,5.0
Super built-up  Area,Malleshwaram,2215.0,4.0,1.0,310.0,3.0,13995.48532731377,7.0
Super built-up  Area,Electronic City,660.0,1.0,1.0,16.0,2.0,2424.242424242424,3.0
Super built-up  Area,Marathahalli,1730.0,3.0,3.0,110.0,3.0,6358.381502890174,6.0
Super built-up  Area,Talaghattapura,1804.0,3.0,1.0,115.0,3.0,6374.7228381374725,6.0
Super built-up  Area,Thanisandra,1795.0,3.0,2.0,140.0,3.0,7799.442896935933,6.0
Super built-up  Area,7th Phase JP Nagar,1050.0,2.0,1.0,50.0,2.0,4761.9047619047615,4.0
Super built-up  Area,Dasarahalli,2100.0,3.0,3.0,120.0,3.0,5714.285714285715,6.0
Built-up  Area,Rayasandra,1199.0,2.0,1.0,48.5,3.0,4045.0375312760634,5.0
Plot  Area,Other,1350.0,2.0,2.0,280.0,3.0,20740.74074074074,5.0
Super built-up  Area,Other,1100.0,2.0,2.0,47.0,2.0,4272.727272727273,4.0
Plot  Area,Other,1000.0,1.0,1.0,75.0,2.0,7500.0,3.0
Super built-up  Area,Kanakapura,1254.0,2.0,2.0,70.0,3.0,5582.13716108453,5.0
Built-up  Area,Electronics City Phase 1,940.0,2.0,2.0,49.0,2.0,5212.765957446809,4.0
Built-up  Area,BTM 2nd Stage,1280.0,2.0,2.0,80.0,2.0,6250.0,4.0
Super built-up  Area,Whitefield,2155.0,3.0,3.0,125.0,4.0,5800.46403712297,7.0
Built-up  Area,Sarjapur  Road,3200.0,5.0,3.0,140.0,5.0,4375.0,10.0
Super built-up  Area,Kasavanhalli,4260.0,4.0,3.0,272.0,4.0,6384.976525821597,8.0
Super built-up  Area,Hebbal,1255.0,2.0,1.0,95.0,3.0,7569.721115537848,5.0
Super built-up  Area,Other,1388.0,3.0,3.0,69.99,3.0,5042.50720461095,6.0
Built-up  Area,Whitefield,905.0,1.0,1.0,52.0,1.0,5745.85635359116,2.0
Super built-up  Area,Other,1176.0,2.0,2.0,44.0,2.0,3741.496598639456,4.0
Super built-up  Area,Uttarahalli,1390.0,2.0,2.0,61.16,3.0,4400.0,5.0
Plot  Area,Giri Nagar,2400.0,4.0,2.0,400.0,4.0,16666.666666666668,8.0
Super built-up  Area,Sahakara Nagar,1160.0,2.0,1.0,55.0,2.0,4741.379310344828,4.0
Super built-up  Area,Seegehalli,2800.0,4.0,3.0,140.0,4.0,5000.0,8.0
Plot  Area,5th Block Hbr Layout,1200.0,4.0,2.0,205.0,4.0,17083.333333333332,8.0
Super built-up  Area,Marathahalli,1583.0,3.0,3.0,115.0,3.0,7264.687302590019,6.0
Super built-up  Area,Jigani,1252.0,3.0,2.0,63.0,3.0,5031.948881789137,6.0
Built-up  Area,Bannerghatta Road,1350.0,2.0,2.0,51.0,3.0,3777.777777777778,5.0
Super built-up  Area,Gottigere,1075.0,2.0,2.0,30.0,2.0,2790.6976744186045,4.0
Built-up  Area,Hosa Road,972.0,2.0,2.0,40.0,2.0,4115.22633744856,4.0
Super built-up  Area,Bannerghatta Road,1486.0,3.0,1.0,83.22,3.0,5600.269179004038,6.0
Plot  Area,Other,4830.0,5.0,1.0,390.0,4.0,8074.534161490683,9.0
Built-up  Area,Other,850.0,2.0,1.0,75.0,2.0,8823.529411764706,4.0
Super built-up  Area,Binny Pete,1282.0,3.0,2.0,178.0,3.0,13884.555382215289,6.0
Super built-up  Area,Sarjapur  Road,2383.0,5.0,1.0,215.0,4.0,9022.24087284935,9.0
Carpet  Area,Other,1103.0,2.0,1.0,55.0,2.0,4986.400725294651,4.0
Super built-up  Area,Rayasandra,1577.0,3.0,2.0,67.0,3.0,4248.57324032974,6.0
Built-up  Area,Yelahanka,1465.0,3.0,2.0,80.01,3.0,5461.433447098977,6.0
Built-up  Area,Other,1600.0,3.0,1.0,64.0,3.0,4000.0,6.0
Built-up  Area,Uttarahalli,1090.0,2.0,2.0,45.0,2.0,4128.440366972477,4.0
Super built-up  Area,Yelahanka,1721.0,3.0,3.0,80.86,3.0,4698.4311446833235,6.0
Built-up  Area,Other,1100.0,2.0,1.0,55.0,2.0,5000.0,4.0
Super built-up  Area,Varthur,1450.0,3.0,2.0,71.0,3.0,4896.551724137931,6.0
Super built-up  Area,Battarahalli,1071.0,2.0,1.0,62.0,2.0,5788.9822595704945,4.0
Super built-up  Area,Old Madras Road,2266.0,3.0,2.0,169.0,3.0,7458.075904677847,6.0
Super built-up  Area,Other,2065.0,3.0,2.0,130.0,3.0,6295.399515738499,6.0
Built-up  Area,Kanakpura Road,1800.0,3.0,2.0,90.0,3.0,5000.0,6.0
Built-up  Area,Other,1150.0,2.0,2.0,125.0,2.0,10869.565217391304,4.0
Super built-up  Area,Hormavu,1123.0,2.0,1.0,56.0,2.0,4986.642920747997,4.0
Super built-up  Area,Akshaya Nagar,1884.0,3.0,3.0,98.0,3.0,5201.698513800425,6.0
Super built-up  Area,Lakshminarayana Pura,1145.0,2.0,1.0,75.0,2.0,6550.218340611354,4.0
Super built-up  Area,Hebbal,1328.0,2.0,2.0,60.0,3.0,4518.0722891566265,5.0
Super built-up  Area,Subramanyapura,950.0,2.0,1.0,55.0,2.0,5789.473684210527,4.0
Super built-up  Area,Other,1250.0,2.0,2.0,59.0,2.0,4720.0,4.0
Built-up  Area,Other,1115.0,2.0,0.0,46.0,2.0,4125.5605381165915,4.0
Super built-up  Area,Gollarapalya Hosahalli,1318.0,3.0,1.0,54.0,3.0,4097.11684370258,6.0
Built-up  Area,JP Nagar,3300.0,4.0,3.0,160.0,3.0,4848.484848484848,7.0
Super built-up  Area,Kalyan nagar,1280.0,2.0,1.0,48.0,2.0,3750.0,4.0
Super built-up  Area,Whitefield,1230.0,2.0,2.0,59.0,2.0,4796.747967479675,4.0
Super built-up  Area,Raja Rajeshwari Nagar,1420.0,2.0,2.0,60.0,3.0,4225.352112676056,5.0
Built-up  Area,Kasavanhalli,2111.0,4.0,3.0,120.0,3.0,5684.509711037423,7.0
Super built-up  Area,Vidyaranyapura,1100.0,2.0,1.0,54.0,2.0,4909.090909090909,4.0
Super built-up  Area,Harlur,1750.0,3.0,2.0,136.0,3.0,7771.428571428572,6.0
Built-up  Area,Other,2550.0,4.0,2.0,290.0,3.0,11372.549019607843,7.0
Super built-up  Area,Shampura,700.0,1.0,2.0,35.0,2.0,5000.0,3.0
Super built-up  Area,Uttarahalli,1235.0,2.0,3.0,90.0,2.0,7287.44939271255,4.0
Plot  Area,Yeshwanthpur,1200.0,2.0,0.0,63.0,2.0,5250.0,4.0
Super built-up  Area,Kengeri,900.0,2.0,0.0,30.0,2.0,3333.3333333333335,4.0
Super built-up  Area,Thanisandra,1146.0,2.0,1.0,38.0,2.0,3315.8813263525303,4.0
Plot  Area,Yeshwanthpur,1200.0,4.0,1.0,110.0,4.0,9166.666666666666,8.0
Super built-up  Area,Banashankari,2400.0,1.0,1.0,200.0,1.0,8333.333333333334,2.0
Built-up  Area,Devarachikkanahalli,615.0,1.0,1.0,24.0,1.0,3902.439024390244,2.0
Super built-up  Area,Mysore Road,1070.0,2.0,1.0,49.65,2.0,4640.186915887851,4.0
Plot  Area,Rajaji Nagar,1538.0,5.0,2.0,300.0,5.0,19505.85175552666,10.0
Super built-up  Area,Poorna Pragna Layout,1355.0,2.0,3.0,58.25,3.0,4298.89298892989,5.0
Built-up  Area,Other,3080.0,2.0,1.0,285.0,4.0,9253.246753246753,6.0
Super built-up  Area,Kundalahalli,1800.0,3.0,3.0,80.0,3.0,4444.444444444444,6.0
Built-up  Area,Begur Road,1400.0,2.0,3.0,50.06,3.0,3575.714285714286,5.0
Super built-up  Area,Uttarahalli,1123.0,2.0,1.0,48.0,2.0,4274.2653606411395,4.0
Plot  Area,Konanakunte,1200.0,2.0,1.0,130.0,4.0,10833.333333333334,6.0
Built-up  Area,Kengeri,787.0,2.0,1.0,31.0,2.0,3939.0088945362136,4.0
Super built-up  Area,Kambipura,1082.0,2.0,1.0,45.0,3.0,4158.964879852126,5.0
Super built-up  Area,Seegehalli,1096.0,2.0,1.0,41.0,2.0,3740.875912408759,4.0
Plot  Area,R.T. Nagar,1140.0,3.0,1.0,130.0,3.0,11403.508771929824,6.0
Carpet  Area,Other,1130.0,2.0,1.0,52.0,2.0,4601.769911504425,4.0
Built-up  Area,Electronic City,550.0,1.0,1.0,12.0,1.0,2181.818181818182,2.0
Super built-up  Area,Mahadevpura,1058.0,2.0,2.0,85.0,2.0,8034.026465028355,4.0
Built-up  Area,Hebbal,1269.0,2.0,1.0,73.0,3.0,5752.561071710008,5.0
Plot  Area,Prithvi Layout,946.0,3.0,2.0,140.0,3.0,14799.154334038056,6.0
Super built-up  Area,Other,3400.0,6.0,2.0,420.0,4.0,12352.941176470587,10.0
Super built-up  Area,Kanakpura Road,2689.0,6.0,2.0,245.0,4.0,9111.193752324285,10.0
Super built-up  Area,Hennur Road,1976.0,3.0,3.0,65.21,3.0,3300.101214574898,6.0
Super built-up  Area,Kothanur,1820.0,3.0,3.0,77.0,3.0,4230.7692307692305,6.0
Super built-up  Area,Uttarahalli,1329.0,2.0,1.0,56.0,3.0,4213.694507148231,5.0
Super built-up  Area,Kathriguppe,1350.0,2.0,1.0,80.99,3.0,5999.259259259258,5.0
Plot  Area,Nagarbhavi,1250.0,3.0,0.0,175.0,4.0,14000.0,7.0
Super built-up  Area,Kanakpura Road,1339.0,2.0,2.0,71.5,2.0,5339.805825242718,4.0
Super built-up  Area,Uttarahalli,938.0,2.0,0.0,35.0,2.0,3731.3432835820895,4.0
Super built-up  Area,Other,450.0,1.0,1.0,25.0,1.0,5555.555555555556,2.0
Built-up  Area,BTM 2nd Stage,1100.0,2.0,2.0,70.0,2.0,6363.636363636364,4.0
Super built-up  Area,Yelahanka,1060.0,2.0,1.0,40.0,2.0,3773.5849056603774,4.0
Super built-up  Area,Whitefield,1125.0,2.0,2.0,40.0,2.0,3555.5555555555557,4.0
Built-up  Area,Whitefield,810.0,1.0,0.0,21.0,1.0,2592.5925925925926,2.0
Super built-up  Area,Bellandur,1060.0,2.0,1.0,65.0,2.0,6132.075471698113,4.0
Plot  Area,Anandapura,1749.0,4.0,0.0,90.0,4.0,5145.797598627787,8.0
Super built-up  Area,Sahakara Nagar,1200.0,2.0,2.0,75.0,3.0,6250.0,5.0
Super built-up  Area,Other,1100.0,2.0,1.0,85.0,2.0,7727.272727272727,4.0
Super built-up  Area,Rachenahalli,680.0,1.0,0.0,32.64,1.0,4800.0,2.0
Plot  Area,Gunjur,6613.0,7.0,2.0,950.0,5.0,14365.643429608348,12.0
Super built-up  Area,Hoodi,1925.0,3.0,3.0,110.0,3.0,5714.285714285715,6.0
Built-up  Area,Kengeri,502.0,1.0,1.0,25.0,1.0,4980.0796812749,2.0
Built-up  Area,Bommenahalli,3339.0,3.0,0.0,250.0,3.0,7487.271638215035,6.0
Built-up  Area,Begur,1475.0,2.0,2.0,74.0,3.0,5016.949152542373,5.0
Super built-up  Area,Other,1550.0,3.0,2.0,258.0,3.0,16645.16129032258,6.0
Super built-up  Area,Other,966.0,2.0,1.0,49.0,2.0,5072.463768115942,4.0
Super built-up  Area,Haralur Road,1300.0,2.0,2.0,75.0,2.0,5769.2307692307695,4.0
Plot  Area,Other,4400.0,4.0,1.0,350.0,5.0,7954.545454545455,9.0
Super built-up  Area,Kogilu,1559.0,3.0,2.0,120.0,3.0,7697.2418216805645,6.0
Super built-up  Area,Vittasandra,1246.0,2.0,1.0,63.0,2.0,5056.179775280899,4.0
Plot  Area,Rajaji Nagar,2790.0,3.0,0.0,950.0,3.0,34050.179211469534,6.0
Super built-up  Area,Begur Road,1410.0,2.0,3.0,53.58,3.0,3800.0,5.0
Plot  Area,Varthur Road,1300.0,3.0,0.0,75.0,4.0,5769.2307692307695,7.0
Super built-up  Area,Channasandra,1104.0,2.0,1.0,35.5,2.0,3215.5797101449275,4.0
Built-up  Area,Sultan Palaya,900.0,2.0,2.0,45.0,2.0,5000.0,4.0
Built-up  Area,Other,1550.0,2.0,2.0,79.0,3.0,5096.774193548387,5.0
Super built-up  Area,Kanakpura Road,670.0,1.0,1.0,35.0,1.0,5223.880597014925,2.0
Super built-up  Area,Jakkur,1483.0,2.0,1.0,98.0,2.0,6608.226567768038,4.0
Super built-up  Area,Other,1540.0,2.0,2.0,70.0,3.0,4545.454545454545,5.0
Super built-up  Area,Hennur,1255.0,2.0,1.0,54.5,2.0,4342.629482071713,4.0
Super built-up  Area,Other,1036.0,2.0,2.0,110.0,2.0,10617.760617760618,4.0
Super built-up  Area,Bannerghatta Road,1460.0,2.0,2.0,75.0,3.0,5136.986301369863,5.0
Super built-up  Area,Devarachikkanahalli,1230.0,2.0,1.0,58.0,2.0,4715.447154471544,4.0
Built-up  Area,Kanakpura Road,1340.0,2.0,2.0,60.0,2.0,4477.611940298508,4.0
Built-up  Area,Yelenahalli,1600.0,3.0,3.0,61.37,3.0,3835.625,6.0
Built-up  Area,Hegde Nagar,2162.0,3.0,1.0,200.0,3.0,9250.693802035152,6.0
Super built-up  Area,Electronic City,919.0,2.0,2.0,40.0,2.0,4352.557127312296,4.0
Super built-up  Area,Other,1070.0,2.0,2.0,38.9,2.0,3635.5140186915887,4.0
Super built-up  Area,Hosur Road,1733.0,2.0,3.0,85.0,3.0,4904.789382573572,5.0
Super built-up  Area,Jigani,1221.0,3.0,3.0,72.0,3.0,5896.805896805897,6.0
Super built-up  Area,Other,1041.0,2.0,1.0,36.44,2.0,3500.480307396734,4.0
Built-up  Area,Ambalipura,2550.0,4.0,2.0,149.0,4.0,5843.137254901961,8.0
Built-up  Area,Shampura,1400.0,3.0,1.0,70.0,3.0,5000.0,6.0
Plot  Area,Anjanapura,600.0,2.0,0.0,55.0,1.0,9166.666666666666,3.0
Built-up  Area,Nagarbhavi,710.0,2.0,2.0,40.0,1.0,5633.802816901409,3.0
Super built-up  Area,Electronic City,1500.0,2.0,1.0,78.25,3.0,5216.666666666667,5.0
Super built-up  Area,Thigalarapalya,3122.0,6.0,2.0,237.0,4.0,7591.287636130685,10.0
Super built-up  Area,Akshaya Nagar,2061.0,3.0,3.0,175.0,3.0,8491.02377486657,6.0
Plot  Area,Brookefield,2400.0,5.0,2.0,325.0,5.0,13541.666666666666,10.0
Super built-up  Area,Hebbal,1255.0,2.0,1.0,95.0,3.0,7569.721115537848,5.0
Super built-up  Area,Malleshwaram,2425.0,7.0,3.0,140.0,7.0,5773.19587628866,14.0
Super built-up  Area,Balagere,1210.0,2.0,1.0,74.0,2.0,6115.702479338843,4.0
Super built-up  Area,Anjanapura,950.0,2.0,1.0,40.0,2.0,4210.526315789473,4.0
Plot  Area,Other,1376.0,4.0,1.0,156.0,4.0,11337.209302325582,8.0
Super built-up  Area,Hosa Road,1161.0,2.0,1.0,55.15,2.0,4750.215331610681,4.0
Super built-up  Area,Raja Rajeshwari Nagar,1303.0,2.0,2.0,44.17,2.0,3389.869531849578,4.0
Super built-up  Area,Thigalarapalya,1418.0,2.0,2.0,105.0,2.0,7404.795486600846,4.0
Plot  Area,Kengeri Satellite Town,1200.0,2.0,1.0,65.0,2.0,5416.666666666667,4.0
Super built-up  Area,Basavangudi,1825.0,3.0,2.0,175.0,3.0,9589.04109589041,6.0
Built-up  Area,Bannerghatta Road,1015.0,2.0,0.0,48.0,2.0,4729.064039408867,4.0
Carpet  Area,Other,1150.0,2.0,0.0,60.0,3.0,5217.391304347826,5.0
Super built-up  Area,Singasandra,1010.0,2.0,1.0,40.0,2.0,3960.3960396039606,4.0
Super built-up  Area,Other,1508.0,3.0,1.0,75.0,3.0,4973.474801061008,6.0
Super built-up  Area,7th Phase JP Nagar,1275.0,2.0,1.0,87.0,2.0,6823.529411764706,4.0
Built-up  Area,7th Phase JP Nagar,1460.0,3.0,1.0,70.0,3.0,4794.520547945205,6.0
Super built-up  Area,Old Airport Road,946.0,2.0,2.0,58.0,2.0,6131.0782241014795,4.0
Super built-up  Area,Other,1110.0,2.0,2.0,58.0,2.0,5225.225225225226,4.0
Super built-up  Area,Hennur Road,1832.0,3.0,1.0,125.0,3.0,6823.144104803493,6.0
Super built-up  Area,Hebbal,1088.0,2.0,2.0,61.45,2.0,5647.97794117647,4.0
Super built-up  Area,Thanisandra,1564.0,3.0,1.0,104.0,3.0,6649.616368286445,6.0
Super built-up  Area,Kadugodi,1030.0,2.0,1.0,35.02,2.0,3400.0000000000005,4.0
Super built-up  Area,9th Phase JP Nagar,660.0,2.0,0.0,27.0,2.0,4090.909090909091,4.0
Super built-up  Area,Sarjapur  Road,1700.0,3.0,1.0,95.0,3.0,5588.235294117647,6.0
Super built-up  Area,Panathur,1205.0,2.0,2.0,62.9,2.0,5219.9170124481325,4.0
Super built-up  Area,Other,1950.0,3.0,2.0,90.0,3.0,4615.384615384615,6.0
Super built-up  Area,Other,1080.0,2.0,1.0,62.0,2.0,5740.740740740741,4.0
Built-up  Area,Ardendale,2800.0,4.0,2.0,140.0,4.0,5000.0,8.0
Super built-up  Area,Other,999.0,2.0,1.0,43.66,2.0,4370.37037037037,4.0
Super built-up  Area,Kanakpura Road,1300.0,2.0,1.0,89.76,2.0,6904.615384615385,4.0
Super built-up  Area,HRBR Layout,1265.0,2.0,1.0,78.0,2.0,6166.00790513834,4.0
Built-up  Area,Attibele,1200.0,2.0,2.0,42.0,2.0,3500.0,4.0
Super built-up  Area,Bhoganhalli,1974.0,4.0,0.0,106.0,4.0,5369.807497467072,8.0
Super built-up  Area,Other,1180.0,2.0,2.0,40.0,2.0,3389.830508474576,4.0
Super built-up  Area,Amruthahalli,1350.0,2.0,3.0,63.0,3.0,4666.666666666667,5.0
Super built-up  Area,Kodichikkanahalli,1560.0,2.0,2.0,65.0,3.0,4166.666666666667,5.0
Plot  Area,Other,2800.0,2.0,0.0,650.0,2.0,23214.285714285714,4.0
Super built-up  Area,Hosakerehalli,1085.0,2.0,1.0,41.23,2.0,3799.9999999999995,4.0
Super built-up  Area,Vijayanagar,1300.0,2.0,2.0,75.0,3.0,5769.2307692307695,5.0
Super built-up  Area,Marathahalli,1600.0,3.0,2.0,56.0,3.0,3500.0,6.0
Super built-up  Area,Other,1127.0,2.0,2.0,55.0,2.0,4880.212954747116,4.0
Super built-up  Area,Kengeri Satellite Town,795.0,2.0,2.0,32.0,2.0,4025.1572327044023,4.0
Super built-up  Area,Nagarbhavi,1850.0,3.0,2.0,88.0,3.0,4756.756756756757,6.0
Built-up  Area,Bommasandra Industrial Area,1020.0,2.0,1.0,29.45,2.0,2887.2549019607845,4.0
Built-up  Area,Other,1475.0,2.0,1.0,200.0,3.0,13559.322033898305,5.0
Plot  Area,Other,1200.0,3.0,3.0,96.25,3.0,8020.833333333333,6.0
Super built-up  Area,Uttarahalli,1345.0,2.0,1.0,47.0,3.0,3494.4237918215613,5.0
Super built-up  Area,Kaikondrahalli,849.0,2.0,1.0,25.4,2.0,2991.7550058892816,4.0
Super built-up  Area,Kanakpura Road,1706.0,3.0,2.0,135.0,3.0,7913.24736225088,6.0
Super built-up  Area,Yelahanka,2100.0,4.0,1.0,180.0,4.0,8571.42857142857,8.0
Super built-up  Area,Other,1250.0,2.0,2.0,65.0,3.0,5200.0,5.0
Built-up  Area,Kanakpura Road,1260.0,3.0,3.0,63.58,3.0,5046.0317460317465,6.0
Super built-up  Area,Horamavu Agara,1265.0,2.0,1.0,65.0,3.0,5138.339920948617,5.0
Super built-up  Area,Abbigere,1260.0,2.0,1.0,45.0,3.0,3571.4285714285716,5.0
Super built-up  Area,Jalahalli,1045.0,2.0,1.0,58.0,2.0,5550.239234449761,4.0
Super built-up  Area,Hebbal Kempapura,3895.0,4.0,2.0,495.0,4.0,12708.600770218229,8.0
Super built-up  Area,Rachenahalli,412.5,1.0,0.0,19.8,1.0,4800.0,2.0
Super built-up  Area,Bellandur,1100.0,2.0,3.0,62.0,2.0,5636.363636363636,4.0
Super built-up  Area,Kudlu Gate,1113.0,2.0,1.0,50.0,2.0,4492.36298292902,4.0
Super built-up  Area,Old Airport Road,2774.0,4.0,3.0,208.0,4.0,7498.197548666186,8.0
Built-up  Area,Varthur,1210.0,2.0,1.0,60.0,2.0,4958.677685950413,4.0
Super built-up  Area,Kogilu,700.0,1.0,1.0,30.84,1.0,4405.714285714285,2.0
Super built-up  Area,Kanakpura Road,1155.0,2.0,1.0,55.5,2.0,4805.194805194805,4.0
Super built-up  Area,Hoodi,1132.0,2.0,1.0,89.0,2.0,7862.190812720848,4.0
Super built-up  Area,Hennur Road,1359.0,2.0,2.0,104.0,2.0,7652.685798381162,4.0
Super built-up  Area,Other,2631.0,3.0,2.0,200.0,4.0,7601.672367920943,7.0
Super built-up  Area,Kothanur,1145.0,2.0,2.0,56.0,2.0,4890.829694323144,4.0
Built-up  Area,5th Phase JP Nagar,600.0,1.0,1.0,30.0,1.0,5000.0,2.0
Plot  Area,Laggere,1200.0,1.0,1.0,125.0,1.0,10416.666666666666,2.0
Built-up  Area,Other,830.0,2.0,1.0,60.0,2.0,7228.915662650603,4.0
Super built-up  Area,HSR Layout,1009.0,2.0,2.0,56.0,2.0,5550.049554013875,4.0
Super built-up  Area,Basavangudi,1800.0,3.0,2.0,195.0,3.0,10833.333333333334,6.0
Super built-up  Area,Yelahanka,1226.0,2.0,2.0,52.71,2.0,4299.347471451876,4.0
Super built-up  Area,Other,1500.0,2.0,2.0,88.0,2.0,5866.666666666667,4.0
Super built-up  Area,Electronic City,1363.0,2.0,1.0,79.0,2.0,5796.038151137197,4.0
Built-up  Area,Poorna Pragna Layout,1400.0,2.0,1.0,240.0,3.0,17142.85714285714,5.0
Built-up  Area,Bommasandra Industrial Area,1165.0,2.0,1.0,33.64,2.0,2887.5536480686696,4.0
Built-up  Area,HSR Layout,2792.0,4.0,1.0,220.0,4.0,7879.656160458453,8.0
Built-up  Area,Kammanahalli,700.0,1.0,0.0,59.0,1.0,8428.57142857143,2.0
Super built-up  Area,Kaval Byrasandra,1060.0,2.0,2.0,42.0,2.0,3962.264150943396,4.0
Built-up  Area,Marathahalli,1200.0,2.0,1.0,67.0,2.0,5583.333333333333,4.0
Built-up  Area,Other,1518.0,3.0,2.0,76.0,3.0,5006.587615283267,6.0
Built-up  Area,Other,1495.0,2.0,2.0,75.0,3.0,5016.722408026756,5.0
Built-up  Area,Sanjay nagar,1575.0,2.0,2.0,90.0,2.0,5714.285714285715,4.0
Built-up  Area,Rajaji Nagar,1440.0,2.0,2.0,170.0,2.0,11805.555555555555,4.0
Super built-up  Area,Kasavanhalli,1545.0,3.0,1.0,69.0,3.0,4466.019417475728,6.0
Built-up  Area,Kengeri,1470.0,3.0,3.0,50.0,3.0,3401.360544217687,6.0
Super built-up  Area,Cooke Town,1500.0,3.0,3.0,95.0,3.0,6333.333333333333,6.0
Built-up  Area,BTM Layout,1450.0,2.0,2.0,81.0,3.0,5586.206896551724,5.0
Super built-up  Area,Hosur Road,1179.0,2.0,1.0,49.0,2.0,4156.064461407973,4.0
Super built-up  Area,7th Phase JP Nagar,1650.0,3.0,2.0,110.0,3.0,6666.666666666667,6.0
Super built-up  Area,Chandapura,1095.0,2.0,2.0,32.0,3.0,2922.3744292237443,5.0
Built-up  Area,Other,856.0,2.0,1.0,48.0,2.0,5607.476635514019,4.0
Super built-up  Area,Other,1143.0,2.0,1.0,62.0,2.0,5424.321959755031,4.0
Super built-up  Area,Hebbal,1349.0,2.0,1.0,97.8,2.0,7249.814677538918,4.0
Built-up  Area,Anjanapura,1280.0,2.0,2.0,45.0,3.0,3515.625,5.0
Super built-up  Area,Malleshwaram,480.0,1.0,1.0,60.0,1.0,12500.0,2.0
Super built-up  Area,Whitefield,1216.0,2.0,1.0,69.06,2.0,5679.276315789473,4.0
Super built-up  Area,Malleshwaram,1290.0,2.0,1.0,120.0,2.0,9302.32558139535,4.0
Super built-up  Area,Electronic City,1156.0,2.0,2.0,42.0,2.0,3633.2179930795846,4.0
Super built-up  Area,Thanisandra,1230.0,2.0,2.0,44.0,2.0,3577.2357723577234,4.0
Super built-up  Area,Other,1070.0,2.0,2.0,33.15,2.0,3098.1308411214955,4.0
Super built-up  Area,Ramagondanahalli,1235.0,2.0,1.0,49.3,2.0,3991.902834008097,4.0
Built-up  Area,Other,1117.0,2.0,1.0,110.0,2.0,9847.806624888093,4.0
Super built-up  Area,Kundalahalli,1724.0,3.0,2.0,124.0,3.0,7192.5754060324825,6.0
Plot  Area,Jalahalli,1200.0,4.0,0.0,90.0,4.0,7500.0,8.0
Super built-up  Area,Other,600.0,1.0,1.0,43.0,1.0,7166.666666666667,2.0
Super built-up  Area,KR Puram,1930.0,2.0,2.0,57.9,3.0,3000.0,5.0
Super built-up  Area,Whitefield,1216.0,2.0,1.0,75.0,2.0,6167.763157894737,4.0
Built-up  Area,KR Puram,1452.0,3.0,3.0,60.0,3.0,4132.231404958678,6.0
Super built-up  Area,Whitefield,1355.0,2.0,3.0,78.0,2.0,5756.457564575646,4.0
Built-up  Area,Other,7500.0,4.0,2.0,425.0,4.0,5666.666666666667,8.0
Super built-up  Area,Sarjapur  Road,2145.0,3.0,3.0,190.0,3.0,8857.808857808857,6.0
Super built-up  Area,Bommanahalli,957.0,2.0,1.0,53.0,2.0,5538.1400208986415,4.0
Built-up  Area,Other,925.0,2.0,2.0,48.0,2.0,5189.189189189189,4.0
Super built-up  Area,Bellandur,1550.0,2.0,3.0,59.0,2.0,3806.451612903226,4.0
Plot  Area,Yelahanka New Town,4000.0,2.0,1.0,899.0,4.0,22475.0,6.0
Plot  Area,Kanakpura Road,2100.0,3.0,2.0,140.0,3.0,6666.666666666667,6.0
Super built-up  Area,Bannerghatta Road,1115.0,2.0,1.0,61.0,2.0,5470.85201793722,4.0
Super built-up  Area,Yelahanka,1692.0,3.0,2.0,83.0,3.0,4905.437352245863,6.0
Super built-up  Area,Other,1100.0,2.0,2.0,52.0,2.0,4727.272727272727,4.0
Super built-up  Area,Hormavu,1385.0,2.0,2.0,69.0,3.0,4981.949458483755,5.0
Super built-up  Area,Hosa Road,760.0,1.0,1.0,24.9,1.0,3276.315789473684,2.0
Super built-up  Area,Electronics City Phase 1,1335.0,2.0,2.0,67.0,2.0,5018.7265917603,4.0
Super built-up  Area,Bommanahalli,910.0,2.0,1.0,45.0,2.0,4945.054945054945,4.0
Super built-up  Area,Kanakpura Road,1610.0,2.0,2.0,55.0,3.0,3416.1490683229813,5.0
Super built-up  Area,Hennur Road,1341.0,2.0,1.0,75.76,2.0,5649.515287099181,4.0
Plot  Area,Other,1200.0,3.0,0.0,70.0,3.0,5833.333333333333,6.0
Super built-up  Area,Uttarahalli,1285.0,2.0,2.0,44.98,3.0,3500.3891050583657,5.0
Super built-up  Area,HAL 2nd Stage,2100.0,3.0,2.0,252.0,3.0,12000.0,6.0
Super built-up  Area,Yeshwanthpur,1679.0,3.0,2.0,92.13,3.0,5487.194758784991,6.0
Built-up  Area,Other,2675.0,4.0,2.0,290.0,4.0,10841.121495327103,8.0
Built-up  Area,Other,1016.0,2.0,1.0,45.9,2.0,4517.716535433071,4.0
Built-up  Area,Banashankari Stage II,1500.0,2.0,0.0,650.0,4.0,43333.333333333336,6.0
Super built-up  Area,Rajaji Nagar,2448.0,3.0,2.0,400.0,3.0,16339.869281045752,6.0
Super built-up  Area,8th Phase JP Nagar,500.0,1.0,1.0,31.0,1.0,6200.0,2.0
Super built-up  Area,Other,1800.0,3.0,2.0,88.0,3.0,4888.888888888889,6.0
Super built-up  Area,Whitefield,1255.0,2.0,3.0,77.0,2.0,6135.4581673306775,4.0
Super built-up  Area,Hennur Road,1040.0,2.0,2.0,50.0,2.0,4807.692307692308,4.0
Super built-up  Area,Other,1062.0,2.0,2.0,47.0,2.0,4425.612052730697,4.0
Super built-up  Area,Varthur Road,805.5,2.0,0.0,19.33,2.0,2399.7517070142767,4.0
Super built-up  Area,Hosur Road,950.0,2.0,1.0,60.0,2.0,6315.789473684211,4.0
Super built-up  Area,Whitefield,1216.0,2.0,1.0,73.0,2.0,6003.289473684211,4.0
Super built-up  Area,HSR Layout,1300.0,2.0,2.0,98.0,2.0,7538.461538461538,4.0
Super built-up  Area,5th Phase JP Nagar,1390.0,2.0,2.0,65.0,2.0,4676.258992805755,4.0
Super built-up  Area,Yelahanka,1033.0,2.0,1.0,52.58,2.0,5090.0290416263315,4.0
Super built-up  Area,Yelahanka,1390.0,2.0,2.0,65.31,2.0,4698.561151079137,4.0
Super built-up  Area,Jalahalli,1020.0,2.0,1.0,52.0,2.0,5098.0392156862745,4.0
Super built-up  Area,Whitefield,709.0,1.0,0.0,34.735,1.0,4899.153737658674,2.0
Super built-up  Area,Whitefield,1140.0,2.0,2.0,45.0,2.0,3947.3684210526317,4.0
Super built-up  Area,Yeshwanthpur,670.0,1.0,1.0,36.85,1.0,5500.0,2.0
Super built-up  Area,Bhoganhalli,2171.0,4.0,2.0,111.0,4.0,5112.851220635652,8.0
Super built-up  Area,Bannerghatta Road,1136.0,2.0,1.0,48.0,2.0,4225.352112676056,4.0
Built-up  Area,Other,1477.0,2.0,2.0,80.0,3.0,5416.384563303995,5.0
Super built-up  Area,KR Puram,1001.0,2.0,2.0,30.0,2.0,2997.002997002997,4.0
Super built-up  Area,Yelahanka,1040.0,2.0,1.0,48.86,2.0,4698.076923076923,4.0
Super built-up  Area,Garudachar Palya,1060.0,2.0,1.0,48.5,2.0,4575.471698113208,4.0
Super built-up  Area,Sarjapur,1240.0,2.0,1.0,44.3,2.0,3572.5806451612902,4.0
Super built-up  Area,Other,3500.0,5.0,2.0,450.0,4.0,12857.142857142857,9.0
Super built-up  Area,Other,42000.0,8.0,3.0,175.0,9.0,416.6666666666667,17.0
Super built-up  Area,Varthur,1070.0,2.0,2.0,46.0,2.0,4299.065420560748,4.0
Built-up  Area,Electronic City Phase II,1253.0,2.0,1.0,65.8,2.0,5251.3966480446925,4.0
Super built-up  Area,Whitefield,1190.0,2.0,2.0,60.0,2.0,5042.016806722689,4.0
Super built-up  Area,Whitefield,1312.0,2.0,2.0,55.0,2.0,4192.073170731707,4.0
Built-up  Area,KR Puram,750.0,2.0,0.0,40.0,2.0,5333.333333333333,4.0
Built-up  Area,Koramangala,1615.0,3.0,2.0,115.0,3.0,7120.743034055728,6.0
Built-up  Area,Marathahalli,1095.0,2.0,1.0,60.0,2.0,5479.45205479452,4.0
Super built-up  Area,Whitefield,1745.0,3.0,3.0,100.0,3.0,5730.659025787965,6.0
Super built-up  Area,Rachenahalli,1050.0,2.0,2.0,52.5,2.0,5000.0,4.0
Plot  Area,Other,2080.0,4.0,2.0,440.0,4.0,21153.846153846152,8.0
Super built-up  Area,Thanisandra,1220.0,2.0,1.0,44.6,2.0,3655.7377049180327,4.0
Super built-up  Area,Other,1793.0,3.0,2.0,98.0,3.0,5465.699944227552,6.0
Super built-up  Area,Uttarahalli,1100.0,1.0,2.0,45.0,2.0,4090.909090909091,3.0
Super built-up  Area,Yelahanka New Town,1385.0,2.0,3.0,65.0,2.0,4693.140794223827,4.0
Super built-up  Area,Begur Road,1200.0,2.0,2.0,45.0,2.0,3750.0,4.0
Super built-up  Area,Haralur Road,2017.0,2.0,2.0,125.0,3.0,6197.322756569162,5.0
Super built-up  Area,Attibele,400.0,1.0,1.0,10.0,1.0,2500.0,2.0
Super built-up  Area,Bellandur,1400.0,2.0,2.0,44.81,3.0,3200.714285714286,5.0
Super built-up  Area,Other,960.0,2.0,1.0,33.0,2.0,3437.5,4.0
Super built-up  Area,Uttarahalli,1125.0,2.0,1.0,47.0,2.0,4177.777777777777,4.0
Super built-up  Area,Akshaya Nagar,1551.0,2.0,2.0,60.0,3.0,3868.4719535783365,5.0
Built-up  Area,Whitefield,3200.0,4.0,3.0,224.0,4.0,7000.0,8.0
Super built-up  Area,Marathahalli,1060.0,2.0,1.0,48.0,2.0,4528.301886792453,4.0
Super built-up  Area,Bharathi Nagar,1384.0,2.0,2.0,59.0,2.0,4263.005780346821,4.0
Super built-up  Area,Other,620.0,2.0,1.0,23.0,2.0,3709.6774193548385,4.0
Super built-up  Area,Bommasandra,1005.0,2.0,1.0,39.77,2.0,3957.213930348259,4.0
Plot  Area,Sarakki Nagar,1200.0,3.0,2.0,128.0,3.0,10666.666666666666,6.0
Built-up  Area,Other,1400.0,3.0,2.0,35.0,3.0,2500.0,6.0
Super built-up  Area,HSR Layout,2400.0,3.0,3.0,88.0,3.0,3666.6666666666665,6.0
Super built-up  Area,Whitefield,1096.0,2.0,1.0,39.0,2.0,3558.394160583942,4.0
Super built-up  Area,Kaggadasapura,1180.0,1.0,0.0,50.0,2.0,4237.28813559322,3.0
Super built-up  Area,Uttarahalli,1300.0,2.0,1.0,47.0,3.0,3615.3846153846152,5.0
Plot  Area,Other,1020.0,2.0,1.0,62.0,2.0,6078.431372549019,4.0
Plot  Area,Margondanahalli,600.0,2.0,0.0,35.0,2.0,5833.333333333333,4.0
Super built-up  Area,Other,3563.0,6.0,1.0,310.0,4.0,8700.533258490037,10.0
Super built-up  Area,Other,1165.0,2.0,2.0,47.0,2.0,4034.3347639484978,4.0
Super built-up  Area,Bellandur,1685.0,3.0,3.0,100.0,3.0,5934.718100890208,6.0
Super built-up  Area,Balagere,1210.0,2.0,1.0,83.0,2.0,6859.504132231405,4.0
Super built-up  Area,Kammasandra,1030.0,1.0,2.0,25.75,2.0,2500.0,3.0
Built-up  Area,Other,1100.0,2.0,2.0,43.5,2.0,3954.5454545454545,4.0
Super built-up  Area,Jakkur,1482.0,3.0,2.0,86.0,3.0,5802.968960863698,6.0
Super built-up  Area,Hebbal,1344.0,2.0,1.0,108.0,2.0,8035.714285714285,4.0
Super built-up  Area,Kothannur,1275.0,2.0,2.0,39.8,3.0,3121.56862745098,5.0
Super built-up  Area,Other,3300.0,5.0,3.0,318.0,4.0,9636.363636363636,9.0
Super built-up  Area,Panathur,1210.0,2.0,2.0,85.0,2.0,7024.793388429752,4.0
Super built-up  Area,Hebbal,1320.0,3.0,3.0,226.0,3.0,17121.21212121212,6.0
Super built-up  Area,Hosa Road,1532.0,3.0,2.0,98.13,3.0,6405.352480417754,6.0
Super built-up  Area,JP Nagar,1245.0,2.0,2.0,110.0,2.0,8835.341365461847,4.0
Super built-up  Area,Nagarbhavi,1212.0,2.0,2.0,50.0,2.0,4125.412541254125,4.0
Super built-up  Area,Sarjapur  Road,1230.0,2.0,1.0,65.0,2.0,5284.552845528456,4.0
Super built-up  Area,Ramagondanahalli,2257.0,3.0,2.0,159.0,3.0,7044.749667700487,6.0
Super built-up  Area,Vittasandra,1246.0,2.0,1.0,65.4,2.0,5248.796147672553,4.0
Super built-up  Area,Gunjur,1080.0,2.0,2.0,41.0,2.0,3796.296296296296,4.0
Super built-up  Area,Varthur,1360.0,2.0,3.0,85.0,3.0,6250.0,5.0
Super built-up  Area,Yelenahalli,1260.0,2.0,2.0,47.88,2.0,3800.0,4.0
Built-up  Area,Kengeri Satellite Town,1200.0,3.0,0.0,110.0,4.0,9166.666666666666,7.0
Plot  Area,Other,1200.0,3.0,1.0,165.0,3.0,13750.0,6.0
Super built-up  Area,Kasavanhalli,950.0,2.0,1.0,39.0,2.0,4105.263157894737,4.0
Super built-up  Area,Nagarbhavi,1020.0,2.0,2.0,55.0,2.0,5392.156862745098,4.0
Super built-up  Area,Electronic City Phase II,1400.0,2.0,2.0,40.44,3.0,2888.5714285714284,5.0
Plot  Area,Other,1440.0,4.0,0.0,88.0,4.0,6111.111111111111,8.0
Super built-up  Area,Electronics City Phase 1,1175.0,2.0,1.0,69.0,2.0,5872.340425531915,4.0
Super built-up  Area,Raja Rajeshwari Nagar,1185.0,2.0,1.0,40.17,2.0,3389.8734177215188,4.0
Super built-up  Area,Other,2250.0,3.0,1.0,113.0,3.0,5022.222222222223,6.0
Super built-up  Area,Sarjapur  Road,1178.0,2.0,2.0,40.43,2.0,3432.088285229202,4.0
Super built-up  Area,Ulsoor,36000.0,4.0,2.0,450.0,4.0,1250.0,8.0
Super built-up  Area,Whitefield,825.0,1.0,1.0,44.9,1.0,5442.424242424242,2.0
Super built-up  Area,Other,1250.0,3.0,2.0,43.0,3.0,3440.0,6.0
Super built-up  Area,Electronics City Phase 1,1113.12,2.0,2.0,55.0,2.0,4941.066551674573,4.0
Super built-up  Area,Other,1718.0,3.0,3.0,223.0,3.0,12980.209545983702,6.0
Super built-up  Area,Gottigere,1010.0,2.0,1.0,35.0,2.0,3465.3465346534654,4.0
Plot  Area,Other,1500.0,4.0,3.0,240.0,4.0,16000.0,8.0
Plot  Area,Rayasandra,540.0,1.0,1.0,16.5,1.0,3055.5555555555557,2.0
Super built-up  Area,Electronic City,1020.0,2.0,2.0,29.46,2.0,2888.235294117647,4.0
Super built-up  Area,Hosur Road,1194.0,2.0,1.0,71.64,2.0,6000.0,4.0
Super built-up  Area,Electronic City,1108.0,2.0,1.0,67.15,2.0,6060.469314079423,4.0
Built-up  Area,Hebbal,3895.0,2.0,1.0,451.0,4.0,11578.947368421053,6.0
Super built-up  Area,Kanakpura Road,700.0,2.0,1.0,34.99,2.0,4998.571428571428,4.0
Super built-up  Area,Somasundara Palya,1600.0,3.0,3.0,68.0,3.0,4250.0,6.0
Super built-up  Area,Nagarbhavi,1850.0,3.0,2.0,90.0,3.0,4864.864864864865,6.0
Super built-up  Area,Tumkur Road,1250.0,2.0,2.0,33.0,2.0,2640.0,4.0
Built-up  Area,Ramamurthy Nagar,600.0,1.0,1.0,43.0,1.0,7166.666666666667,2.0
Super built-up  Area,Raja Rajeshwari Nagar,1140.0,2.0,1.0,49.27,2.0,4321.929824561404,4.0
Super built-up  Area,Other,1200.0,2.0,2.0,75.0,3.0,6250.0,5.0
Super built-up  Area,Other,985.0,2.0,1.0,55.0,2.0,5583.756345177665,4.0
Super built-up  Area,Bellandur,982.0,2.0,2.0,55.0,2.0,5600.814663951121,4.0
Built-up  Area,9th Phase JP Nagar,600.0,1.0,0.0,20.0,1.0,3333.3333333333335,2.0
Super built-up  Area,Old Madras Road,2640.0,5.0,1.0,142.0,3.0,5378.787878787879,8.0
Super built-up  Area,Akshaya Nagar,1314.0,2.0,2.0,68.8,2.0,5235.920852359209,4.0
Super built-up  Area,Other,1700.0,2.0,2.0,68.5,3.0,4029.4117647058824,5.0
Super built-up  Area,1st Phase JP Nagar,1077.0,2.0,2.0,93.0,2.0,8635.097493036212,4.0
Super built-up  Area,Other,2000.0,4.0,1.0,99.0,5.0,4950.0,9.0
Super built-up  Area,Other,1643.0,3.0,2.0,75.0,3.0,4564.820450395618,6.0
Plot  Area,Kengeri,1200.0,3.0,1.0,67.0,3.0,5583.333333333333,6.0
Super built-up  Area,Abbigere,1020.0,2.0,1.0,41.82,2.0,4100.0,4.0
Built-up  Area,Other,1740.0,3.0,2.0,55.0,3.0,3160.919540229885,6.0
Super built-up  Area,GM Palaya,1225.0,2.0,2.0,47.0,2.0,3836.734693877551,4.0
Built-up  Area,Thanisandra,1241.0,2.0,1.0,61.0,3.0,4915.390813859791,5.0
Super built-up  Area,Hennur,1041.0,2.0,2.0,40.6,2.0,3900.0960614793466,4.0
Super built-up  Area,Bommanahalli,1050.0,2.0,2.0,46.0,2.0,4380.952380952381,4.0
Super built-up  Area,Other,4400.0,3.0,1.0,901.0,3.0,20477.272727272728,6.0
Super built-up  Area,Kanakpura Road,1309.0,2.0,3.0,64.39,2.0,4919.022154316272,4.0
Super built-up  Area,Dodda Nekkundi,1128.0,2.0,2.0,45.0,2.0,3989.3617021276596,4.0
Super built-up  Area,Raja Rajeshwari Nagar,1430.0,2.0,1.0,50.0,3.0,3496.5034965034965,5.0
Super built-up  Area,Old Madras Road,1065.0,2.0,1.0,47.86,2.0,4493.896713615023,4.0
Super built-up  Area,OMBR Layout,1085.0,2.0,1.0,64.0,2.0,5898.617511520737,4.0
Plot  Area,Vishveshwarya Layout,750.0,1.0,1.0,30.0,1.0,4000.0,2.0
Super built-up  Area,Bellandur,981.0,2.0,2.0,37.28,2.0,3800.2038735983692,4.0
Carpet  Area,Bhoganhalli,1548.3,4.0,1.0,129.0,4.0,8331.71865917458,8.0
Super built-up  Area,Hebbal Kempapura,2302.0,4.0,2.0,300.0,4.0,13032.145960034752,8.0
Built-up  Area,Kalyan nagar,1410.0,2.0,2.0,60.0,3.0,4255.31914893617,5.0
Super built-up  Area,Hosa Road,1525.84,3.0,1.0,117.0,3.0,7667.90751323861,6.0
Super built-up  Area,Begur Road,1200.0,2.0,2.0,42.6,2.0,3550.0,4.0
Built-up  Area,Other,1030.0,2.0,2.0,80.0,2.0,7766.9902912621355,4.0
Super built-up  Area,Other,1852.0,2.0,2.0,95.0,3.0,5129.589632829374,5.0
Built-up  Area,Electronic City,1160.0,2.0,1.0,33.5,2.0,2887.9310344827586,4.0
Built-up  Area,Jigani,918.0,2.0,1.0,49.0,2.0,5337.690631808279,4.0
Built-up  Area,JP Nagar,1150.0,2.0,2.0,49.9,3.0,4339.130434782609,5.0
Super built-up  Area,Indira Nagar,2700.0,3.0,2.0,324.0,3.0,12000.0,6.0
Built-up  Area,Other,1150.0,2.0,2.0,69.0,2.0,6000.0,4.0
Super built-up  Area,Whitefield,1227.0,2.0,2.0,53.49,2.0,4359.413202933985,4.0
Super built-up  Area,Hebbal,1255.0,3.0,2.0,77.68,3.0,6189.641434262949,6.0
Super built-up  Area,Panathur,1198.0,2.0,1.0,82.0,2.0,6844.741235392321,4.0
Plot  Area,Devarachikkanahalli,1200.0,3.0,1.0,160.0,3.0,13333.333333333334,6.0
Built-up  Area,Other,2600.0,3.0,1.0,95.0,4.0,3653.846153846154,7.0
Super built-up  Area,Other,797.0,2.0,1.0,32.0,2.0,4015.056461731493,4.0
Built-up  Area,Other,1350.0,2.0,3.0,68.0,3.0,5037.037037037037,5.0
Built-up  Area,Sahakara Nagar,2500.0,4.0,2.0,200.0,4.0,8000.0,8.0
Super built-up  Area,Thigalarapalya,2215.0,4.0,2.0,160.0,3.0,7223.476297968397,7.0
Super built-up  Area,Kanakpura Road,525.0,1.0,1.0,30.0,1.0,5714.285714285715,2.0
Super built-up  Area,Bannerghatta Road,2700.0,4.0,3.0,260.0,4.0,9629.62962962963,8.0
Super built-up  Area,Other,1500.0,2.0,1.0,90.0,3.0,6000.0,5.0
Plot  Area,Other,900.0,2.0,0.0,55.0,2.0,6111.111111111111,4.0
Super built-up  Area,Poorna Pragna Layout,1355.0,2.0,3.0,58.27,3.0,4300.369003690037,5.0
Super built-up  Area,Kudlu Gate,1465.0,2.0,2.0,49.81,3.0,3400.0,5.0
Plot  Area,Ramamurthy Nagar,1006.0,2.0,1.0,57.0,2.0,5666.003976143141,4.0
Built-up  Area,Vishveshwarya Layout,2000.0,4.0,1.0,75.0,4.0,3750.0,8.0
Super built-up  Area,Electronic City,1128.0,2.0,1.0,65.7,2.0,5824.468085106383,4.0
Built-up  Area,Other,850.0,2.0,0.0,35.0,2.0,4117.64705882353,4.0
Super built-up  Area,ISRO Layout,1310.0,2.0,3.0,68.0,3.0,5190.839694656489,5.0
Super built-up  Area,Banashankari,1390.0,2.0,2.0,86.0,2.0,6187.050359712231,4.0
Super built-up  Area,Kathriguppe,1390.0,2.0,2.0,76.45,3.0,5500.0,5.0
Plot  Area,Marathahalli,2396.0,4.0,2.0,325.0,4.0,13564.273789649416,8.0
Super built-up  Area,Electronic City,1170.0,2.0,1.0,33.0,2.0,2820.5128205128203,4.0
Super built-up  Area,Gottigere,1385.0,2.0,2.0,50.0,3.0,3610.1083032490974,5.0
Super built-up  Area,Old Madras Road,1160.0,2.0,1.0,42.0,2.0,3620.689655172414,4.0
Super built-up  Area,Electronic City Phase II,1160.0,2.0,1.0,33.5,2.0,2887.9310344827586,4.0
Super built-up  Area,Bannerghatta Road,1200.0,2.0,2.0,69.0,3.0,5750.0,5.0
Super built-up  Area,Mahadevpura,1475.0,2.0,2.0,55.0,2.0,3728.813559322034,4.0
Built-up  Area,Sarjapur  Road,1939.0,3.0,0.0,98.0,3.0,5054.151624548736,6.0
Built-up  Area,7th Phase JP Nagar,850.0,2.0,2.0,42.0,2.0,4941.176470588235,4.0
Built-up  Area,Balagere,675.0,1.0,1.0,45.0,1.0,6666.666666666667,2.0
Built-up  Area,Electronic City,1060.0,2.0,1.0,51.0,2.0,4811.320754716981,4.0
Super built-up  Area,Whitefield,1235.0,2.0,2.0,47.0,2.0,3805.668016194332,4.0
Plot  Area,Other,600.0,4.0,1.0,110.0,2.0,18333.333333333332,6.0
Super built-up  Area,Other,1250.0,2.0,1.0,60.0,2.0,4800.0,4.0
Super built-up  Area,Banashankari,1460.0,2.0,3.0,70.0,2.0,4794.520547945205,4.0
Super built-up  Area,Akshaya Nagar,1690.0,3.0,2.0,85.0,3.0,5029.585798816568,6.0
Built-up  Area,Indira Nagar,850.0,1.0,2.0,57.0,1.0,6705.882352941177,2.0
Super built-up  Area,Kanakpura Road,1843.0,3.0,2.0,82.0,3.0,4449.267498643516,6.0
Built-up  Area,7th Phase JP Nagar,1680.0,3.0,2.0,117.0,3.0,6964.285714285715,6.0
Super built-up  Area,Kundalahalli,1047.0,2.0,1.0,84.0,2.0,8022.9226361031515,4.0
Super built-up  Area,8th Phase JP Nagar,1100.0,2.0,2.0,35.0,2.0,3181.818181818182,4.0
Plot  Area,Indira Nagar,3250.0,8.0,1.0,600.0,8.0,18461.53846153846,16.0
Super built-up  Area,Nagarbhavi,1120.0,2.0,3.0,53.0,2.0,4732.142857142857,4.0
Super built-up  Area,Raja Rajeshwari Nagar,1095.0,2.0,2.0,38.33,2.0,3500.4566210045664,4.0
Super built-up  Area,Other,970.0,2.0,2.0,35.0,2.0,3608.2474226804125,4.0
Built-up  Area,Hosa Road,1100.0,2.0,3.0,85.0,3.0,7727.272727272727,5.0
Super built-up  Area,Uttarahalli,1685.0,3.0,2.0,85.0,3.0,5044.510385756676,6.0
Built-up  Area,Other,1148.0,2.0,1.0,59.0,2.0,5139.3728222996515,4.0
Built-up  Area,Marathahalli,1050.0,2.0,1.0,65.0,2.0,6190.476190476191,4.0
Super built-up  Area,Bannerghatta Road,1465.0,2.0,1.0,76.0,3.0,5187.713310580205,5.0
Plot  Area,Kothanur,3401.0,5.0,2.0,230.0,4.0,6762.7168479858865,9.0
Built-up  Area,Electronic City,630.0,1.0,1.0,60.0,1.0,9523.809523809523,2.0
Super built-up  Area,7th Phase JP Nagar,1850.0,3.0,1.0,150.0,3.0,8108.108108108108,6.0
Built-up  Area,Other,1750.0,2.0,1.0,225.0,4.0,12857.142857142857,6.0
Built-up  Area,Other,1350.0,3.0,1.0,60.0,3.0,4444.444444444444,6.0
Super built-up  Area,Sector 7 HSR Layout,1760.0,3.0,2.0,160.0,3.0,9090.90909090909,6.0
Super built-up  Area,Rajaji Nagar,1440.0,2.0,2.0,185.0,2.0,12847.222222222223,4.0
Super built-up  Area,Banashankari Stage III,1200.0,2.0,0.0,42.0,2.0,3500.0,4.0
Built-up  Area,Other,1100.0,2.0,1.0,78.0,2.0,7090.909090909091,4.0
Built-up  Area,Kaggadasapura,1140.0,2.0,2.0,46.0,2.0,4035.0877192982457,4.0
Super built-up  Area,Hormavu,1617.5,3.0,0.0,73.595,3.0,4549.922720247295,6.0
Super built-up  Area,Gottigere,1410.0,2.0,2.0,45.0,2.0,3191.4893617021276,4.0
Super built-up  Area,Mahadevpura,1434.0,2.0,1.0,67.39,3.0,4699.442119944212,5.0
Plot  Area,Other,1180.0,2.0,2.0,74.0,2.0,6271.186440677966,4.0
Super built-up  Area,EPIP Zone,1343.0,2.0,2.0,86.0,2.0,6403.574087862993,4.0
Built-up  Area,LB Shastri Nagar,1184.0,2.0,1.0,69.0,2.0,5827.7027027027025,4.0
Super built-up  Area,Koramangala,2246.0,3.0,0.0,300.0,3.0,13357.079252003561,6.0
Built-up  Area,Other,4510.0,4.0,3.0,200.0,3.0,4434.589800443459,7.0
Super built-up  Area,Sarjapur  Road,3785.0,5.0,2.0,280.0,4.0,7397.622192866578,9.0
Super built-up  Area,Other,1540.0,3.0,2.0,85.0,3.0,5519.480519480519,6.0
Super built-up  Area,Kanakpura Road,1550.0,3.0,3.0,65.11,3.0,4200.645161290323,6.0
Super built-up  Area,Yelahanka,1345.0,2.0,1.0,57.0,3.0,4237.918215613383,5.0
Super built-up  Area,Electronic City Phase II,975.0,2.0,2.0,45.0,3.0,4615.384615384615,5.0
Super built-up  Area,JP Nagar,1152.0,2.0,1.0,34.56,2.0,3000.0,4.0
Built-up  Area,Old Airport Road,3200.0,4.0,2.0,700.0,4.0,21875.0,8.0
Super built-up  Area,Other,1033.0,2.0,2.0,31.5,3.0,3049.3707647628266,5.0
Super built-up  Area,Other,1800.0,3.0,0.0,230.0,3.0,12777.777777777777,6.0
Super built-up  Area,Marathahalli,1102.0,2.0,2.0,53.67,2.0,4870.235934664247,4.0
Super built-up  Area,Subramanyapura,1223.0,2.0,2.0,42.81,3.0,3500.408830744072,5.0
Super built-up  Area,Kadugodi,1762.0,3.0,3.0,112.0,3.0,6356.413166855846,6.0
Built-up  Area,KR Puram,2000.0,6.0,0.0,85.0,6.0,4250.0,12.0
Super built-up  Area,Electronic City,1410.0,2.0,2.0,38.0,3.0,2695.0354609929077,5.0
Super built-up  Area,Thanisandra,1853.0,3.0,1.0,64.86,3.0,3500.2698327037238,6.0
Super built-up  Area,Kothanur,1455.0,2.0,2.0,69.0,2.0,4742.268041237114,4.0
Super built-up  Area,Hebbal,1138.0,2.0,1.0,110.0,2.0,9666.080843585238,4.0
Built-up  Area,Sarjapur  Road,2556.0,3.0,2.0,169.0,3.0,6611.89358372457,6.0
Super built-up  Area,TC Palaya,1200.0,2.0,0.0,66.5,3.0,5541.666666666667,5.0
Super built-up  Area,Other,1200.0,2.0,2.0,37.0,2.0,3083.3333333333335,4.0
Super built-up  Area,Whitefield,1870.0,3.0,2.0,138.0,3.0,7379.679144385027,6.0
Super built-up  Area,Panathur,1199.0,2.0,1.0,86.0,2.0,7172.643869891576,4.0
Super built-up  Area,Doddakallasandra,1360.0,2.0,2.0,54.4,3.0,4000.0,5.0
Super built-up  Area,Babusapalaya,1230.0,3.0,3.0,53.0,3.0,4308.943089430894,6.0
Super built-up  Area,Other,2000.0,3.0,2.0,120.0,3.0,6000.0,6.0
Plot  Area,Kasturi Nagar,1200.0,4.0,2.0,250.0,4.0,20833.333333333332,8.0
Super built-up  Area,Kundalahalli,1047.0,2.0,1.0,83.0,2.0,7927.411652340019,4.0
Plot  Area,Electronic City Phase II,6000.0,4.0,2.0,260.0,4.0,4333.333333333333,8.0
Plot  Area,Ramamurthy Nagar,1200.0,2.0,1.0,76.0,2.0,6333.333333333333,4.0
Super built-up  Area,Kengeri Satellite Town,1302.5,2.0,0.0,44.285,2.0,3400.0,4.0
Super built-up  Area,Kengeri,725.0,2.0,1.0,30.0,2.0,4137.931034482759,4.0
Super built-up  Area,Jakkur,1645.0,3.0,1.0,100.0,3.0,6079.0273556231,6.0
Built-up  Area,Sultan Palaya,870.0,2.0,1.0,65.0,2.0,7471.264367816092,4.0
Super built-up  Area,Marathahalli,1026.0,2.0,1.0,49.95,2.0,4868.421052631579,4.0
Built-up  Area,Other,2000.0,3.0,1.0,145.0,3.0,7250.0,6.0
Super built-up  Area,Cooke Town,1710.0,2.0,2.0,200.0,2.0,11695.906432748538,4.0
Super built-up  Area,Hosur Road,1766.0,3.0,1.0,130.0,3.0,7361.268403171008,6.0
Super built-up  Area,Other,500.0,1.0,1.0,15.0,1.0,3000.0,2.0
Built-up  Area,JP Nagar,1100.0,1.0,1.0,15.0,2.0,1363.6363636363637,3.0
Super built-up  Area,Jigani,1221.0,3.0,3.0,52.0,3.0,4258.804258804259,6.0
Super built-up  Area,Rachenahalli,680.0,1.0,1.0,46.0,1.0,6764.705882352941,2.0
Super built-up  Area,Sarjapur  Road,1278.0,2.0,2.0,90.0,2.0,7042.2535211267605,4.0
Super built-up  Area,Kodichikkanahalli,1025.0,2.0,2.0,66.0,2.0,6439.024390243902,4.0
Super built-up  Area,Whitefield,1175.0,2.0,1.0,39.0,2.0,3319.148936170213,4.0
Super built-up  Area,Sarjapur  Road,975.0,2.0,0.0,28.275,2.0,2900.0,4.0
Built-up  Area,6th Phase JP Nagar,600.0,1.0,1.0,75.0,1.0,12500.0,2.0
Super built-up  Area,Other,850.0,2.0,1.0,42.0,2.0,4941.176470588235,4.0
Super built-up  Area,Anjanapura,710.0,2.0,0.0,25.0,2.0,3521.1267605633802,4.0
Built-up  Area,Other,1165.0,2.0,1.0,33.64,2.0,2887.5536480686696,4.0
Super built-up  Area,Sarjapur,625.0,1.0,1.0,19.0,1.0,3040.0,2.0
Super built-up  Area,Kaggadasapura,1340.0,3.0,1.0,66.0,3.0,4925.373134328358,6.0
Super built-up  Area,Ananth Nagar,937.0,2.0,1.0,35.0,2.0,3735.325506937033,4.0
Super built-up  Area,JP Nagar,750.0,1.0,1.0,52.5,1.0,7000.0,2.0
Built-up  Area,Shampura,1475.0,3.0,3.0,78.0,3.0,5288.135593220339,6.0
Plot  Area,Other,2230.0,4.0,1.0,130.0,4.0,5829.596412556054,8.0
Plot  Area,Other,2200.0,5.0,1.0,100.0,4.0,4545.454545454545,9.0
Plot  Area,Mysore Road,900.0,2.0,0.0,65.0,2.0,7222.222222222223,4.0
Super built-up  Area,Electronic City Phase II,1116.0,2.0,2.0,37.0,2.0,3315.4121863799282,4.0
Built-up  Area,Hoodi,948.0,2.0,1.0,75.0,2.0,7911.392405063291,4.0
Super built-up  Area,R.T. Nagar,970.0,2.0,1.0,55.0,2.0,5670.103092783505,4.0
Super built-up  Area,Other,1519.0,3.0,2.0,67.23,3.0,4425.938117182357,6.0
Super built-up  Area,Thanisandra,1200.0,2.0,1.0,65.0,3.0,5416.666666666667,5.0
Super built-up  Area,Bhoganhalli,1760.0,3.0,2.0,127.0,3.0,7215.909090909091,6.0
Plot  Area,Whitefield,4400.0,5.0,3.0,525.0,4.0,11931.818181818182,9.0
Super built-up  Area,Sahakara Nagar,1914.0,3.0,3.0,179.0,3.0,9352.142110762801,6.0
Super built-up  Area,Budigere,1820.0,3.0,2.0,85.5,3.0,4697.802197802198,6.0
Built-up  Area,Kalena Agrahara,1565.0,3.0,2.0,78.0,3.0,4984.025559105431,6.0
Super built-up  Area,Begur Road,1334.0,2.0,3.0,42.69,2.0,3200.1499250374814,4.0
Super built-up  Area,Sarakki Nagar,924.0,2.0,2.0,76.23,2.0,8250.0,4.0
Super built-up  Area,Jigani,914.0,2.0,2.0,49.0,2.0,5361.050328227571,4.0
Built-up  Area,Kengeri,500.0,1.0,1.0,17.0,1.0,3400.0,2.0
Super built-up  Area,Yelahanka,2145.0,3.0,3.0,125.0,3.0,5827.505827505827,6.0
Built-up  Area,Electronic City,1650.0,3.0,2.0,100.0,3.0,6060.606060606061,6.0
Super built-up  Area,Marathahalli,3940.0,4.0,3.0,220.0,4.0,5583.756345177665,8.0
Built-up  Area,Electronic City,1020.0,2.0,1.0,29.45,2.0,2887.2549019607845,4.0
Built-up  Area,Basaveshwara Nagar,1180.0,2.0,3.0,58.0,2.0,4915.254237288135,4.0
Super built-up  Area,Ulsoor,1255.0,2.0,3.0,120.0,2.0,9561.752988047809,4.0
Super built-up  Area,Other,2777.29,5.0,2.0,650.0,3.0,23404.10976167415,8.0
Super built-up  Area,Bommasandra,1014.0,2.0,1.0,35.0,2.0,3451.6765285996057,4.0
Super built-up  Area,Attibele,695.0,1.0,1.0,25.0,2.0,3597.122302158273,3.0
Plot  Area,Prithvi Layout,2273.0,4.0,3.0,220.0,3.0,9678.838539375274,7.0
Super built-up  Area,GM Palaya,1140.0,2.0,2.0,48.95,2.0,4293.859649122807,4.0
Built-up  Area,Giri Nagar,3000.0,4.0,1.0,375.0,6.0,12500.0,10.0
Super built-up  Area,Begur Road,2400.0,4.0,2.0,152.0,4.0,6333.333333333333,8.0
Super built-up  Area,Attibele,850.0,1.0,1.0,25.0,2.0,2941.176470588235,3.0
Super built-up  Area,Banashankari,1200.0,2.0,1.0,60.0,2.0,5000.0,4.0
Built-up  Area,Other,3160.0,4.0,3.0,206.0,4.0,6518.987341772152,8.0
Super built-up  Area,Hoodi,1769.0,3.0,3.0,96.87,3.0,5475.975127190503,6.0
Carpet  Area,Bhoganhalli,1554.3,4.0,1.0,131.0,4.0,8428.231358167664,8.0
Super built-up  Area,Haralur Road,1243.0,2.0,2.0,46.0,2.0,3700.7240547063557,4.0
Plot  Area,Other,4920.0,5.0,2.0,1150.0,4.0,23373.983739837397,9.0
Super built-up  Area,Mallasandra,905.0,2.0,1.0,40.0,2.0,4419.889502762431,4.0
Built-up  Area,Kothanur,627.0,1.0,1.0,30.0,1.0,4784.688995215311,2.0
Built-up  Area,Domlur,2180.0,3.0,2.0,285.0,3.0,13073.394495412844,6.0
Super built-up  Area,Frazer Town,2400.0,3.0,2.0,260.0,3.0,10833.333333333334,6.0
Super built-up  Area,Marathahalli,1435.0,3.0,1.0,73.0,3.0,5087.1080139372825,6.0
Super built-up  Area,Jakkur,3405.1,6.0,3.0,400.0,4.0,11747.085254471234,10.0
Built-up  Area,Kodihalli,1620.0,3.0,2.0,130.0,3.0,8024.691358024691,6.0
Super built-up  Area,Whitefield,1862.0,3.0,2.0,125.0,3.0,6713.211600429646,6.0
Super built-up  Area,Kaikondrahalli,674.0,1.0,1.0,19.9,2.0,2952.522255192878,3.0
Super built-up  Area,Marathahalli,1220.0,2.0,1.0,59.0,2.0,4836.065573770492,4.0
Super built-up  Area,Electronic City,1025.0,2.0,1.0,49.0,2.0,4780.487804878048,4.0
Super built-up  Area,Thanisandra,1430.0,2.0,3.0,54.5,3.0,3811.188811188811,5.0
Super built-up  Area,Panathur,1235.0,2.0,3.0,65.0,2.0,5263.1578947368425,4.0
Super built-up  Area,Electronics City Phase 1,1291.0,2.0,3.0,32.0,3.0,2478.6986831913246,5.0
Super built-up  Area,Kanakpura Road,1498.0,3.0,2.0,95.0,3.0,6341.789052069425,6.0
Super built-up  Area,Sarjapur  Road,2180.0,3.0,2.0,240.0,3.0,11009.174311926605,6.0
Super built-up  Area,Electronic City,1000.0,2.0,1.0,29.7,2.0,2970.0,4.0
Plot  Area,Other,922.0,2.0,1.0,70.0,2.0,7592.190889370932,4.0
Built-up  Area,Other,850.0,2.0,1.0,72.0,2.0,8470.588235294117,4.0
Super built-up  Area,AECS Layout,1123.0,2.0,2.0,64.0,2.0,5699.020480854853,4.0
Super built-up  Area,Raja Rajeshwari Nagar,1235.0,2.0,1.0,75.0,2.0,6072.8744939271255,4.0
Super built-up  Area,Kogilu,1250.0,2.0,1.0,55.55,2.0,4444.0,4.0
Plot  Area,Whitefield,2403.0,5.0,2.0,360.0,4.0,14981.2734082397,9.0
Super built-up  Area,Sarjapur  Road,984.0,2.0,1.0,45.91,2.0,4665.650406504065,4.0
Super built-up  Area,Sarjapur  Road,1305.0,2.0,1.0,99.0,2.0,7586.206896551724,4.0
Plot  Area,Other,1200.0,1.0,0.0,65.0,2.0,5416.666666666667,3.0
Super built-up  Area,Hebbal,2790.0,5.0,3.0,204.0,4.0,7311.8279569892475,9.0
Super built-up  Area,Old Madras Road,2010.0,3.0,2.0,125.0,4.0,6218.905472636816,7.0
Built-up  Area,Electronics City Phase 1,995.0,2.0,0.0,42.0,2.0,4221.105527638191,4.0
Built-up  Area,Varthur Road,1277.0,2.0,2.0,59.0,2.0,4620.203602192639,4.0
Super built-up  Area,7th Phase JP Nagar,1236.0,2.0,2.0,61.33,2.0,4961.974110032363,4.0
Super built-up  Area,Akshaya Nagar,1265.0,2.0,3.0,67.0,2.0,5296.442687747036,4.0
Built-up  Area,Gubbalala,2570.0,4.0,2.0,141.0,5.0,5486.381322957199,9.0
Plot  Area,Hennur Road,2400.0,5.0,3.0,390.0,4.0,16250.0,9.0
Super built-up  Area,Other,1442.0,3.0,2.0,56.24,3.0,3900.138696255201,6.0
Super built-up  Area,Ardendale,1224.0,2.0,2.0,70.0,2.0,5718.954248366013,4.0
Super built-up  Area,Bellandur,1205.0,2.0,1.0,59.0,2.0,4896.265560165975,4.0
Super built-up  Area,Other,1233.0,2.0,3.0,100.0,2.0,8110.300081103001,4.0
Super built-up  Area,5th Block Hbr Layout,1312.0,2.0,3.0,69.0,2.0,5259.1463414634145,4.0
Super built-up  Area,Electronic City,1449.0,3.0,2.0,90.0,3.0,6211.180124223602,6.0
Super built-up  Area,Yelenahalli,1090.0,2.0,1.0,54.0,2.0,4954.128440366972,4.0
Plot  Area,Kaggadasapura,2100.0,5.0,0.0,150.0,5.0,7142.857142857143,10.0
Super built-up  Area,Uttarahalli,1390.0,2.0,3.0,62.55,3.0,4500.0,5.0
Super built-up  Area,JP Nagar,1200.0,2.0,3.0,78.0,2.0,6500.0,4.0
Super built-up  Area,BTM 2nd Stage,1000.0,2.0,2.0,58.0,2.0,5800.0,4.0
Plot  Area,Devanahalli,2400.0,5.0,2.0,190.0,4.0,7916.666666666667,9.0
Super built-up  Area,Thanisandra,1732.0,3.0,1.0,85.73,3.0,4949.769053117783,6.0
Super built-up  Area,Banashankari,1290.0,2.0,2.0,80.0,2.0,6201.550387596899,4.0
Super built-up  Area,Other,1840.0,3.0,3.0,85.0,3.0,4619.565217391304,6.0
Super built-up  Area,Thanisandra,1917.0,4.0,2.0,100.0,3.0,5216.484089723526,7.0
Built-up  Area,Other,1100.0,2.0,2.0,57.0,2.0,5181.818181818182,4.0
Super built-up  Area,Kudlu,1455.0,2.0,3.0,60.0,3.0,4123.711340206186,5.0
Super built-up  Area,Devarachikkanahalli,1425.0,2.0,2.0,65.0,3.0,4561.403508771929,5.0
Super built-up  Area,Whitefield,1655.0,3.0,1.0,113.0,3.0,6827.794561933535,6.0
Super built-up  Area,Haralur Road,2805.0,5.0,3.0,160.0,4.0,5704.0998217468805,9.0
Super built-up  Area,Other,1040.0,2.0,1.0,46.79,2.0,4499.038461538462,4.0
Super built-up  Area,Akshaya Nagar,1126.0,2.0,1.0,55.0,2.0,4884.547069271758,4.0
Super built-up  Area,Hebbal,1250.0,2.0,1.0,55.55,2.0,4444.0,4.0
Plot  Area,Yelahanka,1800.0,4.0,2.0,180.0,4.0,10000.0,8.0
Plot  Area,Other,1200.0,2.0,0.0,53.0,2.0,4416.666666666667,4.0
Built-up  Area,Other,2050.0,3.0,1.0,100.0,4.0,4878.048780487805,7.0
Super built-up  Area,Whitefield,530.0,1.0,1.0,29.44,1.0,5554.7169811320755,2.0
Built-up  Area,Sarjapur,2585.5,4.0,0.0,139.5,4.0,5395.4747631019145,8.0
Super built-up  Area,Kambipura,883.0,2.0,1.0,37.0,2.0,4190.260475651189,4.0
Super built-up  Area,Sompura,1275.0,3.0,1.0,59.0,3.0,4627.450980392156,6.0
Super built-up  Area,Other,800.0,2.0,2.0,30.0,2.0,3750.0,4.0
Super built-up  Area,Devanahalli,1200.0,1.0,0.0,95.0,1.0,7916.666666666667,2.0
Super built-up  Area,Bellandur,1063.0,2.0,1.0,58.0,2.0,5456.255879586077,4.0
Super built-up  Area,Balagere,656.0,1.0,1.0,43.0,1.0,6554.878048780488,2.0
Super built-up  Area,Other,1125.0,2.0,2.0,36.0,2.0,3200.0,4.0
Super built-up  Area,Marathahalli,881.0,2.0,1.0,48.06,2.0,5455.16458569807,4.0
Built-up  Area,Bisuvanahalli,700.0,1.0,1.0,32.0,2.0,4571.428571428572,3.0
Plot  Area,Other,1936.0,3.0,0.0,110.0,3.0,5681.818181818182,6.0
Super built-up  Area,Hosa Road,1680.0,3.0,1.0,101.0,3.0,6011.9047619047615,6.0
Super built-up  Area,Rayasandra,1253.0,2.0,2.0,57.0,2.0,4549.082202713487,4.0
Super built-up  Area,Rajaji Nagar,1640.0,3.0,3.0,230.0,3.0,14024.390243902439,6.0
Super built-up  Area,Mysore Road,1082.0,3.0,2.0,50.0,3.0,4621.072088724584,6.0
Built-up  Area,Electronic City,1065.0,2.0,1.0,30.75,2.0,2887.323943661972,4.0
Super built-up  Area,Iblur Village,2100.0,4.0,2.0,145.0,3.0,6904.761904761905,7.0
Super built-up  Area,Electronic City,1070.0,2.0,1.0,58.0,2.0,5420.560747663551,4.0
Super built-up  Area,Raja Rajeshwari Nagar,1280.0,3.0,2.0,57.6,3.0,4500.0,6.0
Built-up  Area,Electronic City Phase II,1125.0,2.0,1.0,29.25,2.0,2600.0,4.0
Super built-up  Area,Sarjapur  Road,1755.0,3.0,2.0,122.0,3.0,6951.5669515669515,6.0
Super built-up  Area,Electronic City,1210.0,2.0,1.0,54.0,2.0,4462.809917355372,4.0
Super built-up  Area,Talaghattapura,951.0,2.0,2.0,30.43,2.0,3199.789695057834,4.0
Built-up  Area,Electronic City,1500.0,2.0,1.0,75.0,3.0,5000.0,5.0
Super built-up  Area,Other,1652.5,3.0,2.0,90.0,3.0,5446.293494704993,6.0
Super built-up  Area,Yeshwanthpur,1381.0,2.0,2.0,76.18,3.0,5516.292541636496,5.0
Super built-up  Area,Whitefield,1085.0,2.0,1.0,57.0,2.0,5253.4562211981565,4.0
Super built-up  Area,Whitefield,905.0,1.0,1.0,50.0,1.0,5524.861878453039,2.0
Super built-up  Area,Hennur Road,1685.0,3.0,2.0,95.0,3.0,5637.982195845697,6.0
Super built-up  Area,Somasundara Palya,1200.0,2.0,2.0,75.0,2.0,6250.0,4.0
Super built-up  Area,Anandapura,1151.0,2.0,1.0,42.9,2.0,3727.193744569939,4.0
Built-up  Area,Brookefield,3532.0,3.0,3.0,170.0,4.0,4813.137032842582,7.0
Super built-up  Area,Kanakpura Road,1665.0,3.0,2.0,86.91,3.0,5219.81981981982,6.0
Built-up  Area,Kengeri Satellite Town,800.0,2.0,1.0,40.0,2.0,5000.0,4.0
Built-up  Area,Chamrajpet,1050.0,2.0,1.0,162.0,2.0,15428.57142857143,4.0
Super built-up  Area,Rajiv Nagar,1030.0,2.0,2.0,46.5,2.0,4514.563106796117,4.0
Super built-up  Area,Hoodi,1257.0,2.0,1.0,71.03,2.0,5650.755767700875,4.0
Super built-up  Area,Whitefield,1600.0,3.0,2.0,82.0,3.0,5125.0,6.0
Super built-up  Area,Choodasandra,1465.0,3.0,3.0,75.0,3.0,5119.453924914676,6.0
Super built-up  Area,Jakkur,1650.0,3.0,2.0,111.0,3.0,6727.272727272727,6.0
Built-up  Area,Yelahanka New Town,680.0,1.0,1.0,80.0,2.0,11764.70588235294,3.0
Plot  Area,Whitefield,1230.0,4.0,2.0,80.0,4.0,6504.065040650406,8.0
Super built-up  Area,Koramangala,1300.0,2.0,2.0,82.0,2.0,6307.692307692308,4.0
Built-up  Area,KR Puram,1000.0,2.0,1.0,44.5,2.0,4450.0,4.0
Super built-up  Area,Mahadevpura,1146.0,2.0,1.0,53.8,2.0,4694.5898778359515,4.0
Super built-up  Area,Indira Nagar,2601.0,4.0,2.0,312.0,3.0,11995.386389850059,7.0
Super built-up  Area,Other,2159.0,3.0,2.0,110.0,3.0,5094.951366373321,6.0
Super built-up  Area,Whitefield,1255.0,2.0,2.0,40.0,2.0,3187.2509960159364,4.0
Super built-up  Area,Padmanabhanagar,1200.0,2.0,1.0,60.0,2.0,5000.0,4.0
Built-up  Area,Sarjapur  Road,1040.0,2.0,1.0,37.0,2.0,3557.6923076923076,4.0
Super built-up  Area,Uttarahalli,1180.0,2.0,1.0,41.3,2.0,3499.9999999999995,4.0
Super built-up  Area,KR Puram,1200.0,2.0,3.0,47.0,2.0,3916.6666666666665,4.0
Built-up  Area,Sarjapur  Road,1374.0,3.0,2.0,51.0,3.0,3711.7903930131006,6.0
Super built-up  Area,Vidyaranyapura,4700.0,10.0,3.0,130.0,9.0,2765.9574468085107,19.0
Super built-up  Area,Whitefield,630.5,1.0,0.0,32.15,1.0,5099.127676447264,2.0
Plot  Area,Other,2400.0,2.0,0.0,480.0,3.0,20000.0,5.0
Super built-up  Area,Jalahalli,2384.0,4.0,2.0,165.0,3.0,6921.140939597315,7.0
Super built-up  Area,Electronic City,1033.0,2.0,2.0,28.41,3.0,2750.242013552759,5.0
Super built-up  Area,Yelahanka,1200.0,2.0,1.0,54.0,2.0,4500.0,4.0
Built-up  Area,Haralur Road,2017.0,3.0,2.0,105.0,3.0,5205.751115518096,6.0
Plot  Area,Other,1500.0,3.0,2.0,138.0,3.0,9200.0,6.0
Super built-up  Area,Other,700.0,2.0,0.0,43.0,2.0,6142.857142857143,4.0
Super built-up  Area,Kanakpura Road,1495.0,2.0,2.0,52.33,3.0,3500.334448160535,5.0
Super built-up  Area,Kothanur,1302.0,2.0,1.0,68.5,2.0,5261.136712749616,4.0
Built-up  Area,Whitefield,905.0,1.0,1.0,52.0,1.0,5745.85635359116,2.0
Super built-up  Area,Raja Rajeshwari Nagar,1303.0,2.0,1.0,55.79,2.0,4281.657712970069,4.0
Built-up  Area,Electronics City Phase 1,1350.0,3.0,0.0,71.0,3.0,5259.259259259259,6.0
Super built-up  Area,Gottigere,1380.0,2.0,2.0,95.0,3.0,6884.057971014493,5.0
Super built-up  Area,Harlur,1620.0,3.0,1.0,110.0,3.0,6790.123456790124,6.0
Built-up  Area,Chandapura,4800.0,4.0,3.0,250.0,4.0,5208.333333333333,8.0
Super built-up  Area,Sarjapur  Road,1000.0,2.0,1.0,38.5,2.0,3850.0,4.0
Super built-up  Area,Thanisandra,1250.0,1.0,1.0,54.0,2.0,4320.0,3.0
Built-up  Area,Other,1750.0,3.0,3.0,170.0,3.0,9714.285714285714,6.0
Super built-up  Area,Anekal,997.0,3.0,2.0,55.0,3.0,5516.5496489468405,6.0
Super built-up  Area,Kothanur,1760.0,3.0,2.0,111.0,3.0,6306.818181818182,6.0
Super built-up  Area,Yelahanka,1322.0,2.0,2.0,75.0,2.0,5673.2223903177,4.0
Plot  Area,Other,1365.0,3.0,0.0,99.0,3.0,7252.747252747253,6.0
Super built-up  Area,Sahakara Nagar,1500.0,3.0,2.0,125.0,3.0,8333.333333333334,6.0
Super built-up  Area,Kaggadasapura,1256.0,2.0,2.0,50.0,3.0,3980.891719745223,5.0
Super built-up  Area,Brookefield,941.0,2.0,2.0,48.0,2.0,5100.956429330499,4.0
Plot  Area,Devanahalli,5000.0,4.0,3.0,465.0,4.0,9300.0,8.0
Super built-up  Area,Kanakpura Road,1665.0,3.0,2.0,86.58,3.0,5200.0,6.0
Super built-up  Area,Hennur Road,1414.0,2.0,2.0,84.18,2.0,5953.323903818953,4.0
Super built-up  Area,Chikkalasandra,1270.0,2.0,3.0,55.25,3.0,4350.393700787402,5.0
Plot  Area,Kengeri Satellite Town,4100.0,3.0,0.0,300.0,4.0,7317.073170731707,7.0
Built-up  Area,Other,1800.0,3.0,2.0,105.0,6.0,5833.333333333333,9.0
Super built-up  Area,Kanakpura Road,712.0,1.0,1.0,38.44,1.0,5398.876404494382,2.0
Super built-up  Area,Rajaji Nagar,2648.0,5.0,0.0,251.5,4.0,9497.73413897281,9.0
Plot  Area,Other,900.0,4.0,2.0,180.0,3.0,20000.0,7.0
Super built-up  Area,Hebbal,1200.0,2.0,1.0,49.0,2.0,4083.3333333333335,4.0
Super built-up  Area,Kengeri Satellite Town,654.0,1.0,1.0,22.0,1.0,3363.914373088685,2.0
Super built-up  Area,Other,708.0,1.0,1.0,55.0,2.0,7768.3615819209035,3.0
Built-up  Area,Other,1680.0,3.0,3.0,135.0,3.0,8035.714285714285,6.0
Super built-up  Area,Other,990.0,2.0,2.0,58.0,2.0,5858.585858585859,4.0
Super built-up  Area,Uttarahalli,1380.0,2.0,1.0,42.0,2.0,3043.478260869565,4.0
Super built-up  Area,Hebbal,1088.0,2.0,2.0,62.0,2.0,5698.529411764706,4.0
Super built-up  Area,Harlur,1414.0,3.0,2.0,77.5,3.0,5480.905233380481,6.0
Built-up  Area,Other,1240.0,2.0,1.0,100.0,2.0,8064.5161290322585,4.0
Built-up  Area,Other,1810.0,3.0,3.0,118.0,3.0,6519.3370165745855,6.0
Super built-up  Area,Other,2005.0,3.0,2.0,240.0,3.0,11970.074812967581,6.0
Super built-up  Area,Kothanur,1185.0,2.0,2.0,58.0,2.0,4894.514767932489,4.0
Plot  Area,Whitefield,1200.0,3.0,2.0,57.15,3.0,4762.5,6.0
Super built-up  Area,Other,1265.0,2.0,1.0,58.0,2.0,4584.98023715415,4.0
Built-up  Area,Sahakara Nagar,1100.0,2.0,1.0,55.0,2.0,5000.0,4.0
Built-up  Area,Other,1035.0,2.0,2.0,44.0,2.0,4251.207729468599,4.0
Super built-up  Area,Sonnenahalli,614.5,1.0,0.0,30.715,1.0,4998.372660699756,2.0
Built-up  Area,Other,1000.0,2.0,1.0,97.0,2.0,9700.0,4.0
Super built-up  Area,Hegde Nagar,1179.0,2.0,2.0,49.35,2.0,4185.750636132316,4.0
Super built-up  Area,Vittasandra,1650.0,3.0,1.0,84.0,3.0,5090.909090909091,6.0
Plot  Area,Other,2800.0,4.0,3.0,100.0,6.0,3571.4285714285716,10.0
Plot  Area,Other,3500.0,6.0,2.0,120.0,8.0,3428.5714285714284,14.0
Built-up  Area,Other,1430.0,3.0,1.0,78.65,3.0,5500.000000000001,6.0
Super built-up  Area,Marathahalli,1130.0,2.0,2.0,58.0,3.0,5132.743362831859,5.0
Super built-up  Area,JP Nagar,1850.0,2.0,2.0,110.0,3.0,5945.945945945946,5.0
Super built-up  Area,Hennur,1340.0,3.0,2.0,54.24,3.0,4047.7611940298507,6.0
Plot  Area,Other,600.0,2.0,0.0,30.0,2.0,5000.0,4.0
Super built-up  Area,Banashankari,2582.0,5.0,2.0,250.0,3.0,9682.416731216112,8.0
Super built-up  Area,Channasandra,1160.0,2.0,1.0,55.0,2.0,4741.379310344828,4.0
Built-up  Area,Other,1200.0,2.0,1.0,45.0,1.0,3750.0,3.0
Built-up  Area,Other,1116.0,2.0,1.0,37.6,2.0,3369.1756272401435,4.0
Super built-up  Area,Sarakki Nagar,2663.0,4.0,1.0,338.0,3.0,12692.452121667293,7.0
Built-up  Area,Other,1090.0,2.0,2.0,45.0,2.0,4128.440366972477,4.0
Super built-up  Area,JP Nagar,1100.0,2.0,1.0,45.0,2.0,4090.909090909091,4.0
Super built-up  Area,Kammasandra,1365.0,2.0,1.0,34.13,3.0,2500.3663003663005,5.0
Super built-up  Area,Vijayanagar,1484.0,3.0,2.0,79.19,3.0,5336.253369272237,6.0
Super built-up  Area,Green Glen Layout,1630.0,3.0,2.0,68.0,3.0,4171.7791411042945,6.0
Super built-up  Area,Whitefield,1451.0,2.0,2.0,52.43,3.0,3613.370089593384,5.0
Super built-up  Area,Kanakpura Road,1330.0,2.0,1.0,107.0,2.0,8045.112781954887,4.0
Super built-up  Area,Thanisandra,2127.0,3.0,2.0,135.0,3.0,6346.967559943582,6.0
Plot  Area,Other,1260.0,4.0,2.0,65.0,4.0,5158.730158730159,8.0
Super built-up  Area,Sarjapur  Road,1173.0,2.0,2.0,45.75,3.0,3900.2557544757033,5.0
Super built-up  Area,Electronics City Phase 1,1445.0,2.0,1.0,56.0,3.0,3875.432525951557,5.0
Super built-up  Area,Other,2250.0,4.0,1.0,400.0,4.0,17777.777777777777,8.0
Plot  Area,Bannerghatta Road,1500.0,4.0,2.0,239.0,3.0,15933.333333333334,7.0
Super built-up  Area,Thanisandra,2336.5,3.0,0.0,115.89,3.0,4959.982880376631,6.0
Super built-up  Area,JP Nagar,1197.0,2.0,1.0,47.88,2.0,4000.0,4.0
Plot  Area,2nd Stage Nagarbhavi,1200.0,4.0,1.0,225.0,4.0,18750.0,8.0
Super built-up  Area,Sarjapur  Road,3930.0,7.0,2.0,329.0,5.0,8371.501272264632,12.0
Super built-up  Area,Kanakpura Road,1450.0,3.0,3.0,62.4,3.0,4303.448275862069,6.0
Super built-up  Area,Whitefield,1187.0,2.0,1.0,37.85,2.0,3188.7110362257795,4.0
Plot  Area,Other,4000.0,6.0,3.0,850.0,6.0,21250.0,12.0
Super built-up  Area,Channasandra,1050.0,2.0,2.0,41.0,2.0,3904.7619047619046,4.0
Super built-up  Area,Panathur,1370.0,2.0,2.0,54.8,3.0,4000.0,5.0
Super built-up  Area,Yelahanka,1036.0,2.0,2.0,39.37,2.0,3800.1930501930497,4.0
Super built-up  Area,JP Nagar,1275.0,3.0,2.0,41.2,3.0,3231.3725490196084,6.0
Super built-up  Area,Old Madras Road,2010.0,3.0,2.0,115.0,4.0,5721.393034825871,7.0
Super built-up  Area,Thanisandra,1265.0,2.0,2.0,46.6,2.0,3683.794466403162,4.0
Super built-up  Area,Anandapura,1576.0,3.0,2.0,58.0,3.0,3680.203045685279,6.0
Super built-up  Area,Dodda Nekkundi,1148.0,2.0,1.0,56.0,2.0,4878.048780487805,4.0
Super built-up  Area,Other,1000.0,2.0,1.0,36.0,2.0,3600.0,4.0
Super built-up  Area,Kudlu,1293.0,2.0,2.0,85.0,3.0,6573.859242072699,5.0
Plot  Area,TC Palaya,1200.0,2.0,0.0,66.0,3.0,5500.0,5.0
Super built-up  Area,Munnekollal,1210.0,2.0,3.0,75.0,2.0,6198.347107438017,4.0
Built-up  Area,HSR Layout,1126.0,2.0,1.0,69.0,2.0,6127.886323268206,4.0
Built-up  Area,Sarakki Nagar,1840.0,4.0,1.0,175.0,3.0,9510.869565217392,7.0
Built-up  Area,Vidyaranyapura,1440.0,2.0,0.0,70.0,3.0,4861.111111111111,5.0
Built-up  Area,Ramamurthy Nagar,1300.0,2.0,2.0,52.0,3.0,4000.0,5.0
Super built-up  Area,Thanisandra,1276.0,2.0,2.0,75.0,2.0,5877.742946708464,4.0
Super built-up  Area,Whitefield,1216.0,2.0,1.0,83.0,2.0,6825.6578947368425,4.0
Super built-up  Area,Other,840.0,1.0,0.0,75.0,1.0,8928.57142857143,2.0
Built-up  Area,Sompura,1126.0,2.0,2.0,39.0,2.0,3463.587921847247,4.0
Super built-up  Area,Raja Rajeshwari Nagar,1162.0,2.0,0.0,65.0,2.0,5593.803786574871,4.0
Super built-up  Area,Whitefield,1301.0,2.0,2.0,65.0,2.0,4996.156802459646,4.0
Super built-up  Area,Devanahalli,658.0,1.0,1.0,34.0,1.0,5167.173252279636,2.0
Plot  Area,Sahakara Nagar,1350.0,3.0,1.0,250.0,3.0,18518.51851851852,6.0
Super built-up  Area,Whitefield,2500.0,3.0,2.0,280.0,3.0,11200.0,6.0
Built-up  Area,Chandapura,1208.51,3.0,2.0,42.0,3.0,3475.3539482503247,6.0
Super built-up  Area,Raja Rajeshwari Nagar,1133.0,2.0,2.0,38.41,2.0,3390.114739629302,4.0
Super built-up  Area,Other,1760.0,2.0,1.0,116.0,3.0,6590.909090909091,5.0
Super built-up  Area,Sarjapur,940.0,2.0,1.0,25.38,2.0,2700.0,4.0
Super built-up  Area,Other,1145.0,2.0,2.0,57.0,2.0,4978.1659388646285,4.0
Super built-up  Area,Bannerghatta Road,1302.5,2.0,0.0,67.73,2.0,5200.0,4.0
Built-up  Area,Other,3900.0,5.0,1.0,550.0,4.0,14102.564102564103,9.0
Super built-up  Area,Other,3317.5,5.0,0.0,268.5,4.0,8093.443858327054,9.0
Built-up  Area,Dasarahalli,1300.0,2.0,2.0,50.0,2.0,3846.153846153846,4.0
Super built-up  Area,Malleshwaram,2475.0,4.0,3.0,326.0,3.0,13171.717171717171,7.0
Super built-up  Area,6th Phase JP Nagar,2040.0,3.0,2.0,200.0,3.0,9803.921568627451,6.0
Built-up  Area,Hosakerehalli,1200.0,1.0,0.0,150.0,1.0,12500.0,2.0
Plot  Area,Jigani,2420.0,4.0,1.0,190.0,4.0,7851.239669421488,8.0
Built-up  Area,Thubarahalli,1216.0,2.0,1.0,80.0,2.0,6578.9473684210525,4.0
Super built-up  Area,Tumkur Road,1459.0,2.0,1.0,110.0,3.0,7539.410555174777,5.0
Super built-up  Area,Jakkur,1622.0,2.0,0.0,80.0,3.0,4932.182490752158,5.0
Super built-up  Area,Kanakpura Road,1843.0,3.0,2.0,85.0,3.0,4612.045577862181,6.0
Plot  Area,Other,600.0,1.0,1.0,52.0,2.0,8666.666666666666,3.0
Super built-up  Area,Malleshpalya,1430.0,2.0,1.0,69.5,3.0,4860.1398601398605,5.0
Plot  Area,Kammanahalli,1800.0,2.0,0.0,280.0,4.0,15555.555555555555,6.0
Super built-up  Area,Begur Road,1565.0,2.0,2.0,57.91,3.0,3700.3194888178914,5.0
Super built-up  Area,Other,1670.0,3.0,2.0,160.0,3.0,9580.838323353293,6.0
Super built-up  Area,Lakshminarayana Pura,1695.0,3.0,2.0,150.0,3.0,8849.557522123894,6.0
Super built-up  Area,Other,1410.0,2.0,2.0,75.0,2.0,5319.148936170212,4.0
Super built-up  Area,Kengeri Satellite Town,1060.0,2.0,3.0,42.0,2.0,3962.264150943396,4.0
Built-up  Area,Sarjapur  Road,1120.0,2.0,2.0,50.0,2.0,4464.285714285715,4.0
Plot  Area,Hosa Road,880.0,2.0,0.0,50.0,2.0,5681.818181818182,4.0
Super built-up  Area,Dodda Nekkundi,1435.0,3.0,3.0,57.2,3.0,3986.062717770035,6.0
Super built-up  Area,Doddakallasandra,1425.0,2.0,2.0,56.99,3.0,3999.2982456140353,5.0
Super built-up  Area,Arekere,900.0,2.0,3.0,50.0,2.0,5555.555555555556,4.0
Built-up  Area,Other,2400.0,5.0,2.0,93.0,5.0,3875.0,10.0
Built-up  Area,Thanisandra,693.0,1.0,1.0,34.3,1.0,4949.494949494949,2.0
Super built-up  Area,Electronic City,2435.0,4.0,3.0,119.0,4.0,4887.063655030801,8.0
Super built-up  Area,Iblur Village,1920.0,3.0,2.0,150.0,3.0,7812.5,6.0
Super built-up  Area,Electronic City,630.0,1.0,1.0,47.0,1.0,7460.31746031746,2.0
Super built-up  Area,Nagavarapalya,705.0,1.0,1.0,55.0,1.0,7801.418439716312,2.0
Super built-up  Area,Other,1200.0,2.0,2.0,75.6,3.0,6299.999999999999,5.0
Super built-up  Area,Mahadevpura,1532.0,2.0,2.0,62.0,2.0,4046.9973890339425,4.0
Super built-up  Area,Rajiv Nagar,1330.0,2.0,1.0,93.0,2.0,6992.481203007519,4.0
Plot  Area,Other,1200.0,3.0,1.0,210.0,4.0,17500.0,7.0
Built-up  Area,Sarjapur  Road,1530.0,2.0,2.0,60.0,3.0,3921.5686274509803,5.0
Super built-up  Area,Kasavanhalli,1105.0,2.0,2.0,42.0,2.0,3800.9049773755655,4.0
Plot  Area,1st Phase JP Nagar,1566.0,2.0,0.0,180.0,2.0,11494.252873563219,4.0
Super built-up  Area,Harlur,1630.0,3.0,1.0,95.1,3.0,5834.355828220859,6.0
Built-up  Area,Brookefield,1595.0,2.0,3.0,75.0,3.0,4702.194357366771,5.0
Super built-up  Area,7th Phase JP Nagar,1000.0,2.0,2.0,53.0,2.0,5300.0,4.0
Plot  Area,Other,2400.0,5.0,3.0,285.0,5.0,11875.0,10.0
Super built-up  Area,Electronic City Phase II,1000.0,2.0,1.0,28.88,2.0,2888.0,4.0
Plot  Area,Other,2360.0,4.0,1.0,650.0,4.0,27542.372881355932,8.0
Super built-up  Area,Uttarahalli,1737.0,2.0,3.0,95.0,3.0,5469.199769717904,5.0
Super built-up  Area,Other,2100.0,4.0,2.0,150.0,4.0,7142.857142857143,8.0
Built-up  Area,Hosakerehalli,3600.0,6.0,1.0,145.0,8.0,4027.777777777778,14.0
Built-up  Area,Mysore Road,883.0,2.0,1.0,50.0,2.0,5662.5141562853905,4.0
Super built-up  Area,BTM Layout,1776.0,2.0,3.0,75.0,3.0,4222.972972972973,5.0
Super built-up  Area,Anjanapura,1347.0,2.0,1.0,37.72,3.0,2800.2969561989607,5.0
Super built-up  Area,Whitefield,1330.0,2.0,2.0,55.0,3.0,4135.338345864661,5.0
Plot  Area,Other,600.0,2.0,1.0,120.0,2.0,20000.0,4.0
Built-up  Area,Rajaji Nagar,3730.0,4.0,3.0,370.0,4.0,9919.571045576407,8.0
Super built-up  Area,Harlur,1459.0,3.0,2.0,135.0,3.0,9252.912954078136,6.0
Super built-up  Area,Thanisandra,2259.0,5.0,2.0,135.0,4.0,5976.095617529881,9.0
Built-up  Area,JP Nagar,2700.0,4.0,1.0,160.0,7.0,5925.925925925926,11.0
Super built-up  Area,Gubbalala,1008.0,2.0,2.0,32.25,2.0,3199.404761904762,4.0
Super built-up  Area,Other,1200.0,2.0,2.0,52.5,2.0,4375.0,4.0
Super built-up  Area,Other,2328.0,4.0,1.0,528.0,4.0,22680.41237113402,8.0
Super built-up  Area,Electronic City,660.0,1.0,1.0,15.5,2.0,2348.4848484848485,3.0
Super built-up  Area,Rajaji Nagar,1800.0,2.0,2.0,250.0,3.0,13888.888888888889,5.0
Super built-up  Area,Rajaji Nagar,3100.0,4.0,3.0,550.0,4.0,17741.935483870966,8.0
Super built-up  Area,Yelahanka,1405.0,2.0,0.0,50.58,2.0,3600.0,4.0
Super built-up  Area,Yelahanka,602.0,1.0,1.0,26.0,1.0,4318.936877076412,2.0
Super built-up  Area,JP Nagar,1500.0,2.0,3.0,82.0,3.0,5466.666666666667,5.0
Built-up  Area,Other,1539.0,3.0,2.0,60.0,3.0,3898.635477582846,6.0
Super built-up  Area,Judicial Layout,1100.0,2.0,1.0,53.0,3.0,4818.181818181818,5.0
Super built-up  Area,Raja Rajeshwari Nagar,1151.0,2.0,1.0,49.0,2.0,4257.167680278019,4.0
Super built-up  Area,Other,920.0,2.0,1.0,46.0,2.0,5000.0,4.0
Super built-up  Area,Kathriguppe,1350.0,3.0,3.0,78.3,3.0,5800.0,6.0
Super built-up  Area,Bannerghatta Road,1200.0,2.0,2.0,65.0,2.0,5416.666666666667,4.0
Super built-up  Area,Thanisandra,1265.0,2.0,1.0,78.0,2.0,6166.00790513834,4.0
Super built-up  Area,Sarjapur  Road,1700.0,3.0,2.0,93.5,3.0,5500.0,6.0
Built-up  Area,Ramamurthy Nagar,1600.0,3.0,0.0,75.0,3.0,4687.5,6.0
Built-up  Area,Other,1550.0,4.0,1.0,120.0,4.0,7741.935483870968,8.0
Built-up  Area,R.T. Nagar,1560.0,3.0,3.0,125.0,3.0,8012.820512820513,6.0
Plot  Area,Raja Rajeshwari Nagar,1200.0,4.0,1.0,160.0,4.0,13333.333333333334,8.0
Super built-up  Area,Sarjapur  Road,1403.0,3.0,1.0,56.0,3.0,3991.4468995010693,6.0
Super built-up  Area,Tumkur Road,1416.0,3.0,1.0,94.0,3.0,6638.418079096045,6.0
Super built-up  Area,Kanakpura Road,1628.0,2.0,2.0,68.0,2.0,4176.904176904177,4.0
Plot  Area,Chamrajpet,1660.4,4.0,2.0,211.0,4.0,12707.781257528306,8.0
Super built-up  Area,7th Phase JP Nagar,1680.0,3.0,2.0,125.0,3.0,7440.476190476191,6.0
Super built-up  Area,Doddathoguru,1595.0,3.0,3.0,62.0,3.0,3887.1473354231975,6.0
Super built-up  Area,Kanakpura Road,1507.0,2.0,3.0,95.0,3.0,6303.9150630391505,5.0
Super built-up  Area,Frazer Town,2560.0,3.0,2.0,288.0,3.0,11250.0,6.0
Super built-up  Area,Hennur Road,1949.0,3.0,1.0,133.0,3.0,6824.012314007183,6.0
Plot  Area,BTM 2nd Stage,800.0,2.0,1.0,175.0,2.0,21875.0,4.0
Built-up  Area,Electronic City Phase II,1000.0,2.0,1.0,28.88,2.0,2888.0,4.0
Super built-up  Area,Other,905.0,2.0,1.0,50.0,2.0,5524.861878453039,4.0
Super built-up  Area,Hosakerehalli,2480.0,3.0,2.0,245.0,3.0,9879.032258064517,6.0
Super built-up  Area,Other,1495.0,3.0,2.0,200.0,3.0,13377.926421404682,6.0
Super built-up  Area,Kaikondrahalli,1605.0,3.0,3.0,105.0,3.0,6542.056074766355,6.0
Built-up  Area,Bommanahalli,1290.0,2.0,1.0,73.0,2.0,5658.914728682171,4.0
Super built-up  Area,Yelahanka,1100.0,2.0,1.0,60.0,2.0,5454.545454545455,4.0
Super built-up  Area,Vishveshwarya Layout,2100.0,6.0,0.0,92.0,6.0,4380.952380952381,12.0
Super built-up  Area,Electronics City Phase 1,995.0,2.0,1.0,49.8,2.0,5005.025125628141,4.0
Super built-up  Area,Rajaji Nagar,3526.0,4.0,3.0,598.0,4.0,16959.727736812252,8.0
Super built-up  Area,Gottigere,1425.0,2.0,2.0,47.0,3.0,3298.245614035088,5.0
Super built-up  Area,Other,1455.0,2.0,2.0,55.0,3.0,3780.0687285223366,5.0
Super built-up  Area,Other,550.0,1.0,1.0,23.0,1.0,4181.818181818182,2.0
Plot  Area,Vishveshwarya Layout,7000.0,4.0,2.0,210.0,4.0,3000.0,8.0
Super built-up  Area,Other,4000.0,3.0,0.0,130.0,5.0,3250.0,8.0
Super built-up  Area,Other,1060.0,2.0,1.0,53.0,2.0,5000.0,4.0
Super built-up  Area,Other,1080.0,2.0,2.0,75.0,3.0,6944.444444444444,5.0
Built-up  Area,HBR Layout,1783.0,3.0,2.0,125.0,3.0,7010.656197420079,6.0
Super built-up  Area,Haralur Road,1520.0,2.0,2.0,90.0,3.0,5921.0526315789475,5.0
Super built-up  Area,Sarjapur  Road,1060.0,2.0,1.0,55.0,2.0,5188.679245283019,4.0
Super built-up  Area,Raja Rajeshwari Nagar,1267.0,2.0,1.0,54.35,2.0,4289.6606156274665,4.0
Super built-up  Area,Whitefield,1155.0,2.0,2.0,55.0,2.0,4761.9047619047615,4.0
Built-up  Area,Karuna Nagar,2500.0,3.0,2.0,180.0,3.0,7200.0,6.0
Super built-up  Area,Bannerghatta Road,1240.0,2.0,1.0,65.0,2.0,5241.935483870968,4.0
Super built-up  Area,Other,1570.0,3.0,2.0,78.0,3.0,4968.152866242038,6.0
Super built-up  Area,NGR Layout,1019.0,2.0,1.0,45.9,2.0,4504.41609421001,4.0
Super built-up  Area,Whitefield,1355.0,3.0,3.0,76.0,2.0,5608.856088560886,5.0
Super built-up  Area,Other,1537.0,3.0,2.0,110.0,3.0,7156.79895901106,6.0
Super built-up  Area,Whitefield,4075.0,5.0,3.0,226.0,4.0,5546.01226993865,9.0
Super built-up  Area,Raja Rajeshwari Nagar,1550.0,3.0,3.0,52.45,3.0,3383.8709677419356,6.0
Built-up  Area,Raja Rajeshwari Nagar,1100.0,2.0,1.0,50.0,2.0,4545.454545454545,4.0
Super built-up  Area,Other,1750.0,3.0,2.0,150.0,3.0,8571.42857142857,6.0
Super built-up  Area,9th Phase JP Nagar,1466.0,2.0,2.0,71.0,2.0,4843.110504774898,4.0
Super built-up  Area,Rachenahalli,1550.0,3.0,2.0,72.5,3.0,4677.419354838709,6.0
Super built-up  Area,Akshaya Nagar,2300.0,4.0,3.0,102.0,3.0,4434.782608695652,7.0
Super built-up  Area,Kengeri,540.0,1.0,1.0,22.5,1.0,4166.666666666667,2.0
Plot  Area,8th Phase JP Nagar,950.0,3.0,2.0,130.0,3.0,13684.21052631579,6.0
Built-up  Area,Other,2800.0,7.0,1.0,250.0,7.0,8928.57142857143,14.0
Super built-up  Area,Other,1020.0,2.0,3.0,48.0,2.0,4705.882352941177,4.0
Super built-up  Area,Cunningham Road,2880.0,3.0,2.0,501.0,3.0,17395.833333333332,6.0
Super built-up  Area,Hebbal,1987.0,4.0,2.0,165.0,3.0,8303.975842979366,7.0
Super built-up  Area,Hoodi,1305.0,2.0,1.0,75.0,2.0,5747.126436781609,4.0
Built-up  Area,Sarjapur,2100.0,3.0,1.0,125.0,4.0,5952.380952380952,7.0
Built-up  Area,Electronic City,1125.0,2.0,1.0,32.5,2.0,2888.8888888888887,4.0
Super built-up  Area,Horamavu Banaswadi,1225.0,2.0,2.0,49.5,2.0,4040.816326530612,4.0
Super built-up  Area,Hennur,1255.0,2.0,1.0,55.5,2.0,4422.310756972111,4.0
Super built-up  Area,Other,1191.0,2.0,1.0,90.0,2.0,7556.675062972292,4.0
Plot  Area,Uttarahalli,3600.0,6.0,2.0,303.0,6.0,8416.666666666666,12.0
Built-up  Area,Electronic City,1165.0,2.0,1.0,33.64,2.0,2887.5536480686696,4.0
Super built-up  Area,Other,865.0,2.0,1.0,35.11,2.0,4058.9595375722542,4.0
Super built-up  Area,Nagarbhavi,1850.0,2.0,2.0,88.0,3.0,4756.756756756757,5.0
Super built-up  Area,Hennur Road,1232.0,2.0,2.0,89.0,2.0,7224.025974025974,4.0
Super built-up  Area,Thanisandra,1732.0,3.0,3.0,85.73,3.0,4949.769053117783,6.0
Super built-up  Area,Yelahanka,1614.0,2.0,1.0,100.0,3.0,6195.786864931846,5.0
Built-up  Area,Magadi Road,600.0,1.0,1.0,22.0,2.0,3666.6666666666665,3.0
Super built-up  Area,Thigalarapalya,2072.0,4.0,2.0,155.0,3.0,7480.694980694981,7.0
Super built-up  Area,Electronic City,919.0,2.0,2.0,34.0,2.0,3699.6735582154515,4.0
Built-up  Area,Other,2100.0,4.0,1.0,90.0,4.0,4285.714285714285,8.0
Plot  Area,Other,1200.0,3.0,1.0,150.0,3.0,12500.0,6.0
Super built-up  Area,Other,2849.0,5.0,2.0,250.0,4.0,8775.008775008775,9.0
Built-up  Area,Other,1000.0,2.0,2.0,42.0,2.0,4200.0,4.0
Super built-up  Area,Whitefield,1216.0,2.0,1.0,75.0,2.0,6167.763157894737,4.0
Super built-up  Area,Lingadheeranahalli,2245.0,4.0,2.0,154.0,4.0,6859.688195991092,8.0
Super built-up  Area,Bannerghatta Road,1476.0,3.0,1.0,125.0,3.0,8468.834688346884,6.0
Super built-up  Area,Ambedkar Nagar,1852.0,3.0,2.0,130.0,3.0,7019.438444924406,6.0
Super built-up  Area,Other,1225.0,2.0,2.0,47.0,2.0,3836.734693877551,4.0
Super built-up  Area,Panathur,1597.0,3.0,1.0,67.12,3.0,4202.880400751409,6.0
Super built-up  Area,Jakkur,2423.0,4.0,3.0,160.0,3.0,6603.38423442014,7.0
Super built-up  Area,Marathahalli,1152.0,2.0,1.0,90.0,2.0,7812.5,4.0
Super built-up  Area,Harlur,1762.0,3.0,2.0,133.0,3.0,7548.240635641317,6.0
Plot  Area,Kammasandra,1400.0,3.0,2.0,92.0,3.0,6571.428571428572,6.0
Plot  Area,Other,2400.0,6.0,3.0,400.0,6.0,16666.666666666668,12.0
Super built-up  Area,Raja Rajeshwari Nagar,1185.0,2.0,2.0,40.17,2.0,3389.8734177215188,4.0
Super built-up  Area,Yelahanka,1890.0,3.0,2.0,108.0,3.0,5714.285714285715,6.0
Super built-up  Area,Varthur Road,1247.0,2.0,2.0,58.0,3.0,4651.162790697675,5.0
Super built-up  Area,Bellandur,1201.0,2.0,2.0,59.99,2.0,4995.004163197335,4.0
Built-up  Area,Other,830.0,2.0,2.0,40.0,2.0,4819.277108433735,4.0
Built-up  Area,Electronic City Phase II,1165.0,2.0,1.0,30.29,2.0,2600.0,4.0
Super built-up  Area,Bommanahalli,1100.0,1.0,2.0,55.0,2.0,5000.0,3.0
Built-up  Area,9th Phase JP Nagar,1890.0,2.0,2.0,93.0,3.0,4920.6349206349205,5.0
Super built-up  Area,Other,1685.0,3.0,2.0,60.0,3.0,3560.8308605341244,6.0
Super built-up  Area,Sarakki Nagar,3131.0,4.0,3.0,349.0,4.0,11146.598530820824,8.0
Super built-up  Area,Battarahalli,1165.0,2.0,1.0,43.0,2.0,3690.987124463519,4.0
Super built-up  Area,Other,827.0,2.0,1.0,45.0,2.0,5441.354292623942,4.0
Plot  Area,Uttarahalli,1200.0,4.0,3.0,179.0,4.0,14916.666666666666,8.0
Built-up  Area,Electronics City Phase 1,635.0,1.0,0.0,26.0,1.0,4094.488188976378,2.0
Built-up  Area,Whitefield,4000.0,4.0,3.0,380.0,4.0,9500.0,8.0
Super built-up  Area,Other,1050.0,2.0,1.0,50.0,2.0,4761.9047619047615,4.0
Super built-up  Area,Jakkur,1819.18,3.0,2.0,168.0,3.0,9234.930023417144,6.0
Plot  Area,Kanakapura,1500.0,3.0,3.0,125.0,3.0,8333.333333333334,6.0
Super built-up  Area,Yelenahalli,1500.0,2.0,2.0,57.0,3.0,3800.0,5.0
Super built-up  Area,Benson Town,2850.0,4.0,3.0,470.0,3.0,16491.22807017544,7.0
Super built-up  Area,Raja Rajeshwari Nagar,1751.0,3.0,3.0,72.0,3.0,4111.936036550543,6.0
Super built-up  Area,Other,4750.0,6.0,1.0,1102.0,4.0,23200.0,10.0
Super built-up  Area,Bommasandra,1020.0,2.0,1.0,40.89,2.0,4008.823529411765,4.0
Super built-up  Area,Thanisandra,1148.0,2.0,1.0,43.5,2.0,3789.198606271777,4.0
Plot  Area,Other,4273.0,3.0,2.0,1100.0,3.0,25743.037678446057,6.0
Super built-up  Area,Other,1060.0,2.0,1.0,49.27,2.0,4648.11320754717,4.0
Built-up  Area,Haralur Road,1300.0,2.0,2.0,60.0,2.0,4615.384615384615,4.0
Built-up  Area,Hormavu,3000.0,4.0,0.0,100.0,4.0,3333.3333333333335,8.0
Super built-up  Area,Bellandur,1325.0,2.0,2.0,65.0,2.0,4905.66037735849,4.0
Super built-up  Area,Other,1261.0,2.0,2.0,61.0,2.0,4837.430610626487,4.0
Super built-up  Area,Other,1100.0,2.0,2.0,46.0,2.0,4181.818181818182,4.0
Built-up  Area,Ramamurthy Nagar,700.0,2.0,1.0,33.0,2.0,4714.285714285715,4.0
Super built-up  Area,7th Phase JP Nagar,1675.0,2.0,2.0,135.0,3.0,8059.701492537313,5.0
Plot  Area,Other,3400.0,4.0,2.0,190.0,4.0,5588.235294117647,8.0
Super built-up  Area,Kodihalli,3260.0,5.0,3.0,388.0,4.0,11901.840490797545,9.0
Super built-up  Area,Other,1180.0,2.0,2.0,56.0,2.0,4745.762711864407,4.0
Built-up  Area,Uttarahalli,1160.0,2.0,2.0,45.0,2.0,3879.310344827586,4.0
Super built-up  Area,Kasavanhalli,1863.0,3.0,2.0,105.0,4.0,5636.070853462158,7.0
Super built-up  Area,Sahakara Nagar,1914.0,3.0,2.0,149.0,3.0,7784.743991640544,6.0
Super built-up  Area,BTM Layout,1458.0,3.0,2.0,79.0,3.0,5418.38134430727,6.0
Built-up  Area,Babusapalaya,1105.0,2.0,1.0,40.0,2.0,3619.9095022624433,4.0
Super built-up  Area,Hulimavu,3035.0,5.0,3.0,220.0,3.0,7248.764415156507,8.0
Super built-up  Area,Akshaya Nagar,1662.0,3.0,2.0,90.0,3.0,5415.162454873646,6.0
Super built-up  Area,Yelahanka,1556.0,3.0,2.0,86.0,3.0,5526.9922879177375,6.0
Super built-up  Area,Jigani,918.0,2.0,2.0,50.0,2.0,5446.623093681917,4.0
Super built-up  Area,Sarjapur  Road,1455.0,2.0,1.0,98.0,3.0,6735.395189003437,5.0
Super built-up  Area,Other,1205.0,2.0,1.0,70.0,2.0,5809.128630705394,4.0
Super built-up  Area,Other,1194.0,2.0,1.0,65.0,2.0,5443.886097152429,4.0
Plot  Area,Laggere,1200.0,2.0,0.0,75.0,2.0,6250.0,4.0
Built-up  Area,Bannerghatta Road,1100.0,2.0,2.0,52.0,3.0,4727.272727272727,5.0
Super built-up  Area,Sarjapur  Road,1405.0,3.0,2.0,48.87,3.0,3478.291814946619,6.0
Super built-up  Area,Subramanyapura,929.0,2.0,1.0,56.0,2.0,6027.9870828848225,4.0
Built-up  Area,Frazer Town,3436.0,5.0,2.0,341.0,4.0,9924.330616996507,9.0
Super built-up  Area,8th Phase JP Nagar,2100.0,4.0,3.0,92.0,4.0,4380.952380952381,8.0
Super built-up  Area,Channasandra,1065.0,2.0,1.0,40.47,2.0,3800.0,4.0
Super built-up  Area,Bannerghatta Road,1532.5,3.0,0.0,84.29,3.0,5500.163132137031,6.0
Super built-up  Area,Hormavu,1093.0,2.0,1.0,32.78,2.0,2999.085086916743,4.0
Built-up  Area,Anandapura,1250.0,2.0,2.0,45.0,2.0,3600.0,4.0
Super built-up  Area,Marathahalli,1680.0,3.0,3.0,105.0,3.0,6250.0,6.0
Super built-up  Area,Nagarbhavi,1146.0,2.0,1.0,50.0,2.0,4363.001745200698,4.0
Super built-up  Area,Other,1250.0,2.0,3.0,58.0,2.0,4640.0,4.0
Super built-up  Area,Ramagondanahalli,1451.0,3.0,1.0,60.44,3.0,4165.40317022743,6.0
Super built-up  Area,Other,1424.0,2.0,3.0,55.0,3.0,3862.3595505617977,5.0
Super built-up  Area,Gottigere,1435.0,2.0,3.0,62.0,3.0,4320.557491289199,5.0
Super built-up  Area,Devanahalli,658.0,1.0,0.0,26.91,1.0,4089.665653495441,2.0
Super built-up  Area,Bommanahalli,1300.0,3.0,2.0,45.0,3.0,3461.5384615384614,6.0
Super built-up  Area,Whitefield,1242.0,2.0,2.0,65.0,2.0,5233.494363929147,4.0
Super built-up  Area,Marathahalli,1910.0,3.0,3.0,119.0,3.0,6230.366492146597,6.0
Super built-up  Area,Yelahanka,1610.0,4.0,2.0,85.0,3.0,5279.503105590062,7.0
Super built-up  Area,Hulimavu,1127.0,2.0,1.0,65.0,2.0,5767.524401064774,4.0
Super built-up  Area,Yelahanka,1075.0,2.0,1.0,42.0,3.0,3906.9767441860463,5.0
Super built-up  Area,Mysore Road,1155.0,2.0,1.0,51.0,2.0,4415.584415584415,4.0
Super built-up  Area,Other,1250.0,3.0,1.0,55.0,3.0,4400.0,6.0
Plot  Area,Other,2200.0,4.0,2.0,160.0,3.0,7272.727272727273,7.0
Built-up  Area,Billekahalli,2400.0,3.0,1.0,150.0,3.0,6250.0,6.0
Super built-up  Area,Chandapura,876.0,2.0,2.0,29.5,2.0,3367.5799086757993,4.0
Super built-up  Area,Nagarbhavi,1850.0,2.0,2.0,89.0,3.0,4810.810810810811,5.0
Super built-up  Area,Kadugodi,1314.0,2.0,3.0,83.0,2.0,6316.590563165905,4.0
Super built-up  Area,Rachenahalli,690.0,1.0,1.0,39.8,1.0,5768.115942028985,2.0
Built-up  Area,Other,1230.0,2.0,3.0,55.0,2.0,4471.544715447155,4.0
Super built-up  Area,Bommasandra,920.0,2.0,1.0,37.2,2.0,4043.478260869566,4.0
Built-up  Area,Sarjapur  Road,1850.0,3.0,3.0,140.0,3.0,7567.5675675675675,6.0
Super built-up  Area,Electronic City,1073.0,2.0,2.0,60.0,2.0,5591.798695246971,4.0
Super built-up  Area,Other,1540.0,3.0,3.0,76.0,3.0,4935.064935064935,6.0
Super built-up  Area,Kanakpura Road,1550.0,3.0,3.0,63.5,3.0,4096.774193548387,6.0
Super built-up  Area,Kalyan nagar,1198.0,2.0,1.0,65.0,2.0,5425.709515859767,4.0
Super built-up  Area,HBR Layout,1656.0,3.0,2.0,90.0,3.0,5434.782608695652,6.0
Super built-up  Area,Other,1900.0,3.0,3.0,155.0,3.0,8157.894736842105,6.0
Built-up  Area,Ramagondanahalli,1910.0,3.0,2.0,142.0,3.0,7434.55497382199,6.0
Super built-up  Area,Mysore Road,1003.0,2.0,1.0,43.0,2.0,4287.138584247258,4.0
Super built-up  Area,Whitefield,1495.0,2.0,2.0,67.0,3.0,4481.605351170569,5.0
Super built-up  Area,Thanisandra,2172.0,3.0,2.0,76.02,3.0,3500.0,6.0
Plot  Area,Sarakki Nagar,2400.0,4.0,2.0,358.0,4.0,14916.666666666666,8.0
Plot  Area,Other,1200.0,1.0,2.0,95.0,2.0,7916.666666666667,3.0
Super built-up  Area,Whitefield,1548.0,3.0,1.0,65.0,3.0,4198.966408268734,6.0
Plot  Area,Other,5400.0,5.0,2.0,972.0,7.0,18000.0,12.0
Super built-up  Area,Whitefield,2856.0,5.0,0.0,154.5,4.0,5409.663865546218,9.0
Super built-up  Area,Hosur Road,1689.0,3.0,1.0,103.0,3.0,6098.283007696862,6.0
Super built-up  Area,Electronic City Phase II,1031.0,2.0,1.0,53.0,2.0,5140.640155189137,4.0
Super built-up  Area,Bhoganhalli,2119.0,4.0,2.0,111.0,4.0,5238.319962246343,8.0
Plot  Area,Whitefield,1200.0,2.0,2.0,46.13,2.0,3844.1666666666665,4.0
Super built-up  Area,Other,1060.0,2.0,2.0,37.0,2.0,3490.566037735849,4.0
Super built-up  Area,Other,1100.0,2.0,1.0,61.0,2.0,5545.454545454545,4.0
Plot  Area,Other,1350.0,4.0,2.0,225.0,4.0,16666.666666666668,8.0
Super built-up  Area,Hennur Road,1250.0,2.0,1.0,77.88,3.0,6230.4,5.0
Super built-up  Area,Other,1100.0,2.0,2.0,110.0,2.0,10000.0,4.0
Plot  Area,Whitefield,1200.0,2.0,1.0,46.13,2.0,3844.1666666666665,4.0
Super built-up  Area,Seegehalli,1420.0,2.0,2.0,46.0,3.0,3239.43661971831,5.0
Super built-up  Area,Electronic City,1500.0,2.0,1.0,78.0,3.0,5200.0,5.0
Built-up  Area,Other,1942.0,3.0,1.0,155.0,3.0,7981.462409886714,6.0
Super built-up  Area,Haralur Road,1985.0,3.0,2.0,130.0,3.0,6549.11838790932,6.0
Super built-up  Area,Sarjapur  Road,950.0,1.0,0.0,39.9,1.0,4200.0,2.0
Plot  Area,Other,1200.0,4.0,2.0,80.0,3.0,6666.666666666667,7.0
Super built-up  Area,Green Glen Layout,1752.0,3.0,2.0,105.0,3.0,5993.1506849315065,6.0
Plot  Area,Abbigere,1200.0,3.0,2.0,120.0,4.0,10000.0,7.0
Super built-up  Area,Old Madras Road,1480.0,2.0,2.0,84.0,3.0,5675.675675675676,5.0
Super built-up  Area,Sarjapur  Road,1826.0,3.0,2.0,130.0,3.0,7119.386637458927,6.0
Super built-up  Area,8th Phase JP Nagar,1035.0,2.0,1.0,39.33,2.0,3800.0,4.0
Built-up  Area,Sarjapur  Road,2600.0,4.0,2.0,98.0,4.0,3769.230769230769,8.0
Built-up  Area,Kasavanhalli,1667.0,3.0,2.0,92.0,3.0,5518.896220755849,6.0
Super built-up  Area,Thanisandra,934.0,2.0,2.0,55.0,2.0,5888.650963597431,4.0
Super built-up  Area,Mahadevpura,1620.0,2.0,1.0,76.0,3.0,4691.358024691358,5.0
Super built-up  Area,Electronic City,1070.0,2.0,1.0,47.0,2.0,4392.523364485981,4.0
Built-up  Area,Hosur Road,3600.0,5.0,3.0,180.0,5.0,5000.0,10.0
Super built-up  Area,Uttarahalli,1280.0,2.0,2.0,60.0,3.0,4687.5,5.0
Super built-up  Area,Other,1400.0,2.0,2.0,60.0,2.0,4285.714285714285,4.0
Built-up  Area,Other,1330.0,2.0,1.0,64.0,2.0,4812.0300751879695,4.0
Super built-up  Area,Electronic City Phase II,1611.0,2.0,2.0,48.33,3.0,3000.0,5.0
Super built-up  Area,Whitefield,1405.0,3.0,2.0,58.0,3.0,4128.113879003558,6.0
Super built-up  Area,Other,1515.0,3.0,3.0,90.0,3.0,5940.59405940594,6.0
Super built-up  Area,Thigalarapalya,1830.0,4.0,2.0,150.0,3.0,8196.72131147541,7.0
Built-up  Area,Kaggadasapura,1710.0,3.0,0.0,60.0,3.0,3508.7719298245615,6.0
Built-up  Area,BTM Layout,935.0,2.0,1.0,51.5,2.0,5508.0213903743315,4.0
Super built-up  Area,Jakkur,2197.0,3.0,2.0,136.0,3.0,6190.259444697314,6.0
Super built-up  Area,Yeshwanthpur,1678.0,3.0,2.0,92.13,3.0,5490.464839094159,6.0
Built-up  Area,Brookefield,1410.0,2.0,0.0,80.0,3.0,5673.758865248227,5.0
Super built-up  Area,Jakkur,1125.0,2.0,2.0,65.0,2.0,5777.777777777777,4.0
Super built-up  Area,Magadi Road,1191.0,2.0,1.0,55.38,3.0,4649.8740554156175,5.0
Super built-up  Area,Thubarahalli,1200.0,2.0,2.0,79.0,2.0,6583.333333333333,4.0
Super built-up  Area,CV Raman Nagar,1525.0,2.0,3.0,67.0,3.0,4393.44262295082,5.0
Super built-up  Area,Other,1464.0,3.0,3.0,56.0,3.0,3825.136612021858,6.0
Super built-up  Area,Seegehalli,920.0,2.0,1.0,27.0,2.0,2934.782608695652,4.0
Built-up  Area,Yelahanka,651.0,1.0,1.0,17.5,1.0,2688.1720430107525,2.0
Super built-up  Area,Chikkabanavar,600.0,1.0,2.0,25.0,2.0,4166.666666666667,3.0
Super built-up  Area,Thanisandra,1185.0,2.0,2.0,44.0,2.0,3713.0801687763715,4.0
Super built-up  Area,Electronics City Phase 1,1190.0,2.0,1.0,68.0,2.0,5714.285714285715,4.0
Super built-up  Area,Whitefield,2856.0,5.0,0.0,158.5,4.0,5549.7198879551825,9.0
Super built-up  Area,Whitefield,1355.0,2.0,3.0,73.0,2.0,5387.453874538745,4.0
Plot  Area,KR Puram,1200.0,1.0,0.0,65.0,2.0,5416.666666666667,3.0
Plot  Area,Kundalahalli,7000.0,4.0,3.0,550.0,4.0,7857.142857142857,8.0
Super built-up  Area,Yelahanka New Town,500.0,2.0,1.0,24.0,1.0,4800.0,3.0
Super built-up  Area,Bommasandra Industrial Area,1250.0,3.0,3.0,50.0,3.0,4000.0,6.0
Built-up  Area,Uttarahalli,1480.0,2.0,1.0,58.0,3.0,3918.9189189189187,5.0
Built-up  Area,Ambalipura,3300.0,4.0,2.0,329.0,4.0,9969.69696969697,8.0
Super built-up  Area,Other,1206.0,2.0,1.0,53.0,2.0,4394.69320066335,4.0
Super built-up  Area,Rajaji Nagar,1357.0,2.0,1.0,130.0,2.0,9579.955784819454,4.0
Built-up  Area,Hosakerehalli,925.0,2.0,1.0,46.5,2.0,5027.027027027027,4.0
Super built-up  Area,8th Phase JP Nagar,909.0,2.0,1.0,40.9,2.0,4499.4499449945,4.0
Plot  Area,Seegehalli,3000.0,5.0,2.0,335.0,3.0,11166.666666666666,8.0
Built-up  Area,Brookefield,1100.0,2.0,1.0,55.0,2.0,5000.0,4.0
Plot  Area,Malleshwaram,3000.0,5.0,2.0,815.0,4.0,27166.666666666668,9.0
Super built-up  Area,Raja Rajeshwari Nagar,1306.0,2.0,2.0,44.17,2.0,3382.08269525268,4.0
Plot  Area,Other,1200.0,4.0,1.0,95.0,4.0,7916.666666666667,8.0
Super built-up  Area,Kalena Agrahara,610.0,1.0,1.0,39.0,1.0,6393.44262295082,2.0
Super built-up  Area,Yelahanka,1484.0,2.0,2.0,56.4,3.0,3800.5390835579515,5.0
Super built-up  Area,Ramamurthy Nagar,1125.0,2.0,1.0,47.0,2.0,4177.777777777777,4.0
Super built-up  Area,Whitefield,2882.0,5.0,1.0,158.0,4.0,5482.303955586398,9.0
Super built-up  Area,Kundalahalli,2075.0,3.0,1.0,115.0,3.0,5542.168674698795,6.0
Built-up  Area,Other,1250.0,2.0,1.0,58.0,2.0,4640.0,4.0
Super built-up  Area,Horamavu Banaswadi,1272.0,2.0,2.0,51.5,2.0,4048.7421383647797,4.0
Super built-up  Area,Other,625.0,2.0,1.0,24.0,2.0,3840.0,4.0
Built-up  Area,1st Phase JP Nagar,840.0,2.0,2.0,50.0,1.0,5952.380952380952,3.0
Super built-up  Area,Hennur Road,2502.0,4.0,2.0,180.0,4.0,7194.244604316546,8.0
Super built-up  Area,Rayasandra,583.0,1.0,1.0,26.9,1.0,4614.065180102916,2.0
Super built-up  Area,Other,900.0,2.0,1.0,27.0,2.0,3000.0,4.0
Built-up  Area,Kanakapura,2200.0,3.0,1.0,121.0,3.0,5500.0,6.0
Super built-up  Area,Whitefield,750.0,1.0,1.0,51.0,1.0,6800.0,2.0
Super built-up  Area,Marathahalli,1600.0,3.0,3.0,58.0,3.0,3625.0,6.0
Super built-up  Area,Chikkalasandra,1365.0,2.0,2.0,49.0,3.0,3589.74358974359,5.0
Built-up  Area,Other,1300.0,3.0,2.0,64.0,3.0,4923.076923076923,6.0
Built-up  Area,Other,1200.0,1.0,0.0,69.0,1.0,5750.0,2.0
Super built-up  Area,Hormavu,1260.0,2.0,2.0,35.0,2.0,2777.777777777778,4.0
Super built-up  Area,Electronics City Phase 1,1190.0,2.0,2.0,33.92,2.0,2850.4201680672268,4.0
Super built-up  Area,Hosakerehalli,2480.0,4.0,1.0,260.0,3.0,10483.870967741936,7.0
Super built-up  Area,Vishwapriya Layout,1250.0,3.0,2.0,38.0,3.0,3040.0,6.0
Built-up  Area,Kaggadasapura,1500.0,3.0,0.0,75.0,3.0,5000.0,6.0
Super built-up  Area,Banashankari Stage V,1510.0,3.0,3.0,47.57,3.0,3150.3311258278145,6.0
Super built-up  Area,7th Phase JP Nagar,1187.0,2.0,1.0,59.0,2.0,4970.513900589722,4.0
Super built-up  Area,Kundalahalli,1120.0,2.0,1.0,53.76,2.0,4800.0,4.0
Super built-up  Area,Whitefield,1115.0,2.0,0.0,34.555,2.0,3099.103139013453,4.0
Super built-up  Area,Other,1717.0,3.0,3.0,99.0,3.0,5765.87070471753,6.0
Built-up  Area,Other,2099.0,3.0,2.0,95.0,3.0,4525.964745116722,6.0
Super built-up  Area,Kasturi Nagar,1100.0,2.0,2.0,58.0,2.0,5272.727272727273,4.0
Plot  Area,Other,1200.0,1.0,0.0,48.0,1.0,4000.0,2.0
Built-up  Area,Bannerghatta Road,1465.0,2.0,1.0,45.87,3.0,3131.0580204778157,5.0
Plot  Area,Kothanur,1500.0,1.0,0.0,75.0,1.0,5000.0,2.0
Plot  Area,Other,4050.0,4.0,1.0,600.0,5.0,14814.814814814816,9.0
Super built-up  Area,Haralur Road,1255.0,2.0,1.0,90.0,3.0,7171.314741035857,5.0
Super built-up  Area,5th Phase JP Nagar,1220.0,2.0,3.0,88.0,2.0,7213.11475409836,4.0
Built-up  Area,Electronic City Phase II,1065.0,2.0,1.0,30.88,2.0,2899.5305164319248,4.0
Built-up  Area,Sultan Palaya,1765.0,3.0,3.0,80.0,3.0,4532.57790368272,6.0
Super built-up  Area,Bellandur,1281.0,2.0,2.0,87.0,2.0,6791.569086651054,4.0
Super built-up  Area,Electronic City,1210.0,2.0,2.0,25.0,2.0,2066.115702479339,4.0
Carpet  Area,Kaggadasapura,1215.0,2.0,3.0,43.0,2.0,3539.0946502057614,4.0
Plot  Area,Ananth Nagar,1200.0,3.0,1.0,87.0,4.0,7250.0,7.0
Super built-up  Area,Mysore Road,1237.0,2.0,2.0,73.0,2.0,5901.3742926434925,4.0
Super built-up  Area,Lakshminarayana Pura,1300.0,2.0,1.0,70.0,2.0,5384.615384615385,4.0
Super built-up  Area,Whitefield,1105.0,2.0,2.0,39.99,2.0,3619.004524886878,4.0
Super built-up  Area,Chandapura,1505.0,2.0,2.0,42.0,3.0,2790.6976744186045,5.0
Super built-up  Area,Hebbal Kempapura,3900.0,5.0,2.0,310.0,4.0,7948.717948717948,9.0
Built-up  Area,Banashankari,1186.0,2.0,3.0,65.0,2.0,5480.607082630691,4.0
Super built-up  Area,Kengeri,750.0,2.0,1.0,35.5,2.0,4733.333333333333,4.0
Built-up  Area,Varthur,1083.0,2.0,2.0,28.0,2.0,2585.410895660203,4.0
Built-up  Area,Other,1430.0,2.0,1.0,78.65,3.0,5500.000000000001,5.0
Super built-up  Area,Thanisandra,1056.0,2.0,2.0,68.0,2.0,6439.393939393939,4.0
Super built-up  Area,Other,2108.0,3.0,3.0,85.0,3.0,4032.2580645161293,6.0
Super built-up  Area,Banashankari,1650.0,3.0,2.0,101.0,3.0,6121.212121212121,6.0
Built-up  Area,Electronic City Phase II,1220.0,3.0,1.0,36.6,3.0,3000.0,6.0
Super built-up  Area,Rayasandra,1198.0,2.0,1.0,54.0,2.0,4507.512520868114,4.0
Super built-up  Area,Other,1190.0,2.0,1.0,70.0,2.0,5882.35294117647,4.0
Built-up  Area,Other,900.0,2.0,1.0,41.0,2.0,4555.555555555556,4.0
Super built-up  Area,Other,2690.0,4.0,2.0,185.0,4.0,6877.323420074349,8.0
Built-up  Area,Kanakapura,1340.0,2.0,2.0,65.0,2.0,4850.746268656716,4.0
Plot  Area,Bommenahalli,2940.0,3.0,2.0,2250.0,4.0,76530.61224489796,7.0
Plot  Area,Giri Nagar,2400.0,6.0,1.0,400.0,6.0,16666.666666666668,12.0
Super built-up  Area,Yelahanka,1260.0,2.0,2.0,59.2,2.0,4698.412698412699,4.0
Super built-up  Area,Talaghattapura,2254.0,3.0,2.0,153.0,3.0,6787.93256433008,6.0
Super built-up  Area,Old Madras Road,2990.0,5.0,1.0,210.0,3.0,7023.411371237458,8.0
Built-up  Area,Other,1800.0,5.0,1.0,250.0,4.0,13888.888888888889,9.0
Built-up  Area,JP Nagar,820.0,2.0,1.0,45.0,2.0,5487.804878048781,4.0
Super built-up  Area,Electronic City,1296.0,2.0,2.0,65.0,2.0,5015.432098765432,4.0
Super built-up  Area,Uttarahalli,1190.0,2.0,1.0,53.55,2.0,4500.0,4.0
Super built-up  Area,Whitefield,1173.0,2.0,1.0,77.0,2.0,6564.364876385337,4.0
Plot  Area,Sarjapura - Attibele Road,1800.0,3.0,2.0,90.0,3.0,5000.0,6.0
Built-up  Area,Yelahanka,1102.0,2.0,0.0,52.0,2.0,4718.693284936479,4.0
Super built-up  Area,Sarjapur,913.0,2.0,1.0,36.0,2.0,3943.0449069003284,4.0
Super built-up  Area,Hormavu,1176.0,2.0,1.0,35.27,3.0,2999.149659863946,5.0
Built-up  Area,Prithvi Layout,1620.0,3.0,2.0,65.0,3.0,4012.3456790123455,6.0
Super built-up  Area,Billekahalli,2968.0,3.0,2.0,225.0,3.0,7580.8625336927225,6.0
Super built-up  Area,Yelahanka,1519.0,2.0,3.0,65.0,2.0,4279.131007241606,4.0
Super built-up  Area,Other,1594.0,3.0,2.0,99.0,3.0,6210.790464240903,6.0
Super built-up  Area,Other,1250.0,2.0,1.0,68.0,2.0,5440.0,4.0
Super built-up  Area,Haralur Road,1056.0,2.0,1.0,60.0,2.0,5681.818181818182,4.0
Plot  Area,Whitefield,1200.0,3.0,1.0,68.4,3.0,5700.000000000001,6.0
Plot  Area,Other,1290.0,1.0,0.0,77.5,2.0,6007.751937984496,3.0
Built-up  Area,Other,1150.0,2.0,1.0,48.0,2.0,4173.913043478261,4.0
Super built-up  Area,Other,1464.0,2.0,1.0,145.0,2.0,9904.371584699453,4.0
Plot  Area,Anekal,1200.0,2.0,1.0,36.0,4.0,3000.0,6.0
Built-up  Area,Gollarapalya Hosahalli,861.0,2.0,0.0,36.5,2.0,4239.256678281068,4.0
Super built-up  Area,Kundalahalli,1047.0,2.0,1.0,82.62,2.0,7891.117478510028,4.0
Plot  Area,Other,1200.0,2.0,0.0,75.0,2.0,6250.0,4.0
Built-up  Area,Other,1065.0,2.0,1.0,45.0,2.0,4225.352112676056,4.0
Built-up  Area,Rajaji Nagar,2300.0,3.0,3.0,369.0,3.0,16043.478260869566,6.0
Super built-up  Area,Ramamurthy Nagar,1000.0,2.0,1.0,62.0,2.0,6200.0,4.0
Super built-up  Area,Lingadheeranahalli,1682.0,3.0,1.0,113.0,3.0,6718.192627824019,6.0
Super built-up  Area,Harlur,1756.0,3.0,2.0,131.0,3.0,7460.136674259681,6.0
Plot  Area,Other,4000.0,4.0,2.0,1000.0,5.0,25000.0,9.0
Super built-up  Area,Vittasandra,1238.0,2.0,1.0,67.32,2.0,5437.802907915992,4.0
Super built-up  Area,Dasanapura,814.0,2.0,1.0,42.0,2.0,5159.7051597051595,4.0
Built-up  Area,Dodda Nekkundi,1145.0,2.0,1.0,46.5,2.0,4061.1353711790393,4.0
Super built-up  Area,Varthur,965.0,2.0,1.0,34.0,2.0,3523.316062176166,4.0
Super built-up  Area,Other,750.0,2.0,1.0,36.0,2.0,4800.0,4.0
Built-up  Area,Banashankari,1300.0,2.0,2.0,55.0,3.0,4230.7692307692305,5.0
Super built-up  Area,1st Phase JP Nagar,1590.0,3.0,3.0,131.0,3.0,8238.993710691824,6.0
Super built-up  Area,Begur Road,644.0,1.0,1.0,40.0,1.0,6211.180124223602,2.0
Super built-up  Area,Whitefield,982.0,2.0,1.0,37.0,2.0,3767.8207739307536,4.0
Super built-up  Area,Indira Nagar,1260.0,2.0,2.0,100.0,2.0,7936.507936507936,4.0
Super built-up  Area,Rayasandra,1555.0,3.0,2.0,75.17,3.0,4834.083601286174,6.0
Built-up  Area,Other,2500.0,4.0,1.0,450.0,4.0,18000.0,8.0
Super built-up  Area,Kaggadasapura,1225.0,2.0,2.0,48.0,2.0,3918.3673469387754,4.0
Super built-up  Area,Electronics City Phase 1,1085.0,2.0,1.0,46.0,2.0,4239.6313364055295,4.0
Super built-up  Area,Rajaji Nagar,1640.0,3.0,2.0,220.0,3.0,13414.634146341463,6.0
Built-up  Area,Thanisandra,1595.0,3.0,1.0,110.0,3.0,6896.551724137931,6.0
Super built-up  Area,Raja Rajeshwari Nagar,1196.0,2.0,2.0,40.44,2.0,3381.2709030100336,4.0
Super built-up  Area,Yelahanka,1859.0,3.0,1.0,108.0,3.0,5809.575040344271,6.0
Super built-up  Area,9th Phase JP Nagar,1079.0,2.0,1.0,60.0,2.0,5560.704355885079,4.0
Super built-up  Area,Whitefield,1118.0,2.0,1.0,42.0,2.0,3756.7084078711987,4.0
Super built-up  Area,CV Raman Nagar,1198.0,2.0,2.0,60.0,2.0,5008.347245409015,4.0
Super built-up  Area,Thigalarapalya,1830.0,4.0,2.0,135.0,3.0,7377.049180327869,7.0
Super built-up  Area,Banashankari Stage VI,1160.0,2.0,1.0,59.0,2.0,5086.206896551724,4.0
Super built-up  Area,Other,1485.0,2.0,1.0,156.0,3.0,10505.050505050505,5.0
Super built-up  Area,Other,2070.0,3.0,3.0,135.0,3.0,6521.739130434783,6.0
Built-up  Area,Kannamangala,957.0,2.0,0.0,52.5,2.0,5485.8934169279,4.0
Plot  Area,Basaveshwara Nagar,2400.0,4.0,1.0,310.0,5.0,12916.666666666666,9.0
Super built-up  Area,Bannerghatta Road,1268.0,2.0,1.0,69.0,2.0,5441.640378548896,4.0
Super built-up  Area,Bannerghatta Road,1450.0,2.0,2.0,87.0,3.0,6000.0,5.0
Built-up  Area,Other,1600.0,2.0,2.0,75.0,3.0,4687.5,5.0
Super built-up  Area,Uttarahalli,1330.0,2.0,1.0,57.0,3.0,4285.714285714285,5.0
Super built-up  Area,Jakkur,1355.0,2.0,2.0,65.0,3.0,4797.047970479704,5.0
Super built-up  Area,Other,1100.0,2.0,1.0,38.49,2.0,3499.090909090909,4.0
Super built-up  Area,Chikkalasandra,1075.0,2.0,1.0,46.76,2.0,4349.767441860465,4.0
Super built-up  Area,Other,800.0,2.0,1.0,55.0,2.0,6875.0,4.0
Built-up  Area,Other,900.0,1.0,1.0,44.0,2.0,4888.888888888889,3.0
Super built-up  Area,Haralur Road,1140.0,2.0,1.0,42.0,2.0,3684.2105263157896,4.0
Super built-up  Area,Other,1480.0,2.0,2.0,125.0,3.0,8445.945945945947,5.0
Super built-up  Area,Padmanabhanagar,1710.0,2.0,2.0,90.63,3.0,5300.0,5.0
Super built-up  Area,Talaghattapura,2106.0,3.0,3.0,148.0,3.0,7027.540360873694,6.0
Plot  Area,Other,3800.0,2.0,2.0,130.0,3.0,3421.0526315789475,5.0
Super built-up  Area,Marathahalli,1602.0,2.0,2.0,104.0,2.0,6491.8851435705365,4.0
Super built-up  Area,Sarjapur  Road,1660.0,2.0,2.0,116.0,3.0,6987.951807228916,5.0
Super built-up  Area,Electronic City Phase II,1549.0,3.0,2.0,80.0,3.0,5164.622336991608,6.0
Super built-up  Area,Marathahalli,700.0,1.0,1.0,38.0,1.0,5428.571428571428,2.0
Super built-up  Area,Balagere,1012.0,2.0,1.0,64.0,2.0,6324.110671936759,4.0
Super built-up  Area,Whitefield,1216.0,2.0,1.0,69.0,2.0,5674.3421052631575,4.0
Super built-up  Area,Electronic City Phase II,1065.0,2.0,1.0,56.13,2.0,5270.422535211268,4.0
Super built-up  Area,Thanisandra,1411.0,3.0,1.0,93.15,3.0,6601.700921332388,6.0
Super built-up  Area,Pai Layout,1400.0,2.0,2.0,57.5,2.0,4107.142857142857,4.0
Super built-up  Area,Hoskote,1250.0,3.0,2.0,29.0,3.0,2320.0,6.0
Super built-up  Area,Haralur Road,1245.0,2.0,3.0,62.0,2.0,4979.919678714859,4.0
Super built-up  Area,Choodasandra,1115.0,2.0,1.0,50.0,2.0,4484.304932735426,4.0
Super built-up  Area,Vidyaranyapura,1000.0,2.0,1.0,35.0,2.0,3500.0,4.0
Super built-up  Area,Panathur,1580.0,3.0,0.0,71.89,3.0,4550.0,6.0
Super built-up  Area,Subramanyapura,1800.0,3.0,2.0,90.0,3.0,5000.0,6.0
Super built-up  Area,Other,1500.0,2.0,2.0,130.0,2.0,8666.666666666666,4.0
Super built-up  Area,Kothannur,1275.0,3.0,2.0,44.0,3.0,3450.9803921568628,6.0
Super built-up  Area,Kasavanhalli,1494.0,3.0,2.0,82.0,3.0,5488.621151271754,6.0
Super built-up  Area,Bhoganhalli,1949.0,3.0,2.0,129.0,3.0,6618.778860954336,6.0
Super built-up  Area,BTM Layout,1020.0,2.0,1.0,46.5,2.0,4558.823529411765,4.0
Super built-up  Area,Mysore Road,883.0,2.0,1.0,45.0,2.0,5096.262740656852,4.0
Built-up  Area,Old Airport Road,3200.0,4.0,2.0,280.0,4.0,8750.0,8.0
Super built-up  Area,Other,2010.0,3.0,3.0,125.0,3.0,6218.905472636816,6.0
Super built-up  Area,Yeshwanthpur,1240.0,2.0,2.0,80.0,2.0,6451.612903225807,4.0
Super built-up  Area,6th Phase JP Nagar,1213.0,2.0,1.0,63.0,2.0,5193.734542456719,4.0
Super built-up  Area,Hegde Nagar,1835.0,3.0,3.0,88.0,3.0,4795.6403269754765,6.0
Super built-up  Area,Bannerghatta Road,2932.0,5.0,2.0,195.0,4.0,6650.75034106412,9.0
Built-up  Area,Whitefield,3425.0,5.0,2.0,250.0,4.0,7299.270072992701,9.0
Built-up  Area,Gottigere,945.0,2.0,0.0,45.0,2.0,4761.9047619047615,4.0
Super built-up  Area,Other,1504.0,2.0,2.0,100.0,3.0,6648.936170212766,5.0
Super built-up  Area,Lakshminarayana Pura,1569.0,3.0,2.0,150.0,3.0,9560.229445506691,6.0
Super built-up  Area,Harlur,1755.0,3.0,2.0,130.0,3.0,7407.407407407408,6.0
Super built-up  Area,Vijayanagar,1760.0,3.0,2.0,140.0,3.0,7954.545454545455,6.0
Super built-up  Area,Hoodi,1240.0,2.0,3.0,43.94,2.0,3543.548387096774,4.0
Super built-up  Area,Electronics City Phase 1,1450.0,3.0,2.0,72.54,3.0,5002.758620689656,6.0
Super built-up  Area,5th Phase JP Nagar,1000.0,2.0,0.0,48.0,2.0,4800.0,4.0
Plot  Area,Shivaji Nagar,3820.0,1.0,1.0,306.0,1.0,8010.471204188481,2.0
Super built-up  Area,Other,2000.0,4.0,2.0,145.0,5.0,7250.0,9.0
Super built-up  Area,Choodasandra,1215.0,2.0,2.0,59.0,2.0,4855.9670781893,4.0
Super built-up  Area,Yelachenahalli,1330.0,3.0,3.0,73.5,3.0,5526.315789473684,6.0
Super built-up  Area,Raja Rajeshwari Nagar,1178.0,2.0,1.0,75.0,2.0,6366.723259762309,4.0
Plot  Area,Hulimavu,1500.0,4.0,3.0,192.0,4.0,12800.0,8.0
Super built-up  Area,Other,2040.0,2.0,2.0,59.0,2.0,2892.156862745098,4.0
Super built-up  Area,Bellandur,2000.0,3.0,2.0,85.0,3.0,4250.0,6.0
Super built-up  Area,Other,1602.0,2.0,1.0,165.0,3.0,10299.625468164793,5.0
Plot  Area,Other,1200.0,4.0,1.0,130.0,4.0,10833.333333333334,8.0
Built-up  Area,Other,1800.0,3.0,1.0,220.0,3.0,12222.222222222223,6.0
Plot  Area,Dasarahalli,2400.0,2.0,1.0,152.0,3.0,6333.333333333333,5.0
Super built-up  Area,Sarjapur  Road,1700.0,3.0,3.0,108.0,3.0,6352.941176470588,6.0
Built-up  Area,Jigani,1200.0,3.0,2.0,65.0,3.0,5416.666666666667,6.0
Plot  Area,Other,1500.0,3.0,0.0,72.0,3.0,4800.0,6.0
Plot  Area,Karuna Nagar,1240.0,3.0,2.0,165.0,3.0,13306.451612903225,6.0
Built-up  Area,Whitefield,3000.0,3.0,2.0,400.0,3.0,13333.333333333334,6.0
Built-up  Area,Kanakpura Road,1737.0,3.0,3.0,85.0,3.0,4893.494530800231,6.0
Built-up  Area,Other,1280.0,2.0,1.0,48.0,3.0,3750.0,5.0
Super built-up  Area,CV Raman Nagar,1560.0,2.0,2.0,85.0,2.0,5448.717948717948,4.0
Super built-up  Area,Kambipura,883.0,2.0,1.0,44.0,2.0,4983.012457531144,4.0
Super built-up  Area,Kengeri Satellite Town,750.0,2.0,1.0,33.0,2.0,4400.0,4.0
Super built-up  Area,Brookefield,2400.0,3.0,3.0,140.0,4.0,5833.333333333333,7.0
Super built-up  Area,Other,900.0,2.0,1.0,45.0,2.0,5000.0,4.0
Super built-up  Area,Hormavu,1030.0,2.0,1.0,49.35,2.0,4791.26213592233,4.0
Super built-up  Area,7th Phase JP Nagar,1850.0,3.0,2.0,155.0,3.0,8378.378378378378,6.0
Built-up  Area,Hennur Road,1831.0,3.0,1.0,110.0,3.0,6007.646095030038,6.0
Super built-up  Area,Other,1095.0,2.0,1.0,38.33,2.0,3500.4566210045664,4.0
Built-up  Area,Electronic City Phase II,1320.0,2.0,1.0,38.13,3.0,2888.636363636364,5.0
Super built-up  Area,Sarjapur  Road,1272.5,2.0,0.0,40.72,3.0,3200.0,5.0
Built-up  Area,7th Phase JP Nagar,1000.0,2.0,1.0,61.0,2.0,6100.0,4.0
Super built-up  Area,Budigere,1820.0,3.0,2.0,85.4,3.0,4692.307692307692,6.0
Super built-up  Area,Bisuvanahalli,1075.0,2.0,1.0,41.0,3.0,3813.953488372093,5.0
Plot  Area,TC Palaya,1500.0,3.0,0.0,83.0,3.0,5533.333333333333,6.0
Super built-up  Area,Electronics City Phase 1,360.0,1.0,0.0,16.9,1.0,4694.444444444443,2.0
Super built-up  Area,Kadugodi,925.0,1.0,0.0,40.7,1.0,4400.000000000001,2.0
Super built-up  Area,Electronic City,1140.0,2.0,1.0,70.93,2.0,6221.9298245614045,4.0
Super built-up  Area,Other,1145.0,2.0,2.0,58.4,2.0,5100.436681222707,4.0
Super built-up  Area,Other,1862.0,3.0,3.0,120.0,3.0,6444.68313641246,6.0
Super built-up  Area,Devarachikkanahalli,947.0,2.0,2.0,43.0,2.0,4540.654699049631,4.0
Super built-up  Area,Kalena Agrahara,1120.0,2.0,2.0,40.0,2.0,3571.4285714285716,4.0
Built-up  Area,Other,2700.0,3.0,3.0,200.0,3.0,7407.407407407408,6.0
Super built-up  Area,Kaggadasapura,1805.0,2.0,2.0,75.0,3.0,4155.124653739612,5.0
Super built-up  Area,Basavangudi,1100.0,2.0,3.0,93.0,2.0,8454.545454545454,4.0
Plot  Area,Bommenahalli,1355.0,3.0,0.0,135.0,4.0,9963.09963099631,7.0
Built-up  Area,Other,1677.0,3.0,2.0,98.0,3.0,5843.768634466309,6.0
Built-up  Area,Other,2500.0,8.0,3.0,95.0,8.0,3800.0,16.0
Super built-up  Area,Uttarahalli,1560.0,3.0,3.0,74.0,3.0,4743.589743589743,6.0
Super built-up  Area,Arekere,2060.0,3.0,2.0,150.0,3.0,7281.553398058252,6.0
Super built-up  Area,Koramangala,1716.0,2.0,0.0,115.0,3.0,6701.631701631702,5.0
Super built-up  Area,Harlur,1864.0,3.0,1.0,140.0,3.0,7510.729613733905,6.0
Built-up  Area,Electronics City Phase 1,638.0,1.0,1.0,32.0,1.0,5015.673981191223,2.0
Super built-up  Area,Chandapura,937.0,2.0,1.0,30.0,2.0,3201.7075773745996,4.0
Built-up  Area,Other,1490.0,2.0,1.0,115.0,3.0,7718.120805369127,5.0
Super built-up  Area,Frazer Town,4856.0,5.0,3.0,410.0,4.0,8443.163097199342,9.0
Plot  Area,Whitefield,4003.0,6.0,1.0,525.0,4.0,13115.16362727954,10.0
Super built-up  Area,Whitefield,1100.0,2.0,1.0,37.0,2.0,3363.6363636363635,4.0
Super built-up  Area,Thigalarapalya,1000.0,2.0,2.0,48.53,2.0,4853.0,4.0
Super built-up  Area,Horamavu Agara,1060.0,2.0,1.0,37.0,2.0,3490.566037735849,4.0
Super built-up  Area,Kundalahalli,1047.0,2.0,1.0,91.0,2.0,8691.499522445081,4.0
Built-up  Area,Basaveshwara Nagar,1200.0,2.0,2.0,80.0,2.0,6666.666666666667,4.0
Super built-up  Area,Akshaya Nagar,1420.0,2.0,2.0,75.0,3.0,5281.69014084507,5.0
Super built-up  Area,Sarjapur  Road,1539.0,3.0,2.0,85.0,3.0,5523.066926575699,6.0
Super built-up  Area,Other,1550.0,3.0,1.0,59.0,3.0,3806.451612903226,6.0
Super built-up  Area,Kasavanhalli,1555.0,3.0,3.0,82.0,3.0,5273.311897106109,6.0
Super built-up  Area,Seegehalli,1553.0,3.0,3.0,68.0,3.0,4378.62202189311,6.0
Super built-up  Area,Electronic City Phase II,920.0,2.0,2.0,26.0,2.0,2826.086956521739,4.0
Super built-up  Area,Other,1740.0,3.0,3.0,120.0,3.0,6896.551724137931,6.0
Super built-up  Area,OMBR Layout,1855.0,3.0,2.0,145.0,3.0,7816.711590296496,6.0
Super built-up  Area,Kundalahalli,1724.0,3.0,1.0,146.0,3.0,8468.677494199535,6.0
Super built-up  Area,Other,1020.0,2.0,2.0,60.0,2.0,5882.35294117647,4.0
Super built-up  Area,Uttarahalli,1250.0,2.0,1.0,50.0,3.0,4000.0,5.0
Super built-up  Area,Sanjay nagar,1450.0,3.0,2.0,75.0,3.0,5172.413793103448,6.0
Super built-up  Area,Thubarahalli,1200.0,2.0,2.0,80.0,2.0,6666.666666666667,4.0
Built-up  Area,Haralur Road,1140.0,2.0,2.0,58.0,2.0,5087.7192982456145,4.0
Super built-up  Area,Other,550.0,1.0,1.0,16.0,1.0,2909.090909090909,2.0
Super built-up  Area,Bannerghatta Road,1450.0,3.0,1.0,44.0,3.0,3034.4827586206898,6.0
Super built-up  Area,Kanakpura Road,700.0,2.0,1.0,35.07,2.0,5010.0,4.0
Plot  Area,Whitefield,1200.0,3.0,1.0,56.0,3.0,4666.666666666667,6.0
Super built-up  Area,Yelahanka,1050.0,2.0,1.0,45.0,2.0,4285.714285714285,4.0
Super built-up  Area,Somasundara Palya,1600.0,3.0,3.0,69.0,3.0,4312.5,6.0
Super built-up  Area,Bannerghatta Road,1625.0,2.0,3.0,75.0,3.0,4615.384615384615,5.0
Super built-up  Area,Other,1492.0,2.0,2.0,65.0,2.0,4356.56836461126,4.0
Super built-up  Area,Whitefield,2856.0,5.0,0.0,157.5,4.0,5514.705882352941,9.0
Super built-up  Area,Sarjapur  Road,1489.0,2.0,3.0,82.0,3.0,5507.051712558764,5.0
Super built-up  Area,Kanakapura,1560.0,2.0,2.0,62.38,3.0,3998.7179487179487,5.0
Super built-up  Area,Haralur Road,1140.0,2.0,2.0,42.0,2.0,3684.2105263157896,4.0
Super built-up  Area,Other,1431.0,3.0,2.0,65.0,3.0,4542.278127183788,6.0
Super built-up  Area,Lingadheeranahalli,1682.0,3.0,1.0,114.0,3.0,6777.645659928657,6.0
Super built-up  Area,Panathur,1198.0,2.0,1.0,86.26,2.0,7200.33388981636,4.0
Plot  Area,Other,3664.0,3.0,2.0,325.0,3.0,8870.087336244542,6.0
Super built-up  Area,Sarjapur  Road,1550.0,2.0,2.0,69.75,3.0,4500.0,5.0
Super built-up  Area,Kodichikkanahalli,1026.0,2.0,1.0,45.0,2.0,4385.964912280701,4.0
Built-up  Area,Hennur,1260.0,2.0,2.0,52.0,3.0,4126.984126984127,5.0
Plot  Area,Other,690.0,2.0,0.0,42.0,2.0,6086.95652173913,4.0
Super built-up  Area,Sarjapur  Road,539.0,1.0,1.0,45.0,1.0,8348.794063079777,2.0
Built-up  Area,Sarakki Nagar,1200.0,4.0,1.0,85.0,4.0,7083.333333333333,8.0
Built-up  Area,Attibele,2400.0,3.0,3.0,120.0,3.0,5000.0,6.0
Super built-up  Area,Thubarahalli,1200.0,2.0,2.0,79.55,2.0,6629.166666666667,4.0
Plot  Area,Kundalahalli,2500.0,5.0,2.0,350.0,4.0,14000.0,9.0
Super built-up  Area,Sarjapur  Road,1186.0,2.0,2.0,40.0,3.0,3372.681281618887,5.0
Super built-up  Area,Thanisandra,1039.0,2.0,2.0,39.5,2.0,3801.732435033686,4.0
Plot  Area,Other,1500.0,5.0,3.0,233.0,4.0,15533.333333333334,9.0
Plot  Area,Gottigere,1500.0,4.0,1.0,100.0,5.0,6666.666666666667,9.0
Super built-up  Area,Malleshwaram,2520.0,3.0,2.0,150.0,3.0,5952.380952380952,6.0
Built-up  Area,Brookefield,1225.0,2.0,2.0,66.5,2.0,5428.571428571428,4.0
Built-up  Area,Bommanahalli,1350.0,2.0,2.0,72.0,2.0,5333.333333333333,4.0
Super built-up  Area,Other,1030.0,2.0,2.0,300.0,2.0,29126.21359223301,4.0
Built-up  Area,Whitefield,1550.0,2.0,2.0,49.6,3.0,3200.0,5.0
Super built-up  Area,Hoodi,1490.0,3.0,2.0,79.0,3.0,5302.013422818792,6.0
Super built-up  Area,Other,1520.0,3.0,2.0,111.0,3.0,7302.631578947368,6.0
Plot  Area,Whitefield,4100.0,4.0,2.0,550.0,4.0,13414.634146341463,8.0
Built-up  Area,Other,1391.0,2.0,3.0,64.5,3.0,4636.951833213516,5.0
Super built-up  Area,Rachenahalli,1200.0,2.0,2.0,50.0,2.0,4166.666666666667,4.0
Plot  Area,Other,1200.0,4.0,2.0,86.0,4.0,7166.666666666667,8.0
Plot  Area,Other,2500.0,6.0,3.0,500.0,5.0,20000.0,11.0
Super built-up  Area,Yelahanka,1322.0,2.0,2.0,80.0,2.0,6051.437216338881,4.0
Super built-up  Area,Whitefield,2173.0,3.0,2.0,128.0,3.0,5890.473999079613,6.0
Super built-up  Area,Sarjapur  Road,1200.0,2.0,2.0,75.0,2.0,6250.0,4.0
Super built-up  Area,Thubarahalli,1200.0,2.0,2.0,47.0,2.0,3916.6666666666665,4.0
Super built-up  Area,Mysore Road,1170.0,2.0,2.0,65.0,2.0,5555.555555555556,4.0
Super built-up  Area,NRI Layout,1125.0,2.0,2.0,45.56,2.0,4049.777777777778,4.0
Super built-up  Area,Devanahalli,698.5,1.0,0.0,28.57,1.0,4090.1932712956336,2.0
Super built-up  Area,Other,1250.0,2.0,2.0,90.0,2.0,7200.0,4.0
Super built-up  Area,Chandapura,1025.0,2.0,2.0,27.68,2.0,2700.487804878049,4.0
Super built-up  Area,Yelahanka,1075.0,2.0,2.0,36.0,3.0,3348.8372093023254,5.0
Super built-up  Area,Other,1900.0,2.0,2.0,190.0,3.0,10000.0,5.0
Built-up  Area,Whitefield,1435.0,3.0,2.0,45.0,3.0,3135.8885017421603,6.0
Super built-up  Area,Electronics City Phase 1,1175.0,2.0,2.0,64.98,2.0,5530.212765957447,4.0
Built-up  Area,Other,900.0,2.0,1.0,33.0,2.0,3666.6666666666665,4.0
Super built-up  Area,Electronics City Phase 1,585.0,1.0,1.0,21.0,1.0,3589.74358974359,2.0
Plot  Area,Jigani,3170.0,5.0,2.0,230.0,4.0,7255.520504731861,9.0
Super built-up  Area,Other,1602.0,2.0,1.0,170.0,3.0,10611.735330836455,5.0
Super built-up  Area,Thanisandra,1220.0,2.0,2.0,42.0,2.0,3442.622950819672,4.0
Super built-up  Area,Rajaji Nagar,2500.0,3.0,3.0,350.0,3.0,14000.0,6.0
Super built-up  Area,Sarjapur  Road,2145.0,3.0,3.0,180.0,3.0,8391.608391608392,6.0
Super built-up  Area,Bannerghatta Road,960.0,2.0,3.0,58.0,2.0,6041.666666666667,4.0
Super built-up  Area,NGR Layout,907.0,1.0,1.0,38.0,1.0,4189.636163175303,2.0
Super built-up  Area,Old Madras Road,1210.0,2.0,1.0,74.0,2.0,6115.702479338843,4.0
Super built-up  Area,Other,1230.0,2.0,2.0,70.0,2.0,5691.056910569106,4.0
Super built-up  Area,5th Phase JP Nagar,1350.0,2.0,1.0,75.0,3.0,5555.555555555556,5.0
Super built-up  Area,Kenchenahalli,1150.0,2.0,2.0,58.0,2.0,5043.478260869565,4.0
Super built-up  Area,Sarjapur,1404.0,2.0,0.0,53.35,3.0,3799.8575498575497,5.0
Super built-up  Area,OMBR Layout,1050.0,2.0,3.0,48.0,2.0,4571.428571428572,4.0
Super built-up  Area,Yelahanka,1285.0,2.0,2.0,56.0,2.0,4357.976653696498,4.0
Super built-up  Area,Hormavu,1018.0,2.0,1.0,50.8,2.0,4990.176817288801,4.0
Plot  Area,Hoskote,1200.0,3.0,2.0,57.0,3.0,4750.0,6.0
Super built-up  Area,Other,1600.0,3.0,3.0,95.0,3.0,5937.5,6.0
Super built-up  Area,9th Phase JP Nagar,1480.0,2.0,1.0,80.0,2.0,5405.405405405405,4.0
Built-up  Area,Kodichikkanahalli,2500.0,7.0,0.0,125.0,5.0,5000.0,12.0
Built-up  Area,Kaval Byrasandra,480.0,1.0,1.0,25.0,1.0,5208.333333333333,2.0
Super built-up  Area,Akshaya Nagar,1435.0,3.0,3.0,53.0,3.0,3693.3797909407667,6.0
Built-up  Area,Other,450.0,1.0,2.0,60.0,1.0,13333.333333333334,2.0
Super built-up  Area,Other,600.0,2.0,0.0,23.0,1.0,3833.3333333333335,3.0
Super built-up  Area,CV Raman Nagar,1590.0,2.0,3.0,85.0,3.0,5345.911949685535,5.0
Built-up  Area,Nagavara,936.0,2.0,0.0,40.2,2.0,4294.871794871795,4.0
Super built-up  Area,Banashankari,1181.0,2.0,1.0,75.0,2.0,6350.550381033023,4.0
Super built-up  Area,Kengeri,1741.0,3.0,2.0,80.0,3.0,4595.060310166571,6.0
Super built-up  Area,JP Nagar,1750.0,3.0,1.0,123.0,3.0,7028.571428571428,6.0
Super built-up  Area,Varthur Road,1050.0,2.0,2.0,42.7,2.0,4066.6666666666665,4.0
Super built-up  Area,Tumkur Road,1027.0,2.0,1.0,60.0,2.0,5842.259006815969,4.0
Built-up  Area,Other,3463.0,6.0,0.0,310.0,4.0,8951.775916835115,10.0
Built-up  Area,Sector 2 HSR Layout,1600.0,3.0,2.0,70.0,3.0,4375.0,6.0
Super built-up  Area,Sahakara Nagar,1000.0,2.0,1.0,60.0,2.0,6000.0,4.0
Super built-up  Area,Varthur,1120.0,2.0,2.0,44.24,2.0,3950.0,4.0
Plot  Area,Other,1200.0,2.0,0.0,85.0,2.0,7083.333333333333,4.0
Super built-up  Area,Other,1200.0,2.0,2.0,35.0,2.0,2916.6666666666665,4.0
Super built-up  Area,Kasturi Nagar,1570.0,3.0,2.0,110.0,3.0,7006.369426751592,6.0
Super built-up  Area,Koramangala,1500.0,3.0,1.0,135.0,3.0,9000.0,6.0
Built-up  Area,Frazer Town,1315.0,2.0,2.0,140.0,2.0,10646.38783269962,4.0
Super built-up  Area,Electronic City Phase II,1140.0,2.0,1.0,33.84,2.0,2968.421052631579,4.0
Super built-up  Area,Banashankari,1105.0,2.0,2.0,90.0,2.0,8144.796380090498,4.0
Built-up  Area,Electronic City,1200.0,2.0,1.0,34.65,2.0,2887.5,4.0
Super built-up  Area,Whitefield,905.0,1.0,1.0,62.0,1.0,6850.828729281768,2.0
Plot  Area,HSR Layout,2400.0,4.0,0.0,350.0,4.0,14583.333333333334,8.0
Super built-up  Area,Kudlu Gate,1185.0,2.0,1.0,50.0,2.0,4219.4092827004215,4.0
Super built-up  Area,Koramangala,1083.0,2.0,1.0,100.0,2.0,9233.610341643584,4.0
Super built-up  Area,Rayasandra,1458.0,3.0,2.0,60.0,3.0,4115.22633744856,6.0
Super built-up  Area,Hormavu,1555.0,3.0,2.0,75.0,3.0,4823.15112540193,6.0
Built-up  Area,Other,1200.0,2.0,2.0,45.0,2.0,3750.0,4.0
Super built-up  Area,Sarjapur  Road,1308.0,2.0,1.0,58.86,2.0,4500.0,4.0
Super built-up  Area,Kudlu,1024.0,2.0,2.0,44.0,2.0,4296.875,4.0
Super built-up  Area,Kanakapura,1450.0,3.0,1.0,75.0,3.0,5172.413793103448,6.0
Super built-up  Area,Seegehalli,1639.0,3.0,3.0,120.0,3.0,7321.537522879805,6.0
Super built-up  Area,Hennur Road,1232.0,2.0,1.0,87.0,2.0,7061.688311688312,4.0
Super built-up  Area,Kasavanhalli,1719.0,3.0,1.0,184.0,3.0,10703.89761489238,6.0
Super built-up  Area,Chandapura,975.0,2.0,1.0,24.86,2.0,2549.74358974359,4.0
Super built-up  Area,Other,2000.0,4.0,2.0,130.0,3.0,6500.0,7.0
Super built-up  Area,Jakkur,1230.0,2.0,1.0,79.0,2.0,6422.764227642277,4.0
Plot  Area,Other,1350.0,4.0,2.0,140.0,4.0,10370.37037037037,8.0
Super built-up  Area,KR Puram,1076.0,2.0,2.0,67.0,2.0,6226.7657992565055,4.0
Built-up  Area,Kumaraswami Layout,2400.0,7.0,1.0,125.0,7.0,5208.333333333333,14.0
Super built-up  Area,Other,995.0,2.0,2.0,34.82,3.0,3499.497487437186,5.0
Super built-up  Area,Kodigehaali,2120.0,3.0,2.0,177.0,3.0,8349.056603773584,6.0
Plot  Area,Other,2400.0,7.0,2.0,460.0,6.0,19166.666666666668,13.0
Super built-up  Area,Electronic City,1096.0,2.0,2.0,40.55,2.0,3699.8175182481746,4.0
Super built-up  Area,Horamavu Agara,1107.83,2.0,1.0,41.51,2.0,3746.964787016059,4.0
Built-up  Area,Chamrajpet,505.0,1.0,0.0,85.0,1.0,16831.68316831683,2.0
Super built-up  Area,Sarjapur  Road,1320.0,2.0,2.0,115.0,2.0,8712.121212121212,4.0
Super built-up  Area,8th Phase JP Nagar,1431.5,3.0,0.0,72.02,3.0,5031.086273140063,6.0
Super built-up  Area,Whitefield,1320.0,2.0,1.0,99.26,2.0,7519.69696969697,4.0
Super built-up  Area,Whitefield,2901.0,4.0,2.0,190.0,3.0,6549.465701482248,7.0
Built-up  Area,GM Palaya,1315.0,2.0,2.0,65.0,3.0,4942.9657794676805,5.0
Super built-up  Area,Other,1000.0,2.0,1.0,44.0,2.0,4400.0,4.0
Super built-up  Area,Hosakerehalli,1596.0,3.0,3.0,79.8,3.0,5000.0,6.0
Super built-up  Area,Bannerghatta Road,1750.0,3.0,2.0,130.0,3.0,7428.571428571428,6.0
Plot  Area,Whitefield,2403.0,4.0,2.0,270.0,4.0,11235.955056179775,8.0
Super built-up  Area,Old Madras Road,1350.0,3.0,2.0,47.25,3.0,3500.0,6.0
Super built-up  Area,Other,1175.0,2.0,2.0,79.0,2.0,6723.404255319149,4.0
Super built-up  Area,Talaghattapura,921.0,2.0,1.0,29.47,2.0,3199.782844733985,4.0
Built-up  Area,Malleshwaram,4000.0,4.0,2.0,1100.0,4.0,27500.0,8.0
Super built-up  Area,Sultan Palaya,1713.0,3.0,3.0,125.0,3.0,7297.139521307648,6.0
Built-up  Area,Other,1200.0,2.0,0.0,43.0,2.0,3583.3333333333335,4.0
Built-up  Area,8th Phase JP Nagar,1900.0,4.0,1.0,90.0,3.0,4736.8421052631575,7.0
Super built-up  Area,Kudlu Gate,1664.0,3.0,2.0,68.0,3.0,4086.5384615384614,6.0
Super built-up  Area,Binny Pete,1795.0,3.0,2.0,139.0,3.0,7743.732590529248,6.0
Built-up  Area,Kereguddadahalli,600.0,1.0,1.0,19.5,1.0,3250.0,2.0
Built-up  Area,Hoodi,1240.0,2.0,3.0,65.0,2.0,5241.935483870968,4.0
Super built-up  Area,Hegde Nagar,1965.0,4.0,2.0,132.0,3.0,6717.557251908397,7.0
Plot  Area,Sarjapur,4111.0,4.0,1.0,370.0,4.0,9000.243249817562,8.0
Super built-up  Area,Electronics City Phase 1,1200.0,2.0,2.0,59.76,2.0,4980.0,4.0
Super built-up  Area,Other,1112.0,2.0,3.0,68.0,2.0,6115.107913669065,4.0
Built-up  Area,Raja Rajeshwari Nagar,3000.0,3.0,2.0,60.0,3.0,2000.0,6.0
Super built-up  Area,Mahadevpura,1136.0,2.0,3.0,64.5,2.0,5677.816901408451,4.0
Super built-up  Area,Jigani,914.0,2.0,2.0,55.0,2.0,6017.505470459519,4.0
Super built-up  Area,Poorna Pragna Layout,1270.0,2.0,1.0,50.79,3.0,3999.212598425197,5.0
Super built-up  Area,Rachenahalli,1050.0,2.0,2.0,47.25,2.0,4500.0,4.0
Super built-up  Area,Marathahalli,1385.0,2.0,2.0,68.5,3.0,4945.848375451264,5.0
Super built-up  Area,Other,990.0,2.0,3.0,35.0,2.0,3535.3535353535353,4.0
Built-up  Area,Yelahanka,845.0,2.0,2.0,43.0,2.0,5088.757396449704,4.0
Super built-up  Area,Whitefield,1485.0,2.0,1.0,96.51,2.0,6498.989898989899,4.0
Super built-up  Area,Kanakapura,1460.0,2.0,3.0,43.79,3.0,2999.3150684931506,5.0
Super built-up  Area,Thanisandra,1450.0,2.0,1.0,57.0,2.0,3931.0344827586205,4.0
Built-up  Area,HSR Layout,1360.0,2.0,1.0,53.0,3.0,3897.0588235294117,5.0
Built-up  Area,Singasandra,1375.0,2.0,3.0,58.0,2.0,4218.181818181818,4.0
Super built-up  Area,Uttarahalli,1125.0,2.0,1.0,48.0,2.0,4266.666666666667,4.0
Super built-up  Area,Banashankari,720.0,1.0,1.0,60.0,1.0,8333.333333333334,2.0
Super built-up  Area,7th Phase JP Nagar,1460.0,2.0,2.0,100.0,3.0,6849.315068493151,5.0
Built-up  Area,Other,1107.0,2.0,2.0,40.0,2.0,3613.369467028004,4.0
Built-up  Area,Other,1158.0,2.0,3.0,75.0,2.0,6476.683937823835,4.0
Super built-up  Area,Yelachenahalli,800.0,1.0,1.0,30.0,2.0,3750.0,3.0
Super built-up  Area,Bhoganhalli,1760.0,3.0,2.0,128.0,3.0,7272.727272727273,6.0
Plot  Area,Other,3200.0,4.0,2.0,200.0,4.0,6250.0,8.0
Plot  Area,HAL 2nd Stage,600.0,3.0,2.0,145.0,2.0,24166.666666666668,5.0
Built-up  Area,TC Palaya,1350.0,3.0,1.0,60.0,3.0,4444.444444444444,6.0
Built-up  Area,Other,1125.0,2.0,1.0,32.49,2.0,2888.0,4.0
Super built-up  Area,Frazer Town,1706.0,3.0,3.0,154.0,3.0,9026.963657678782,6.0
Super built-up  Area,BTM Layout,1600.0,3.0,2.0,112.0,3.0,7000.0,6.0
Super built-up  Area,Other,1200.0,2.0,0.0,90.0,2.0,7500.0,4.0
Super built-up  Area,Whitefield,1755.0,3.0,3.0,101.0,3.0,5754.985754985755,6.0
Super built-up  Area,Hulimavu,1200.0,2.0,1.0,50.0,2.0,4166.666666666667,4.0
Super built-up  Area,Other,1200.0,2.0,2.0,67.0,2.0,5583.333333333333,4.0
Super built-up  Area,Other,1266.67,2.0,0.0,69.0,2.0,5447.3540859103,4.0
Super built-up  Area,Other,1800.0,3.0,2.0,90.0,3.0,5000.0,6.0
Plot  Area,Sector 7 HSR Layout,1200.0,4.0,1.0,275.0,3.0,22916.666666666668,7.0
Super built-up  Area,Other,1300.0,3.0,2.0,64.0,3.0,4923.076923076923,6.0
Plot  Area,Whitefield,4800.0,5.0,2.0,550.0,4.0,11458.333333333334,9.0
Super built-up  Area,Mysore Road,1029.5,2.0,0.0,50.855,2.0,4939.776590577951,4.0
Super built-up  Area,Raja Rajeshwari Nagar,1128.0,2.0,2.0,40.0,2.0,3546.099290780142,4.0
Plot  Area,Other,2000.0,2.0,1.0,160.0,2.0,8000.0,4.0
Super built-up  Area,Panathur,1210.0,2.0,1.0,80.0,2.0,6611.570247933884,4.0
Super built-up  Area,Arekere,2710.0,6.0,2.0,142.0,4.0,5239.852398523985,10.0
Super built-up  Area,Raja Rajeshwari Nagar,1151.0,2.0,2.0,39.0,2.0,3388.3579496090356,4.0
Super built-up  Area,Electronic City,1017.0,2.0,2.0,27.0,2.0,2654.8672566371683,4.0
Built-up  Area,Sarjapur  Road,920.0,2.0,1.0,40.0,2.0,4347.826086956522,4.0
Plot  Area,HRBR Layout,1200.0,3.0,1.0,180.0,4.0,15000.0,7.0
Super built-up  Area,Munnekollal,1750.0,3.0,3.0,86.5,3.0,4942.857142857143,6.0
Built-up  Area,Dasanapura,1163.0,2.0,1.0,65.0,2.0,5588.993981083405,4.0
Super built-up  Area,7th Phase JP Nagar,1650.0,3.0,3.0,110.0,3.0,6666.666666666667,6.0
Super built-up  Area,Other,1800.0,3.0,3.0,95.0,3.0,5277.777777777777,6.0
Super built-up  Area,CV Raman Nagar,1100.0,2.0,1.0,58.0,2.0,5272.727272727273,4.0
Built-up  Area,R.T. Nagar,1200.0,2.0,2.0,60.0,2.0,5000.0,4.0
Super built-up  Area,Other,1410.0,3.0,2.0,65.0,3.0,4609.929078014185,6.0
Super built-up  Area,Begur Road,1933.0,3.0,2.0,98.0,3.0,5069.839627521987,6.0
Super built-up  Area,Begur Road,1200.0,2.0,2.0,45.6,2.0,3800.0,4.0
Super built-up  Area,Whitefield,1608.0,2.0,3.0,63.0,3.0,3917.910447761194,5.0
Plot  Area,Other,2679.0,5.0,2.0,280.0,4.0,10451.661067562523,9.0
Super built-up  Area,Horamavu Banaswadi,1156.0,2.0,2.0,46.9,2.0,4057.093425605536,4.0
Plot  Area,Other,1230.0,2.0,0.0,75.0,2.0,6097.5609756097565,4.0
Super built-up  Area,Kasavanhalli,770.0,1.0,1.0,43.82,1.0,5690.909090909091,2.0
Super built-up  Area,Ardendale,1777.26,3.0,2.0,105.0,3.0,5907.970696465346,6.0
Super built-up  Area,Kanakpura Road,1339.0,2.0,2.0,85.0,2.0,6348.020911127707,4.0
Built-up  Area,Sarjapur  Road,3044.0,3.0,2.0,183.0,3.0,6011.826544021025,6.0
Built-up  Area,Other,1080.0,2.0,2.0,44.8,2.0,4148.148148148148,4.0
Carpet  Area,Other,3150.0,5.0,2.0,145.0,8.0,4603.174603174603,13.0
Plot  Area,Other,2400.0,2.0,2.0,135.0,2.0,5625.0,4.0
Built-up  Area,Hulimavu,1450.0,3.0,3.0,72.0,3.0,4965.517241379311,6.0
Super built-up  Area,Kothanur,1075.0,2.0,2.0,53.0,2.0,4930.232558139535,4.0
Super built-up  Area,Sarjapur  Road,1163.0,2.0,2.0,62.0,3.0,5331.04041272571,5.0
Built-up  Area,TC Palaya,1200.0,2.0,0.0,65.0,2.0,5416.666666666667,4.0
Plot  Area,Marathahalli,3090.0,4.0,2.0,325.0,4.0,10517.79935275081,8.0
Built-up  Area,Hebbal,1299.0,2.0,1.0,100.0,2.0,7698.229407236336,4.0
Super built-up  Area,HRBR Layout,1170.0,2.0,2.0,75.0,2.0,6410.25641025641,4.0
Super built-up  Area,Yelahanka,2600.0,4.0,3.0,175.0,4.0,6730.7692307692305,8.0
Super built-up  Area,KR Puram,1140.0,2.0,1.0,43.32,2.0,3800.0,4.0
Super built-up  Area,Kanakpura Road,1900.0,3.0,3.0,125.0,3.0,6578.9473684210525,6.0
Built-up  Area,Bommasandra Industrial Area,1090.0,2.0,1.0,31.48,2.0,2888.0733944954127,4.0
Super built-up  Area,Electronic City,1110.0,2.0,1.0,39.95,2.0,3599.0990990990995,4.0
Super built-up  Area,Nagavarapalya,705.0,1.0,1.0,57.0,1.0,8085.106382978724,2.0
Super built-up  Area,HBR Layout,1089.0,2.0,1.0,60.0,2.0,5509.641873278237,4.0
Plot  Area,Other,880.0,2.0,1.0,48.0,2.0,5454.545454545455,4.0
Built-up  Area,Kereguddadahalli,1080.0,2.0,2.0,32.0,2.0,2962.962962962963,4.0
Super built-up  Area,Thanisandra,1093.0,2.0,1.0,68.1,2.0,6230.558096980786,4.0
Super built-up  Area,Banashankari Stage III,1480.0,3.0,1.0,75.48,3.0,5100.0,6.0
Super built-up  Area,Hegde Nagar,1703.0,3.0,2.0,125.0,3.0,7339.988256018791,6.0
Super built-up  Area,Hebbal,1200.0,2.0,1.0,60.0,2.0,5000.0,4.0
Super built-up  Area,Marathahalli,1690.0,3.0,2.0,116.0,3.0,6863.905325443787,6.0
Super built-up  Area,Yelahanka,1305.0,2.0,1.0,78.0,2.0,5977.0114942528735,4.0
Super built-up  Area,Talaghattapura,1257.0,2.0,2.0,40.22,3.0,3199.6817820206843,5.0
Super built-up  Area,Other,1150.0,2.0,2.0,45.0,2.0,3913.0434782608695,4.0
Super built-up  Area,Other,1194.0,2.0,0.0,55.0,2.0,4606.365159128978,4.0
Built-up  Area,Other,2000.0,3.0,1.0,90.0,3.0,4500.0,6.0
Plot  Area,Anekal,1500.0,4.0,1.0,99.0,3.0,6600.0,7.0
Built-up  Area,Other,1025.0,2.0,0.0,42.5,2.0,4146.341463414634,4.0
Built-up  Area,Horamavu Agara,980.0,2.0,1.0,38.19,2.0,3896.938775510204,4.0
Plot  Area,Hosakerehalli,1200.0,2.0,1.0,100.0,3.0,8333.333333333334,5.0
Super built-up  Area,Whitefield,2225.0,3.0,1.0,149.0,3.0,6696.6292134831465,6.0
Super built-up  Area,Other,1022.0,2.0,2.0,57.0,2.0,5577.2994129158515,4.0
Built-up  Area,Other,1153.0,2.0,2.0,45.0,2.0,3902.8620988725065,4.0
Super built-up  Area,Pai Layout,1175.0,2.0,2.0,60.0,2.0,5106.382978723404,4.0
Built-up  Area,Vidyaranyapura,1560.0,3.0,3.0,68.0,3.0,4358.974358974359,6.0
Built-up  Area,Yelahanka New Town,650.0,1.0,1.0,17.0,1.0,2615.3846153846152,2.0
Super built-up  Area,Billekahalli,1350.0,3.0,2.0,55.0,2.0,4074.074074074074,5.0
Plot  Area,Other,1200.0,2.0,1.0,76.0,2.0,6333.333333333333,4.0
Super built-up  Area,Other,1200.0,1.0,1.0,54.0,2.0,4500.0,3.0
Super built-up  Area,Chandapura,800.0,2.0,1.0,25.0,2.0,3125.0,4.0
Super built-up  Area,Electronic City,2093.0,4.0,1.0,104.0,4.0,4968.944099378882,8.0
Super built-up  Area,Uttarahalli,1320.0,2.0,2.0,55.44,3.0,4200.0,5.0
Super built-up  Area,Bannerghatta Road,1275.0,2.0,1.0,73.0,2.0,5725.490196078431,4.0
Super built-up  Area,Begur Road,1215.0,2.0,2.0,43.13,2.0,3549.794238683128,4.0
Super built-up  Area,Begur Road,1444.0,2.0,2.0,71.5,3.0,4951.523545706371,5.0
Super built-up  Area,Other,950.0,2.0,2.0,38.0,2.0,4000.0,4.0
Super built-up  Area,Padmanabhanagar,1000.0,1.0,2.0,90.0,2.0,9000.0,3.0
Super built-up  Area,Banashankari Stage II,1240.0,2.0,2.0,59.52,3.0,4800.0,5.0
Super built-up  Area,Hennur,1231.0,2.0,2.0,50.0,2.0,4061.7384240454917,4.0
Super built-up  Area,Benson Town,1300.0,2.0,1.0,120.0,2.0,9230.76923076923,4.0
Super built-up  Area,Yeshwanthpur,1713.0,3.0,2.0,110.0,3.0,6421.482778750729,6.0
Built-up  Area,Sarjapur  Road,3004.0,4.0,2.0,158.0,3.0,5259.65379494008,7.0
Built-up  Area,Sonnenahalli,1310.0,2.0,0.0,46.0,3.0,3511.4503816793895,5.0
Super built-up  Area,Jalahalli,790.0,2.0,1.0,49.5,2.0,6265.822784810127,4.0
Super built-up  Area,Koramangala,1744.0,3.0,1.0,200.0,3.0,11467.88990825688,6.0
Super built-up  Area,Other,1605.0,3.0,2.0,100.0,3.0,6230.529595015576,6.0
Super built-up  Area,Whitefield,1250.0,2.0,2.0,82.0,2.0,6560.0,4.0
Super built-up  Area,Malleshwaram,2476.0,3.0,3.0,337.0,3.0,13610.662358642972,6.0
Built-up  Area,Subramanyapura,1260.0,2.0,2.0,76.0,3.0,6031.746031746032,5.0
Super built-up  Area,Rajaji Nagar,1615.0,3.0,1.0,175.0,3.0,10835.913312693498,6.0
Super built-up  Area,Yelahanka,1180.0,2.0,1.0,56.0,2.0,4745.762711864407,4.0
Super built-up  Area,Uttarahalli,1255.0,2.0,2.0,50.19,3.0,3999.203187250996,5.0
Super built-up  Area,Electronic City,1025.0,2.0,1.0,53.9,2.0,5258.536585365854,4.0
Super built-up  Area,Sarjapur  Road,1877.0,4.0,2.0,150.0,3.0,7991.475759190197,7.0
Built-up  Area,Lakshminarayana Pura,1649.0,3.0,2.0,150.0,3.0,9096.422073984233,6.0
Built-up  Area,Hennur,2500.0,5.0,2.0,125.0,5.0,5000.0,10.0
Built-up  Area,Other,1542.0,3.0,2.0,98.0,3.0,6355.38261997406,6.0
Built-up  Area,Other,1012.0,2.0,0.0,42.0,2.0,4150.197628458498,4.0
Plot  Area,Chandapura,1200.0,2.0,1.0,65.0,2.0,5416.666666666667,4.0
Super built-up  Area,Sarjapur  Road,1115.0,2.0,2.0,43.0,2.0,3856.5022421524664,4.0
Super built-up  Area,Green Glen Layout,1680.0,4.0,3.0,95.0,3.0,5654.761904761905,7.0
Super built-up  Area,Old Madras Road,1171.0,2.0,2.0,72.0,2.0,6148.590947907771,4.0
Super built-up  Area,Tumkur Road,1027.0,2.0,1.0,68.62,2.0,6681.596884128529,4.0
Super built-up  Area,Shampura,1700.0,3.0,3.0,75.0,3.0,4411.764705882353,6.0
Super built-up  Area,Kanakapura,1090.0,2.0,2.0,38.15,2.0,3500.0,4.0
Super built-up  Area,Hennur Road,1232.0,2.0,1.0,74.0,2.0,6006.493506493506,4.0
Super built-up  Area,Anekal,766.0,2.0,2.0,28.0,2.0,3655.3524804177546,4.0
Super built-up  Area,Kanakpura Road,525.0,1.0,1.0,27.0,1.0,5142.857142857143,2.0
Built-up  Area,JP Nagar,1452.0,2.0,1.0,41.0,3.0,2823.6914600550963,5.0
Super built-up  Area,Choodasandra,1254.0,2.0,1.0,65.0,3.0,5183.413078149921,5.0
Built-up  Area,Other,3600.0,5.0,0.0,110.0,5.0,3055.5555555555557,10.0
Super built-up  Area,Kanakpura Road,1593.0,3.0,1.0,118.0,3.0,7407.407407407408,6.0
Super built-up  Area,Other,1333.0,2.0,2.0,77.27,2.0,5796.699174793698,4.0
Built-up  Area,Other,1100.0,3.0,1.0,110.0,3.0,10000.0,6.0
Super built-up  Area,Raja Rajeshwari Nagar,1375.0,2.0,1.0,54.99,3.0,3999.2727272727275,5.0
Super built-up  Area,Ardendale,1650.0,3.0,3.0,82.0,3.0,4969.69696969697,6.0
Super built-up  Area,Thanisandra,1430.0,2.0,2.0,51.48,3.0,3600.0,5.0
Built-up  Area,Electronic City,940.0,2.0,1.0,54.0,2.0,5744.68085106383,4.0
Super built-up  Area,Electronic City,435.0,1.0,1.0,21.0,1.0,4827.586206896552,2.0
Super built-up  Area,Begur Road,1160.0,2.0,2.0,36.54,2.0,3150.0,4.0
Super built-up  Area,Electronic City,1500.0,2.0,1.0,77.5,3.0,5166.666666666667,5.0
Super built-up  Area,Koramangala,1890.0,2.0,1.0,100.0,3.0,5291.005291005291,5.0
Built-up  Area,Other,1050.0,2.0,1.0,70.0,2.0,6666.666666666667,4.0
Super built-up  Area,Haralur Road,1027.0,2.0,2.0,43.0,2.0,4186.952288218111,4.0
Plot  Area,Seegehalli,3000.0,4.0,2.0,235.0,3.0,7833.333333333333,7.0
Super built-up  Area,Tumkur Road,1459.0,2.0,1.0,95.0,3.0,6511.3091158327625,5.0
Super built-up  Area,Yelahanka,1711.0,3.0,3.0,85.61,3.0,5003.506721215664,6.0
Super built-up  Area,Hoodi,1250.0,2.0,2.0,98.0,2.0,7840.0,4.0
Plot  Area,Anandapura,875.0,2.0,1.0,57.0,2.0,6514.285714285715,4.0
Built-up  Area,Ramamurthy Nagar,1334.0,2.0,1.0,67.0,2.0,5022.488755622189,4.0
Built-up  Area,Other,1140.0,2.0,1.0,32.92,2.0,2887.719298245614,4.0
Plot  Area,Amruthahalli,1200.0,5.0,2.0,200.0,3.0,16666.666666666668,8.0
Super built-up  Area,Rajaji Nagar,1776.0,3.0,1.0,190.0,3.0,10698.198198198199,6.0
Super built-up  Area,Thigalarapalya,2072.0,4.0,2.0,160.0,3.0,7722.007722007722,7.0
Plot  Area,Kundalahalli,1600.0,3.0,2.0,170.0,3.0,10625.0,6.0
Super built-up  Area,Kengeri Satellite Town,920.0,2.0,3.0,39.0,2.0,4239.130434782609,4.0
Super built-up  Area,Chandapura,778.0,2.0,0.0,25.29,2.0,3250.642673521851,4.0
Plot  Area,Nagasandra,1310.0,3.0,3.0,95.0,4.0,7251.908396946565,7.0
Super built-up  Area,Electronic City,1631.0,3.0,2.0,80.0,3.0,4904.9662783568365,6.0
Super built-up  Area,Kanakpura Road,525.0,1.0,1.0,27.5,1.0,5238.0952380952385,2.0
Built-up  Area,Jalahalli,1395.0,3.0,3.0,82.0,3.0,5878.136200716845,6.0
Super built-up  Area,Other,2000.0,3.0,2.0,105.0,3.0,5250.0,6.0
Super built-up  Area,Hennur Road,1232.0,2.0,1.0,66.0,2.0,5357.142857142857,4.0
Super built-up  Area,Other,1075.0,2.0,1.0,55.0,2.0,5116.279069767442,4.0
Super built-up  Area,Gubbalala,1205.0,2.0,2.0,70.0,2.0,5809.128630705394,4.0
Plot  Area,Other,1200.0,4.0,2.0,165.0,4.0,13750.0,8.0
Super built-up  Area,Rayasandra,1179.0,2.0,1.0,55.0,3.0,4664.970313825275,5.0
Super built-up  Area,Kodigehaali,1013.0,2.0,1.0,51.0,2.0,5034.550839091807,4.0
Super built-up  Area,Uttarahalli,1160.0,2.0,2.0,40.6,2.0,3500.0,4.0
Super built-up  Area,7th Phase JP Nagar,1200.0,2.0,2.0,62.5,2.0,5208.333333333333,4.0
Super built-up  Area,Uttarahalli,1255.0,2.0,3.0,50.19,3.0,3999.203187250996,5.0
Built-up  Area,Other,1100.0,2.0,1.0,145.0,3.0,13181.818181818182,5.0
Built-up  Area,Other,1069.0,2.0,1.0,55.0,2.0,5144.9953227315245,4.0
Plot  Area,Other,1200.0,3.0,2.0,99.0,3.0,8250.0,6.0
Super built-up  Area,Kudlu Gate,1400.0,1.0,1.0,285.0,1.0,20357.14285714286,2.0
Super built-up  Area,Marathahalli,1065.0,2.0,2.0,55.0,2.0,5164.319248826291,4.0
Built-up  Area,Lakshminarayana Pura,1395.0,2.0,0.0,75.0,2.0,5376.344086021505,4.0
Built-up  Area,Hebbal Kempapura,1725.0,2.0,1.0,165.0,3.0,9565.217391304348,5.0
Built-up  Area,Other,1007.0,2.0,2.0,43.0,2.0,4270.109235352532,4.0
Built-up  Area,Kengeri,1436.0,2.0,2.0,55.0,3.0,3830.08356545961,5.0
Super built-up  Area,Other,4250.0,6.0,3.0,150.0,6.0,3529.4117647058824,12.0
Plot  Area,Kengeri,1200.0,2.0,0.0,58.0,2.0,4833.333333333333,4.0
Super built-up  Area,Mysore Road,940.0,2.0,1.0,43.61,2.0,4639.36170212766,4.0
Built-up  Area,KR Puram,4300.0,6.0,2.0,175.0,6.0,4069.767441860465,12.0
Super built-up  Area,Hebbal,2850.0,5.0,3.0,343.0,3.0,12035.087719298246,8.0
Built-up  Area,Indira Nagar,1740.0,3.0,2.0,191.0,3.0,10977.011494252874,6.0
Super built-up  Area,Haralur Road,1194.0,2.0,2.0,47.0,2.0,3936.348408710218,4.0
Super built-up  Area,Other,3761.0,3.0,2.0,650.0,3.0,17282.637596383942,6.0
Super built-up  Area,Dodda Nekkundi,1829.0,3.0,2.0,125.0,3.0,6834.3357025697105,6.0
Plot  Area,Whitefield,1800.0,4.0,3.0,178.0,4.0,9888.888888888889,8.0
Super built-up  Area,Other,1000.0,2.0,1.0,60.0,2.0,6000.0,4.0
Built-up  Area,Other,5720.0,3.0,0.0,350.0,3.0,6118.881118881119,6.0
Super built-up  Area,Other,675.0,1.0,1.0,15.0,2.0,2222.222222222222,3.0
Super built-up  Area,Hebbal,1390.0,2.0,2.0,95.0,2.0,6834.53237410072,4.0
Super built-up  Area,Lakshminarayana Pura,1500.0,3.0,2.0,104.0,3.0,6933.333333333333,6.0
Super built-up  Area,Vijayanagar,2047.0,3.0,2.0,136.0,3.0,6643.869076697606,6.0
Super built-up  Area,Jakkur,1202.0,2.0,1.0,79.0,2.0,6572.379367720466,4.0
Super built-up  Area,Other,1012.0,2.0,1.0,59.0,2.0,5830.0395256917,4.0
Super built-up  Area,Gunjur,2132.0,3.0,3.0,80.0,3.0,3752.34521575985,6.0
Plot  Area,Raja Rajeshwari Nagar,1350.0,4.0,3.0,340.0,4.0,25185.185185185186,8.0
Super built-up  Area,Whitefield,605.0,1.0,1.0,40.0,1.0,6611.570247933884,2.0
Super built-up  Area,Harlur,1331.0,2.0,1.0,88.0,2.0,6611.570247933884,4.0
Plot  Area,Margondanahalli,1200.0,2.0,0.0,69.0,2.0,5750.0,4.0
Built-up  Area,Other,1150.0,2.0,0.0,250.0,2.0,21739.130434782608,4.0
Plot  Area,Sahakara Nagar,1200.0,2.0,1.0,136.0,2.0,11333.333333333334,4.0
Built-up  Area,Other,1800.0,2.0,0.0,300.0,2.0,16666.666666666668,4.0
Super built-up  Area,Other,1280.0,2.0,2.0,49.0,3.0,3828.125,5.0
Super built-up  Area,Balagere,1007.0,2.0,1.0,62.0,2.0,6156.901688182721,4.0
Super built-up  Area,Thanisandra,1370.0,2.0,1.0,61.0,3.0,4452.554744525547,5.0
Super built-up  Area,Other,925.0,2.0,2.0,35.0,2.0,3783.7837837837837,4.0
Super built-up  Area,TC Palaya,1500.0,2.0,0.0,75.0,2.0,5000.0,4.0
Built-up  Area,Attibele,450.0,1.0,1.0,12.5,1.0,2777.777777777778,2.0
Built-up  Area,Other,1200.0,4.0,1.0,140.0,4.0,11666.666666666666,8.0
Super built-up  Area,Hennur Road,1341.0,2.0,1.0,95.0,2.0,7084.265473527218,4.0
Super built-up  Area,Other,1350.0,2.0,2.0,47.25,3.0,3500.0,5.0
Super built-up  Area,Tumkur Road,992.0,2.0,1.0,60.0,2.0,6048.387096774193,4.0
Super built-up  Area,Uttarahalli,1163.0,2.0,2.0,68.0,2.0,5846.947549441101,4.0
Super built-up  Area,Sarjapur  Road,1229.0,2.0,2.0,70.0,2.0,5695.6875508543535,4.0
Plot  Area,Other,600.0,2.0,2.0,39.0,2.0,6500.0,4.0
Super built-up  Area,Electronic City Phase II,1219.0,2.0,1.0,61.26,2.0,5025.430680885972,4.0
Super built-up  Area,Raja Rajeshwari Nagar,1525.0,2.0,2.0,99.13,3.0,6500.327868852459,5.0
Super built-up  Area,Kasavanhalli,1147.0,2.0,1.0,60.0,2.0,5231.037489102006,4.0
Super built-up  Area,Akshaya Nagar,1412.0,2.0,3.0,88.0,3.0,6232.294617563739,5.0
Super built-up  Area,Sarjapur  Road,1044.0,2.0,1.0,34.77,2.0,3330.459770114943,4.0
Super built-up  Area,Nagarbhavi,1190.0,2.0,2.0,63.0,2.0,5294.117647058823,4.0
Super built-up  Area,Other,1240.0,2.0,2.0,65.0,3.0,5241.935483870968,5.0
Super built-up  Area,Jigani,1352.0,3.0,1.0,65.0,3.0,4807.692307692308,6.0
Built-up  Area,Other,1100.0,2.0,2.0,55.0,2.0,5000.0,4.0
Super built-up  Area,Uttarahalli,1330.0,2.0,2.0,39.9,3.0,3000.0,5.0
Super built-up  Area,Other,1700.0,3.0,2.0,111.0,3.0,6529.411764705882,6.0
Super built-up  Area,Electronic City,1355.0,2.0,1.0,67.0,2.0,4944.649446494465,4.0
Super built-up  Area,Ramamurthy Nagar,1200.0,2.0,1.0,46.0,2.0,3833.3333333333335,4.0
Super built-up  Area,Kengeri,400.0,2.0,1.0,25.0,1.0,6250.0,3.0
Built-up  Area,Sarjapur  Road,1342.0,2.0,2.0,70.0,2.0,5216.095380029807,4.0
Super built-up  Area,Begur Road,1615.0,3.0,2.0,50.87,3.0,3149.84520123839,6.0
Super built-up  Area,Other,1340.0,2.0,1.0,65.0,2.0,4850.746268656716,4.0
Built-up  Area,Yeshwanthpur,400.0,1.0,0.0,55.0,1.0,13750.0,2.0
Super built-up  Area,Devanahalli,1080.0,2.0,1.0,52.0,2.0,4814.814814814815,4.0
Super built-up  Area,Other,1600.0,2.0,1.0,31.0,2.0,1937.5,4.0
Super built-up  Area,Electronic City,1200.0,2.0,0.0,34.0,2.0,2833.3333333333335,4.0
Plot  Area,Hennur Road,2700.0,3.0,2.0,150.0,3.0,5555.555555555556,6.0
Built-up  Area,Other,1780.0,3.0,0.0,110.0,3.0,6179.775280898876,6.0
Built-up  Area,Amruthahalli,1605.0,3.0,2.0,65.0,3.0,4049.8442367601247,6.0
Super built-up  Area,Ulsoor,7200.0,5.0,2.0,1584.0,4.0,22000.0,9.0
Super built-up  Area,Kammanahalli,1200.0,2.0,2.0,80.0,2.0,6666.666666666667,4.0
Plot  Area,Margondanahalli,900.0,2.0,0.0,49.0,2.0,5444.444444444444,4.0
Built-up  Area,Sarjapur,1830.0,3.0,1.0,88.0,3.0,4808.743169398907,6.0
Built-up  Area,Other,650.0,1.0,3.0,500.0,1.0,76923.07692307692,2.0
Plot  Area,Other,1800.0,4.0,1.0,68.0,5.0,3777.777777777778,9.0
Super built-up  Area,Chandapura,1230.0,2.0,2.0,31.37,3.0,2550.4065040650407,5.0
Super built-up  Area,Uttarahalli,1065.0,2.0,1.0,42.59,2.0,3999.06103286385,4.0
Plot  Area,Other,1080.0,3.0,2.0,149.0,3.0,13796.296296296296,6.0
Built-up  Area,Other,900.0,2.0,0.0,65.0,3.0,7222.222222222223,5.0
Super built-up  Area,Other,946.0,2.0,2.0,45.0,2.0,4756.871035940803,4.0
Super built-up  Area,Laggere,1500.0,1.0,0.0,60.0,1.0,4000.0,2.0
Super built-up  Area,Sarjapur  Road,1711.0,3.0,1.0,110.0,3.0,6428.988895382817,6.0
Plot  Area,Other,1200.0,3.0,2.0,160.0,4.0,13333.333333333334,7.0
Super built-up  Area,Chandapura,950.0,2.0,1.0,25.65,2.0,2700.0,4.0
Super built-up  Area,Kudlu Gate,1656.0,3.0,2.0,80.0,3.0,4830.917874396136,6.0
Super built-up  Area,Uttarahalli,1075.0,2.0,1.0,46.76,2.0,4349.767441860465,4.0
Super built-up  Area,Harlur,1752.12,3.0,2.0,133.0,3.0,7590.80428281168,6.0
Plot  Area,Hebbal,6000.0,8.0,0.0,220.0,8.0,3666.6666666666665,16.0
Super built-up  Area,Other,1540.0,3.0,3.0,85.0,3.0,5519.480519480519,6.0
Super built-up  Area,LB Shastri Nagar,665.0,1.0,2.0,32.0,1.0,4812.0300751879695,2.0
Super built-up  Area,Sector 2 HSR Layout,1665.0,3.0,2.0,110.0,3.0,6606.606606606607,6.0
Super built-up  Area,Electronics City Phase 1,1145.0,2.0,1.0,54.0,2.0,4716.157205240174,4.0
Super built-up  Area,Whitefield,1185.0,2.0,2.0,41.0,2.0,3459.915611814346,4.0
Plot  Area,Other,1200.0,3.0,1.0,190.0,3.0,15833.333333333334,6.0
Built-up  Area,Marathahalli,1693.0,3.0,2.0,125.0,3.0,7383.343177790904,6.0
Super built-up  Area,Other,2456.0,3.0,3.0,220.0,3.0,8957.654723127036,6.0
Super built-up  Area,Rajaji Nagar,2559.0,3.0,2.0,403.0,3.0,15748.339194998047,6.0
Super built-up  Area,Uttarahalli,1155.0,2.0,1.0,40.6,2.0,3515.151515151515,4.0
Super built-up  Area,Other,1610.0,2.0,2.0,64.4,3.0,4000.0000000000005,5.0
Plot  Area,Whitefield,1200.0,3.0,2.0,56.58,3.0,4715.0,6.0
Plot  Area,Other,1530.0,2.0,1.0,185.0,2.0,12091.503267973856,4.0
Built-up  Area,EPIP Zone,1709.0,3.0,1.0,80.0,3.0,4681.100058513751,6.0
Plot  Area,Brookefield,2700.0,8.0,2.0,290.0,8.0,10740.74074074074,16.0
Plot  Area,Other,840.0,1.0,1.0,150.0,1.0,17857.14285714286,2.0
Super built-up  Area,Gottigere,1400.0,2.0,1.0,50.0,3.0,3571.4285714285716,5.0
Super built-up  Area,KR Puram,1200.0,2.0,1.0,42.0,2.0,3500.0,4.0
Super built-up  Area,Other,1439.0,3.0,1.0,57.23,3.0,3977.067407922168,6.0
Super built-up  Area,Kasavanhalli,1375.0,2.0,2.0,72.0,2.0,5236.363636363636,4.0
Plot  Area,BTM 2nd Stage,2990.0,5.0,3.0,416.0,5.0,13913.04347826087,10.0
Super built-up  Area,Vijayanagar,1200.0,2.0,1.0,75.0,3.0,6250.0,5.0
Built-up  Area,Yelahanka,1315.0,2.0,3.0,75.0,2.0,5703.42205323194,4.0
Plot  Area,Dommasandra,1500.0,2.0,0.0,40.0,2.0,2666.6666666666665,4.0
Built-up  Area,Yelahanka,3600.0,6.0,1.0,200.0,6.0,5555.555555555556,12.0
Super built-up  Area,Vijayanagar,1178.0,2.0,3.0,82.0,2.0,6960.950764006791,4.0
Super built-up  Area,Bannerghatta Road,1430.0,3.0,2.0,59.0,3.0,4125.874125874126,6.0
Super built-up  Area,Mahadevpura,1400.0,2.0,2.0,65.8,3.0,4700.0,5.0
Super built-up  Area,Thanisandra,1093.0,2.0,2.0,72.0,2.0,6587.374199451052,4.0
Super built-up  Area,Horamavu Banaswadi,1200.0,2.0,1.0,45.0,2.0,3750.0,4.0
Plot  Area,Magadi Road,5000.0,6.0,1.0,360.0,5.0,7200.0,11.0
Built-up  Area,1st Block Jayanagar,1200.0,2.0,0.0,130.0,3.0,10833.333333333334,5.0
Built-up  Area,Whitefield,2210.0,3.0,2.0,156.0,3.0,7058.823529411765,6.0
Super built-up  Area,Uttarahalli,1150.0,2.0,2.0,70.0,2.0,6086.95652173913,4.0
Super built-up  Area,Other,1435.0,2.0,1.0,60.0,3.0,4181.184668989547,5.0
Super built-up  Area,Whitefield,1173.0,2.0,1.0,78.2,2.0,6666.666666666667,4.0
Super built-up  Area,Thanisandra,1140.0,2.0,1.0,39.0,2.0,3421.0526315789475,4.0
Super built-up  Area,Other,1717.0,3.0,3.0,120.0,3.0,6988.934187536401,6.0
Super built-up  Area,Mallasandra,1325.0,2.0,2.0,65.0,2.0,4905.66037735849,4.0
Built-up  Area,Hoodi,1370.0,3.0,2.0,67.0,3.0,4890.510948905109,6.0
Super built-up  Area,Electronics City Phase 1,1025.0,2.0,1.0,90.0,2.0,8780.487804878048,4.0
Super built-up  Area,Other,1409.0,2.0,3.0,62.0,3.0,4400.28388928318,5.0
Super built-up  Area,Bellandur,1200.0,2.0,1.0,52.0,2.0,4333.333333333333,4.0
Super built-up  Area,Thanisandra,1200.0,2.0,1.0,53.5,2.0,4458.333333333333,4.0
Super built-up  Area,Whitefield,1740.0,4.0,3.0,130.0,3.0,7471.264367816092,7.0
Super built-up  Area,Hennur Road,1232.0,2.0,1.0,88.0,2.0,7142.857142857143,4.0
Plot  Area,Chandapura,1200.0,2.0,1.0,36.0,2.0,3000.0,4.0
Super built-up  Area,Whitefield,5924.0,4.0,3.0,625.0,4.0,10550.303848750844,8.0
Super built-up  Area,Other,1250.0,2.0,1.0,50.0,2.0,4000.0,4.0
Built-up  Area,Other,1475.0,2.0,2.0,171.0,2.0,11593.22033898305,4.0
Super built-up  Area,Bommanahalli,2100.0,4.0,2.0,85.0,4.0,4047.6190476190477,8.0
Super built-up  Area,5th Phase JP Nagar,552.0,1.0,1.0,23.5,1.0,4257.246376811594,2.0
Super built-up  Area,Uttarahalli,1065.0,2.0,2.0,42.59,3.0,3999.06103286385,5.0
Plot  Area,Hennur,1000.0,3.0,1.0,130.0,3.0,13000.0,6.0
Plot  Area,Other,1225.0,2.0,0.0,65.0,2.0,5306.122448979592,4.0
Built-up  Area,Other,650.0,1.0,0.0,16.0,1.0,2461.5384615384614,2.0
Super built-up  Area,Padmanabhanagar,1067.0,2.0,2.0,52.0,2.0,4873.477038425492,4.0
Super built-up  Area,Sarjapur,1364.0,2.0,2.0,56.0,3.0,4105.571847507332,5.0
Super built-up  Area,Other,1750.0,3.0,3.0,75.0,3.0,4285.714285714285,6.0
Super built-up  Area,Bannerghatta Road,1240.0,2.0,1.0,71.0,2.0,5725.806451612903,4.0
Plot  Area,Hulimavu,1200.0,2.0,0.0,75.0,2.0,6250.0,4.0
Super built-up  Area,Kaggadasapura,1540.0,3.0,2.0,75.0,3.0,4870.12987012987,6.0
Super built-up  Area,Other,1504.0,2.0,2.0,102.0,3.0,6781.914893617021,5.0
Super built-up  Area,Other,1116.0,2.0,1.0,49.8,2.0,4462.365591397849,4.0
Super built-up  Area,Hennur Road,2365.0,4.0,2.0,175.0,3.0,7399.577167019028,7.0
Built-up  Area,Sarjapura - Attibele Road,1308.0,2.0,2.0,37.0,2.0,2828.7461773700306,4.0
Built-up  Area,Vijayanagar,864.0,2.0,0.0,45.0,2.0,5208.333333333333,4.0
Super built-up  Area,Hoskote,1069.0,2.0,2.0,38.0,3.0,3554.724041159963,5.0
Super built-up  Area,Hebbal,1333.0,2.0,1.0,100.0,2.0,7501.875468867217,4.0
Super built-up  Area,Other,1800.0,4.0,1.0,145.0,4.0,8055.555555555556,8.0
Plot  Area,Devanahalli,6136.0,4.0,2.0,550.0,4.0,8963.49413298566,8.0
Super built-up  Area,Thanisandra,1698.0,3.0,2.0,107.0,3.0,6301.531213191991,6.0
Super built-up  Area,JP Nagar,1275.0,2.0,2.0,43.6,3.0,3419.607843137255,5.0
Super built-up  Area,Raja Rajeshwari Nagar,1060.0,2.0,1.0,48.0,2.0,4528.301886792453,4.0
Super built-up  Area,Hennur,1160.0,2.0,1.0,49.0,2.0,4224.137931034483,4.0
Super built-up  Area,Sarjapur  Road,1484.0,2.0,2.0,65.0,3.0,4380.053908355795,5.0
Plot  Area,Other,1200.0,5.0,2.0,325.0,3.0,27083.333333333332,8.0
Super built-up  Area,Hennur Road,1310.0,2.0,1.0,66.0,2.0,5038.167938931298,4.0
Plot  Area,Vijayanagar,1806.0,6.0,1.0,370.0,6.0,20487.264673311183,12.0
Super built-up  Area,Other,3000.0,4.0,2.0,240.0,4.0,8000.0,8.0
Super built-up  Area,Varthur,2145.0,3.0,2.0,165.0,3.0,7692.307692307692,6.0
Super built-up  Area,Marathahalli,1693.0,3.0,1.0,125.0,3.0,7383.343177790904,6.0
Super built-up  Area,Jigani,1230.0,3.0,3.0,60.0,3.0,4878.048780487805,6.0
Plot  Area,Devanahalli,1200.0,3.0,1.0,145.0,3.0,12083.333333333334,6.0
Built-up  Area,Bommasandra Industrial Area,1310.0,2.0,1.0,37.83,3.0,2887.7862595419847,5.0
Super built-up  Area,Other,1150.0,2.0,1.0,60.0,2.0,5217.391304347826,4.0
Super built-up  Area,Munnekollal,1385.0,2.0,2.0,66.5,3.0,4801.444043321299,5.0
Super built-up  Area,Tumkur Road,1066.0,2.0,2.0,52.5,2.0,4924.953095684803,4.0
Super built-up  Area,Thanisandra,2293.0,3.0,2.0,80.26,3.0,3500.2180549498476,6.0
Carpet  Area,Other,1625.0,3.0,3.0,92.0,3.0,5661.538461538462,6.0
Plot  Area,Vijayanagar,2100.0,6.0,1.0,252.0,4.0,12000.0,10.0
Super built-up  Area,Other,2400.0,4.0,3.0,250.0,4.0,10416.666666666666,8.0
Plot  Area,Raja Rajeshwari Nagar,3900.0,6.0,2.0,195.0,6.0,5000.0,12.0
Super built-up  Area,7th Phase JP Nagar,1000.0,2.0,1.0,70.65,2.0,7065.000000000001,4.0
Super built-up  Area,Nagavarapalya,907.0,2.0,2.0,38.0,2.0,4189.636163175303,4.0
Plot  Area,Ulsoor,3500.0,4.0,0.0,138.0,4.0,3942.8571428571427,8.0
Super built-up  Area,Varthur,1395.0,2.0,3.0,79.0,3.0,5663.082437275985,5.0
Super built-up  Area,Other,1180.0,2.0,2.0,50.0,2.0,4237.28813559322,4.0
Plot  Area,Banaswadi,1903.0,6.0,2.0,140.0,5.0,7356.8050446663165,11.0
Super built-up  Area,Electronic City,1175.0,2.0,1.0,47.0,2.0,4000.0,4.0
Super built-up  Area,Other,1272.0,2.0,2.0,51.5,2.0,4048.7421383647797,4.0
Super built-up  Area,Other,1490.0,2.0,1.0,92.0,3.0,6174.496644295302,5.0
Super built-up  Area,Yeshwanthpur,1144.0,2.0,2.0,67.0,2.0,5856.643356643357,4.0
Plot  Area,Other,2400.0,5.0,2.0,140.0,4.0,5833.333333333333,9.0
Super built-up  Area,Hormavu,1143.0,2.0,1.0,53.0,2.0,4636.920384951881,4.0
Plot  Area,Karuna Nagar,2500.0,3.0,2.0,190.0,3.0,7600.0,6.0
Super built-up  Area,Other,1044.0,2.0,1.0,60.0,2.0,5747.126436781609,4.0
Super built-up  Area,Prithvi Layout,1352.0,3.0,1.0,93.0,2.0,6878.698224852071,5.0
Super built-up  Area,Hennur Road,1552.0,3.0,3.0,75.0,3.0,4832.474226804124,6.0
Built-up  Area,Bellandur,1785.0,3.0,2.0,120.0,3.0,6722.689075630252,6.0
Super built-up  Area,Pai Layout,810.0,2.0,2.0,34.5,2.0,4259.259259259259,4.0
Super built-up  Area,Banashankari Stage V,1650.0,3.0,2.0,51.98,3.0,3150.3030303030305,6.0
Super built-up  Area,Other,1595.0,3.0,2.0,70.39,3.0,4413.166144200627,6.0
Super built-up  Area,Whitefield,1060.0,2.0,1.0,35.0,2.0,3301.8867924528304,4.0
Super built-up  Area,Babusapalaya,1410.0,2.0,3.0,65.0,3.0,4609.929078014185,5.0
Super built-up  Area,Nagarbhavi,1523.0,2.0,2.0,56.0,3.0,3676.9533814839133,5.0
Super built-up  Area,Kanakpura Road,1591.0,3.0,1.0,122.0,3.0,7668.133249528599,6.0
Super built-up  Area,Other,1640.0,3.0,3.0,84.0,3.0,5121.951219512195,6.0
Built-up  Area,Yelahanka New Town,450.0,1.0,0.0,16.0,1.0,3555.5555555555557,2.0
Super built-up  Area,Bannerghatta Road,1305.0,2.0,2.0,60.0,3.0,4597.701149425287,5.0
Super built-up  Area,Yelahanka,1590.0,3.0,1.0,54.0,3.0,3396.2264150943397,6.0
Built-up  Area,Kaggadasapura,1240.0,2.0,3.0,45.0,2.0,3629.032258064516,4.0
Super built-up  Area,Other,1200.0,2.0,2.0,54.0,2.0,4500.0,4.0
Super built-up  Area,Dodda Nekkundi,1100.0,2.0,1.0,41.16,2.0,3741.8181818181815,4.0
Super built-up  Area,Koramangala,1180.0,2.0,1.0,128.0,2.0,10847.457627118643,4.0
Super built-up  Area,Sarjapur  Road,1115.0,2.0,1.0,50.0,2.0,4484.304932735426,4.0
Super built-up  Area,Bisuvanahalli,845.0,2.0,1.0,33.0,2.0,3905.3254437869823,4.0
Super built-up  Area,Other,1567.2,2.0,0.0,190.0,3.0,12123.532414497193,5.0
Super built-up  Area,Channasandra,1310.0,2.0,2.0,45.0,3.0,3435.114503816794,5.0
Plot  Area,Yelahanka,26136.0,1.0,0.0,150.0,1.0,573.921028466483,2.0
Built-up  Area,Other,959.0,2.0,1.0,42.5,2.0,4431.699687174139,4.0
Built-up  Area,8th Phase JP Nagar,1200.0,4.0,1.0,140.0,4.0,11666.666666666666,8.0
Super built-up  Area,Yelahanka,1390.0,2.0,2.0,70.21,2.0,5051.079136690647,4.0
Super built-up  Area,Kenchenahalli,1280.0,2.0,2.0,69.0,3.0,5390.625,5.0
Super built-up  Area,Kasturi Nagar,1000.0,2.0,0.0,58.0,2.0,5800.0,4.0
Super built-up  Area,Marathahalli,1196.0,2.0,2.0,57.9,2.0,4841.13712374582,4.0
Super built-up  Area,Sarjapur  Road,1220.0,3.0,2.0,57.0,3.0,4672.131147540984,6.0
Super built-up  Area,Ambalipura,950.0,2.0,1.0,31.95,2.0,3363.157894736842,4.0
Super built-up  Area,Other,1141.0,2.0,1.0,55.0,2.0,4820.333041191937,4.0
Super built-up  Area,5th Phase JP Nagar,1200.0,2.0,2.0,51.0,2.0,4250.0,4.0
Super built-up  Area,Kasavanhalli,1380.0,2.0,2.0,55.0,3.0,3985.5072463768115,5.0
Super built-up  Area,Doddathoguru,855.0,2.0,1.0,32.0,2.0,3742.690058479532,4.0
Super built-up  Area,Chandapura,922.0,2.0,1.0,36.0,2.0,3904.5553145336225,4.0
Built-up  Area,Other,1200.0,2.0,2.0,43.2,2.0,3600.0,4.0
Super built-up  Area,Other,1240.0,2.0,2.0,65.0,3.0,5241.935483870968,5.0
Super built-up  Area,7th Phase JP Nagar,1070.0,2.0,2.0,42.0,2.0,3925.233644859813,4.0
Super built-up  Area,Other,1293.0,2.0,2.0,75.0,2.0,5800.46403712297,4.0
Built-up  Area,R.T. Nagar,1380.0,2.0,1.0,50.0,3.0,3623.1884057971015,5.0
Super built-up  Area,Yelahanka New Town,1599.0,3.0,2.0,80.0,3.0,5003.126954346467,6.0
Super built-up  Area,Nehru Nagar,967.0,2.0,2.0,41.1,2.0,4250.258531540848,4.0
Super built-up  Area,Other,1885.0,3.0,3.0,90.0,3.0,4774.535809018567,6.0
Built-up  Area,Other,860.0,2.0,2.0,65.5,2.0,7616.279069767442,4.0
Plot  Area,Yelahanka,1075.0,1.0,0.0,19.5,1.0,1813.953488372093,2.0
Super built-up  Area,Sarjapur  Road,1050.0,2.0,1.0,63.5,2.0,6047.619047619048,4.0
Super built-up  Area,Marathahalli,1595.0,3.0,2.0,88.0,3.0,5517.241379310345,6.0
Super built-up  Area,Sarjapur  Road,1350.0,2.0,2.0,102.0,2.0,7555.555555555556,4.0
Built-up  Area,Hebbal,1204.0,2.0,2.0,45.0,2.0,3737.5415282392028,4.0
Super built-up  Area,Sarjapur  Road,2990.0,4.0,2.0,240.0,4.0,8026.755852842809,8.0
Super built-up  Area,Sarjapur  Road,1035.0,2.0,2.0,49.0,2.0,4734.299516908212,4.0
Super built-up  Area,ITPL,1000.0,2.0,1.0,29.95,2.0,2995.0,4.0
Super built-up  Area,Sarjapur  Road,1457.0,3.0,3.0,85.0,3.0,5833.905284831846,6.0
Super built-up  Area,Bannerghatta,1100.0,2.0,1.0,66.0,2.0,6000.0,4.0
Super built-up  Area,Whitefield,1655.0,3.0,3.0,120.0,3.0,7250.755287009063,6.0
Super built-up  Area,Kanakpura Road,1691.2,3.0,1.0,115.0,3.0,6799.905392620624,6.0
Super built-up  Area,Ramagondanahalli,1215.0,2.0,1.0,46.1,2.0,3794.238683127572,4.0
Super built-up  Area,Kanakpura Road,1155.0,2.0,0.0,50.125,2.0,4339.82683982684,4.0
Super built-up  Area,Hoodi,1639.0,3.0,2.0,129.0,3.0,7870.65283709579,6.0
Super built-up  Area,Sarjapur  Road,1685.0,3.0,1.0,135.0,3.0,8011.86943620178,6.0
Super built-up  Area,Hormavu,1100.0,2.0,3.0,38.0,2.0,3454.5454545454545,4.0
Super built-up  Area,Marathahalli,2122.0,3.0,2.0,125.0,3.0,5890.66918001885,6.0
Super built-up  Area,Other,1050.0,2.0,2.0,47.0,2.0,4476.190476190476,4.0
Built-up  Area,Kengeri,1230.0,2.0,2.0,45.0,2.0,3658.5365853658536,4.0
Super built-up  Area,5th Phase JP Nagar,1240.0,3.0,2.0,60.0,3.0,4838.709677419355,6.0
Built-up  Area,Electronic City Phase II,1252.0,2.0,3.0,65.0,3.0,5191.693290734825,5.0
Super built-up  Area,Other,1374.0,2.0,2.0,88.0,3.0,6404.657933042213,5.0
Super built-up  Area,8th Phase JP Nagar,500.0,1.0,1.0,30.0,1.0,6000.0,2.0
Super built-up  Area,Banashankari,1040.0,2.0,3.0,45.0,2.0,4326.923076923077,4.0
Super built-up  Area,Sarjapur  Road,1350.0,2.0,2.0,68.0,2.0,5037.037037037037,4.0
Super built-up  Area,Whitefield,4003.0,6.0,3.0,300.0,4.0,7494.379215588308,10.0
Super built-up  Area,Hennur,2400.0,3.0,2.0,135.0,3.0,5625.0,6.0
Super built-up  Area,Haralur Road,1560.0,3.0,1.0,90.0,3.0,5769.2307692307695,6.0
Super built-up  Area,Anandapura,1151.0,2.0,1.0,43.16,2.0,3749.7827975673326,4.0
Super built-up  Area,Uttarahalli,1360.0,2.0,2.0,47.59,3.0,3499.264705882353,5.0
Super built-up  Area,Other,1250.0,2.0,2.0,60.0,2.0,4800.0,4.0
Super built-up  Area,Chandapura,1110.0,2.0,2.0,29.97,3.0,2700.0,5.0
Built-up  Area,Hennur Road,1015.0,2.0,2.0,50.0,2.0,4926.108374384236,4.0
Super built-up  Area,Kadugodi,1351.0,2.0,2.0,78.0,3.0,5773.501110288675,5.0
Super built-up  Area,Yelahanka New Town,960.0,2.0,2.0,50.0,2.0,5208.333333333333,4.0
Super built-up  Area,Other,1110.0,2.0,2.0,52.0,2.0,4684.684684684685,4.0
Built-up  Area,R.T. Nagar,1680.0,3.0,2.0,72.0,3.0,4285.714285714285,6.0
Plot  Area,Arekere,2400.0,3.0,1.0,180.0,3.0,7500.0,6.0
Plot  Area,Other,11000.0,5.0,3.0,2000.0,4.0,18181.81818181818,9.0
Built-up  Area,Other,1350.0,3.0,2.0,48.6,3.0,3600.0,6.0
Super built-up  Area,Horamavu Banaswadi,1254.0,2.0,2.0,47.0,2.0,3748.006379585327,4.0
Super built-up  Area,Haralur Road,1255.0,3.0,2.0,115.0,3.0,9163.346613545817,6.0
Super built-up  Area,CV Raman Nagar,1051.0,2.0,3.0,61.0,2.0,5803.996194100856,4.0
Plot  Area,Other,1200.0,3.0,1.0,205.0,3.0,17083.333333333332,6.0
Built-up  Area,Uttarahalli,1099.0,2.0,2.0,65.0,2.0,5914.467697907188,4.0
Super built-up  Area,Hebbal,2650.0,4.0,3.0,199.0,3.0,7509.433962264151,7.0
Built-up  Area,Other,2000.0,2.0,1.0,160.0,4.0,8000.0,6.0
Super built-up  Area,Yeshwanthpur,1541.0,2.0,2.0,130.0,2.0,8436.080467229072,4.0
Plot  Area,Sarjapur  Road,1200.0,3.0,2.0,70.0,3.0,5833.333333333333,6.0
Built-up  Area,Whitefield,1125.0,2.0,2.0,45.0,2.0,4000.0,4.0
Super built-up  Area,Vittasandra,1650.0,3.0,2.0,85.0,3.0,5151.515151515152,6.0
Super built-up  Area,Other,834.0,1.0,1.0,62.0,1.0,7434.052757793765,2.0
Super built-up  Area,Gollarapalya Hosahalli,1320.0,3.0,2.0,60.0,3.0,4545.454545454545,6.0
Plot  Area,Malleshpalya,1200.0,3.0,1.0,149.0,3.0,12416.666666666666,6.0
Super built-up  Area,Mysore Road,1500.0,3.0,2.0,74.0,3.0,4933.333333333333,6.0
Plot  Area,Whitefield,4400.0,5.0,2.0,500.0,4.0,11363.636363636364,9.0
Plot  Area,Other,600.0,1.0,0.0,52.0,1.0,8666.666666666666,2.0
Super built-up  Area,Whitefield,1180.0,2.0,2.0,70.0,2.0,5932.203389830508,4.0
Super built-up  Area,Kadugodi,1010.0,2.0,1.0,50.0,2.0,4950.495049504951,4.0
Super built-up  Area,Channasandra,1070.0,2.0,1.0,38.0,2.0,3551.4018691588785,4.0
Super built-up  Area,Choodasandra,1580.0,3.0,3.0,105.0,3.0,6645.569620253164,6.0
Plot  Area,Other,1200.0,5.0,2.0,325.0,4.0,27083.333333333332,9.0
Super built-up  Area,Green Glen Layout,2000.0,3.0,2.0,165.0,3.0,8250.0,6.0
Super built-up  Area,Iblur Village,1920.0,3.0,2.0,130.0,3.0,6770.833333333333,6.0
Super built-up  Area,Sanjay nagar,1200.0,2.0,1.0,76.0,3.0,6333.333333333333,5.0
Built-up  Area,Kalena Agrahara,1040.0,2.0,2.0,45.0,2.0,4326.923076923077,4.0
Super built-up  Area,Hulimavu,1430.0,2.0,2.0,90.0,3.0,6293.706293706294,5.0
Super built-up  Area,Uttarahalli,1215.0,2.0,2.0,52.85,3.0,4349.794238683127,5.0
Super built-up  Area,Domlur,650.0,1.0,1.0,70.0,1.0,10769.23076923077,2.0
Super built-up  Area,Thanisandra,1564.0,3.0,1.0,105.0,3.0,6713.5549872122765,6.0
Built-up  Area,Hormavu,750.0,2.0,0.0,58.0,2.0,7733.333333333333,4.0
Super built-up  Area,Kasavanhalli,1200.0,2.0,2.0,60.0,2.0,5000.0,4.0
Super built-up  Area,Begur Road,1200.0,2.0,2.0,44.4,2.0,3700.0,4.0
Super built-up  Area,Other,2000.0,4.0,1.0,135.0,4.0,6750.0,8.0
Super built-up  Area,Other,2750.0,3.0,2.0,260.0,3.0,9454.545454545454,6.0
Plot  Area,Other,2400.0,4.0,2.0,480.0,4.0,20000.0,8.0
Built-up  Area,Yelahanka,1650.0,3.0,3.0,105.0,3.0,6363.636363636364,6.0
Super built-up  Area,1st Block Jayanagar,1235.0,2.0,2.0,148.0,2.0,11983.805668016194,4.0
Built-up  Area,Yelahanka,1200.0,2.0,2.0,55.0,2.0,4583.333333333333,4.0
Super built-up  Area,Kengeri Satellite Town,985.0,2.0,2.0,42.0,2.0,4263.959390862944,4.0
Super built-up  Area,Ramagondanahalli,1475.0,2.0,2.0,63.0,3.0,4271.186440677966,5.0
Super built-up  Area,Hebbal,3450.0,5.0,0.0,348.0,3.0,10086.95652173913,8.0
Super built-up  Area,Sarjapur  Road,1157.0,2.0,1.0,53.99,3.0,4666.3785652549695,5.0
Built-up  Area,Other,900.0,2.0,3.0,35.0,2.0,3888.8888888888887,4.0
Plot  Area,Gottigere,2500.0,3.0,2.0,120.0,4.0,4800.0,7.0
Built-up  Area,GM Palaya,1030.0,2.0,1.0,60.0,2.0,5825.242718446602,4.0
Super built-up  Area,Other,1000.0,2.0,1.0,46.0,2.0,4600.0,4.0
Built-up  Area,Sarjapur  Road,3800.0,3.0,3.0,325.0,4.0,8552.631578947368,7.0
Plot  Area,Kasavanhalli,4260.0,4.0,2.0,333.0,4.0,7816.901408450704,8.0
Plot  Area,Brookefield,1950.0,6.0,3.0,175.0,5.0,8974.358974358975,11.0
Super built-up  Area,Kudlu,1570.0,2.0,2.0,65.94,3.0,4200.0,5.0
Super built-up  Area,Kanakapura,1283.0,2.0,2.0,68.0,2.0,5300.077942322681,4.0
Super built-up  Area,Other,1200.0,2.0,2.0,52.0,2.0,4333.333333333333,4.0
Plot  Area,HAL 2nd Stage,2700.0,3.0,0.0,500.0,3.0,18518.51851851852,6.0
Plot  Area,Konanakunte,2400.0,2.0,3.0,180.0,3.0,7500.0,5.0
Super built-up  Area,Kathriguppe,1250.0,2.0,2.0,68.75,3.0,5500.0,5.0
Super built-up  Area,Old Madras Road,3630.0,6.0,1.0,196.0,4.0,5399.449035812672,10.0
Super built-up  Area,Yelahanka,990.0,2.0,2.0,37.62,2.0,3799.9999999999995,4.0
Super built-up  Area,Other,1280.0,2.0,2.0,90.0,2.0,7031.25,4.0
Super built-up  Area,1st Block Jayanagar,2750.0,4.0,0.0,413.0,4.0,15018.181818181818,8.0
Built-up  Area,Other,1190.0,2.0,1.0,55.0,2.0,4621.848739495798,4.0
Super built-up  Area,Yelachenahalli,1100.0,2.0,2.0,60.0,2.0,5454.545454545455,4.0
Super built-up  Area,Other,2075.0,3.0,1.0,175.0,3.0,8433.734939759037,6.0
Built-up  Area,Harlur,1133.0,2.0,1.0,55.0,2.0,4854.368932038835,4.0
Built-up  Area,Somasundara Palya,2400.0,3.0,3.0,140.0,4.0,5833.333333333333,7.0
Super built-up  Area,Whitefield,1280.0,2.0,2.0,69.0,2.0,5390.625,4.0
Super built-up  Area,Horamavu Agara,1250.0,3.0,2.0,65.0,3.0,5200.0,6.0
Super built-up  Area,Begur Road,1565.0,2.0,2.0,49.3,3.0,3150.1597444089457,5.0
Super built-up  Area,Other,1900.0,3.0,0.0,65.0,3.0,3421.0526315789475,6.0
Built-up  Area,Munnekollal,1080.0,2.0,2.0,45.0,2.0,4166.666666666667,4.0
Super built-up  Area,Battarahalli,600.0,1.0,0.0,47.0,1.0,7833.333333333333,2.0
Plot  Area,Other,1240.0,4.0,1.0,180.0,3.0,14516.129032258064,7.0
Built-up  Area,HRBR Layout,1335.0,2.0,1.0,87.0,3.0,6516.853932584269,5.0
Super built-up  Area,Vittasandra,1246.0,2.0,1.0,67.3,2.0,5401.284109149277,4.0
Super built-up  Area,Sarjapur  Road,1385.0,3.0,1.0,55.0,3.0,3971.1191335740073,6.0
Super built-up  Area,Other,1578.0,3.0,1.0,73.9,3.0,4683.143219264893,6.0
Super built-up  Area,Sarjapur  Road,1700.0,3.0,1.0,79.9,3.0,4700.000000000001,6.0
Built-up  Area,Vidyaranyapura,1120.0,2.0,1.0,70.0,2.0,6250.0,4.0
Super built-up  Area,Electronic City,435.0,1.0,1.0,22.0,1.0,5057.471264367816,2.0
Super built-up  Area,Magadi Road,1116.0,2.0,1.0,51.89,2.0,4649.641577060932,4.0
Super built-up  Area,Old Madras Road,1480.0,3.0,2.0,95.0,3.0,6418.918918918919,6.0
Built-up  Area,Hormavu,1000.0,2.0,2.0,50.0,2.0,5000.0,4.0
Super built-up  Area,HSR Layout,1145.0,2.0,2.0,46.0,2.0,4017.467248908297,4.0
Super built-up  Area,Bommasandra,800.0,1.0,1.0,32.0,2.0,4000.0,3.0
Super built-up  Area,Thanisandra,1265.0,2.0,1.0,83.0,2.0,6561.264822134387,4.0
Super built-up  Area,Devanahalli,1700.0,3.0,0.0,88.2,3.0,5188.235294117647,6.0
Super built-up  Area,Other,1475.0,2.0,1.0,70.0,2.0,4745.762711864407,4.0
Super built-up  Area,BTM 2nd Stage,1265.0,2.0,2.0,55.0,2.0,4347.826086956522,4.0
Built-up  Area,Anandapura,1200.0,2.0,0.0,58.0,2.0,4833.333333333333,4.0
Super built-up  Area,1st Phase JP Nagar,2180.0,3.0,2.0,210.0,3.0,9633.02752293578,6.0
Super built-up  Area,Brookefield,1080.0,2.0,3.0,50.0,2.0,4629.62962962963,4.0
Super built-up  Area,Whitefield,2023.0,4.0,2.0,130.0,3.0,6426.099851705388,7.0
Super built-up  Area,Other,2400.0,2.0,3.0,125.0,2.0,5208.333333333333,4.0
Super built-up  Area,Kadubeesanahalli,1545.0,2.0,2.0,66.0,3.0,4271.844660194175,5.0
Super built-up  Area,Kalena Agrahara,1804.0,3.0,2.0,166.0,3.0,9201.773835920178,6.0
Plot  Area,Other,1200.0,2.0,1.0,200.0,2.0,16666.666666666668,4.0
Super built-up  Area,6th Phase JP Nagar,1350.0,2.0,2.0,58.0,3.0,4296.2962962962965,5.0
Super built-up  Area,Hoodi,1108.0,2.0,1.0,74.23,2.0,6699.458483754513,4.0
Super built-up  Area,Marathahalli,1730.0,3.0,2.0,115.0,3.0,6647.398843930636,6.0
Super built-up  Area,Other,1427.0,2.0,3.0,70.0,3.0,4905.395935529082,5.0
Super built-up  Area,Yelahanka,935.0,2.0,1.0,35.53,2.0,3800.0,4.0
Super built-up  Area,Sarjapura - Attibele Road,1073.0,2.0,2.0,31.77,2.0,2960.857409133271,4.0
Built-up  Area,Ananth Nagar,960.0,2.0,3.0,37.0,2.0,3854.1666666666665,4.0
Super built-up  Area,Thigalarapalya,2215.0,4.0,2.0,150.0,3.0,6772.009029345372,7.0
Built-up  Area,Electronic City Phase II,1125.0,2.0,1.0,32.49,2.0,2888.0,4.0
Built-up  Area,Brookefield,1230.0,2.0,3.0,55.0,2.0,4471.544715447155,4.0
Super built-up  Area,Mahadevpura,1438.0,2.0,2.0,89.0,2.0,6189.151599443671,4.0
Super built-up  Area,7th Phase JP Nagar,1080.0,2.0,2.0,75.0,2.0,6944.444444444444,4.0
Plot  Area,Hebbal Kempapura,1200.0,3.0,2.0,125.0,3.0,10416.666666666666,6.0
Plot  Area,Marathahalli,1200.0,1.0,1.0,103.0,2.0,8583.333333333334,3.0
Super built-up  Area,Uttarahalli,1590.0,3.0,2.0,58.0,3.0,3647.7987421383646,6.0
Super built-up  Area,Other,1350.0,3.0,2.0,68.0,3.0,5037.037037037037,6.0
Super built-up  Area,Raja Rajeshwari Nagar,1400.0,2.0,2.0,48.0,3.0,3428.5714285714284,5.0
Super built-up  Area,Kaggadasapura,1560.0,2.0,3.0,72.0,3.0,4615.384615384615,5.0
Built-up  Area,Mallasandra,1810.0,3.0,2.0,57.0,4.0,3149.171270718232,7.0
Super built-up  Area,Other,2274.24,4.0,1.0,160.0,3.0,7035.317292809907,7.0
Super built-up  Area,Sonnenahalli,1484.0,3.0,1.0,74.18,3.0,4998.652291105122,6.0
Built-up  Area,Indira Nagar,1650.0,3.0,3.0,220.0,3.0,13333.333333333334,6.0
Super built-up  Area,Other,1455.0,2.0,2.0,55.0,3.0,3780.0687285223366,5.0
Super built-up  Area,Thanisandra,2280.0,4.0,2.0,184.0,3.0,8070.175438596491,7.0
Super built-up  Area,Other,4900.0,5.0,2.0,980.0,5.0,20000.0,10.0
Built-up  Area,Frazer Town,2079.0,3.0,3.0,220.0,3.0,10582.010582010582,6.0
Super built-up  Area,Bharathi Nagar,1351.0,2.0,2.0,74.0,2.0,5477.424130273871,4.0
Super built-up  Area,Kanakpura Road,1223.0,2.0,2.0,42.81,3.0,3500.408830744072,5.0
Super built-up  Area,KR Puram,1430.0,2.0,1.0,61.0,3.0,4265.734265734266,5.0
Built-up  Area,Whitefield,3589.0,5.0,0.0,400.0,4.0,11145.165784341041,9.0
Super built-up  Area,Electronic City Phase II,1310.0,2.0,2.0,37.83,3.0,2887.7862595419847,5.0
Plot  Area,Channasandra,1800.0,4.0,1.0,300.0,4.0,16666.666666666668,8.0
Super built-up  Area,Sarjapur  Road,984.0,2.0,1.0,55.0,2.0,5589.430894308943,4.0
Built-up  Area,Jalahalli,1770.0,3.0,3.0,100.0,3.0,5649.717514124294,6.0
Plot  Area,Other,900.0,3.0,1.0,105.0,2.0,11666.666666666666,5.0
Built-up  Area,Margondanahalli,1140.0,2.0,1.0,60.0,2.0,5263.1578947368425,4.0
Super built-up  Area,Bommanahalli,1170.0,2.0,3.0,34.0,2.0,2905.982905982906,4.0
Super built-up  Area,Poorna Pragna Layout,1160.0,2.0,2.0,46.39,2.0,3999.137931034483,4.0
Super built-up  Area,Kanakpura Road,1296.0,2.0,1.0,89.0,2.0,6867.283950617284,4.0
Built-up  Area,Other,1570.0,3.0,2.0,80.0,3.0,5095.541401273886,6.0
Super built-up  Area,Other,1495.0,2.0,2.0,65.0,3.0,4347.826086956522,5.0
Super built-up  Area,Hoodi,1530.0,2.0,2.0,67.0,3.0,4379.084967320261,5.0
Super built-up  Area,Gunjur,1800.0,3.0,1.0,70.0,3.0,3888.8888888888887,6.0
Super built-up  Area,Bellandur,1088.0,2.0,2.0,48.0,2.0,4411.764705882353,4.0
Super built-up  Area,Hosa Road,1533.0,3.0,1.0,98.18,3.0,6404.4357469015,6.0
Super built-up  Area,Rachenahalli,1100.0,2.0,1.0,68.0,2.0,6181.818181818182,4.0
Built-up  Area,Thubarahalli,1540.0,3.0,3.0,90.0,3.0,5844.1558441558445,6.0
Super built-up  Area,Hebbal,1244.0,3.0,2.0,48.0,2.0,3858.520900321543,5.0
Super built-up  Area,Hosa Road,1040.0,2.0,1.0,68.59,2.0,6595.192307692308,4.0
Super built-up  Area,Begur Road,1260.0,2.0,1.0,39.69,2.0,3150.0,4.0
Super built-up  Area,Thigalarapalya,1245.0,2.0,2.0,100.0,2.0,8032.128514056225,4.0
Super built-up  Area,Other,1350.0,3.0,0.0,75.0,3.0,5555.555555555556,6.0
Super built-up  Area,Other,470.0,2.0,1.0,10.0,1.0,2127.659574468085,3.0
Super built-up  Area,Vijayanagar,920.0,2.0,2.0,60.0,2.0,6521.739130434783,4.0
Built-up  Area,Other,2300.0,7.0,0.0,160.0,6.0,6956.521739130435,13.0
Super built-up  Area,Sarjapur,1124.0,2.0,1.0,30.35,2.0,2700.1779359430607,4.0
Super built-up  Area,Yelahanka New Town,2095.0,3.0,1.0,109.0,4.0,5202.863961813842,7.0
Super built-up  Area,Begur Road,1100.0,2.0,1.0,71.42,2.0,6492.727272727273,4.0
Super built-up  Area,Vijayanagar,1019.0,2.0,1.0,58.0,2.0,5691.854759568204,4.0
Super built-up  Area,Harlur,1756.0,3.0,2.0,128.0,3.0,7289.293849658315,6.0
Super built-up  Area,Bommasandra,1280.0,3.0,1.0,50.0,3.0,3906.25,6.0
Plot  Area,Kenchenahalli,1200.0,3.0,2.0,125.0,4.0,10416.666666666666,7.0
Super built-up  Area,Indira Nagar,1700.0,3.0,2.0,150.0,3.0,8823.529411764706,6.0
Super built-up  Area,Whitefield,2134.0,4.0,2.0,118.0,3.0,5529.522024367385,7.0
Super built-up  Area,Hosa Road,1369.1,2.0,1.0,98.0,2.0,7157.986998758309,4.0
Plot  Area,Other,1313.0,4.0,2.0,150.0,3.0,11424.219345011425,7.0
Super built-up  Area,Other,2515.0,4.0,3.0,155.0,3.0,6163.021868787277,7.0
Super built-up  Area,Thigalarapalya,2215.0,4.0,2.0,154.0,3.0,6952.5959367945825,7.0
Super built-up  Area,Other,1440.0,3.0,2.0,72.0,3.0,5000.0,6.0
Super built-up  Area,Hennur Road,1186.0,2.0,2.0,55.33,3.0,4665.2613827993255,5.0
Super built-up  Area,Uttarahalli,1350.0,2.0,2.0,47.24,3.0,3499.259259259259,5.0
Super built-up  Area,Hebbal,1800.0,3.0,2.0,140.0,3.0,7777.777777777777,6.0
Built-up  Area,Kudlu,1600.0,3.0,3.0,79.0,3.0,4937.5,6.0
Built-up  Area,GM Palaya,1000.0,2.0,1.0,35.0,2.0,3500.0,4.0
Super built-up  Area,Cunningham Road,2275.0,3.0,3.0,285.0,3.0,12527.472527472528,6.0
Super built-up  Area,Binny Pete,1740.0,3.0,1.0,150.0,3.0,8620.689655172413,6.0
Built-up  Area,Malleshwaram,900.0,2.0,1.0,90.0,2.0,10000.0,4.0
Built-up  Area,Benson Town,1567.0,3.0,0.0,140.0,2.0,8934.269304403319,5.0
Super built-up  Area,Kambipura,1082.0,2.0,1.0,45.5,3.0,4205.1756007393715,5.0
Built-up  Area,Nagarbhavi,1050.0,2.0,1.0,80.0,2.0,7619.047619047619,4.0
Super built-up  Area,Other,1200.0,2.0,1.0,56.0,2.0,4666.666666666667,4.0
Built-up  Area,Begur,3500.0,4.0,2.0,185.0,3.0,5285.714285714285,7.0
Super built-up  Area,Dasarahalli,1220.0,2.0,2.0,52.0,2.0,4262.295081967213,4.0
Super built-up  Area,Binny Pete,1970.0,3.0,2.0,164.0,3.0,8324.873096446701,6.0
Super built-up  Area,Other,2665.0,3.0,1.0,350.0,3.0,13133.208255159474,6.0
Built-up  Area,Kanakapura,2130.0,4.0,0.0,120.0,4.0,5633.802816901409,8.0
Super built-up  Area,Harlur,1749.0,3.0,2.0,120.0,3.0,6861.06346483705,6.0
Super built-up  Area,Subramanyapura,1260.0,2.0,1.0,108.0,2.0,8571.42857142857,4.0
Super built-up  Area,6th Phase JP Nagar,1170.0,2.0,2.0,120.0,2.0,10256.410256410256,4.0
Super built-up  Area,Other,1670.0,3.0,2.0,75.0,3.0,4491.017964071856,6.0
Super built-up  Area,Hennur Road,2264.0,3.0,2.0,168.0,3.0,7420.494699646643,6.0
Super built-up  Area,Other,3500.0,5.0,2.0,450.0,4.0,12857.142857142857,9.0
Super built-up  Area,Begur,1100.0,2.0,2.0,55.0,2.0,5000.0,4.0
Super built-up  Area,Chandapura,674.0,1.0,1.0,19.9,2.0,2952.522255192878,3.0
Super built-up  Area,Koramangala,1320.0,2.0,1.0,160.0,2.0,12121.212121212122,4.0
Super built-up  Area,Electronics City Phase 1,1125.0,2.0,2.0,65.0,2.0,5777.777777777777,4.0
Super built-up  Area,Nagavara,1125.0,2.0,2.0,44.5,2.0,3955.5555555555557,4.0
Super built-up  Area,Other,700.0,2.0,1.0,29.0,2.0,4142.857142857143,4.0
Built-up  Area,BTM Layout,1300.0,2.0,1.0,75.0,3.0,5769.2307692307695,5.0
Super built-up  Area,JP Nagar,1600.0,3.0,2.0,83.0,3.0,5187.5,6.0
Super built-up  Area,Magadi Road,1052.0,2.0,1.0,60.0,3.0,5703.42205323194,5.0
Super built-up  Area,Devarachikkanahalli,1130.0,2.0,2.0,36.0,2.0,3185.8407079646017,4.0
Super built-up  Area,BTM 2nd Stage,2200.0,3.0,3.0,220.0,3.0,10000.0,6.0
Built-up  Area,Electronic City,1500.0,2.0,1.0,63.0,3.0,4200.0,5.0
Super built-up  Area,Old Madras Road,1350.0,3.0,1.0,47.25,3.0,3500.0,6.0
Super built-up  Area,Gottigere,1230.0,2.0,2.0,52.0,3.0,4227.642276422765,5.0
Super built-up  Area,Haralur Road,1520.0,2.0,2.0,85.0,3.0,5592.105263157895,5.0
Super built-up  Area,Kanakpura Road,525.0,1.0,1.0,26.25,1.0,5000.0,2.0
Super built-up  Area,Hosa Road,1040.0,2.0,1.0,61.0,2.0,5865.384615384615,4.0
Built-up  Area,Other,1300.0,2.0,1.0,67.0,3.0,5153.846153846154,5.0
Super built-up  Area,Old Airport Road,2690.0,4.0,3.0,201.0,4.0,7472.118959107806,8.0
Super built-up  Area,Domlur,780.0,1.0,1.0,70.0,1.0,8974.358974358975,2.0
Super built-up  Area,Panathur,1140.0,2.0,1.0,51.2,2.0,4491.228070175439,4.0
Super built-up  Area,Chandapura,1225.0,3.0,1.0,33.08,3.0,2700.408163265306,6.0
Built-up  Area,Nagavarapalya,646.0,1.0,0.0,25.84,1.0,4000.0,2.0
Super built-up  Area,Cox Town,1600.0,3.0,1.0,150.0,3.0,9375.0,6.0
Super built-up  Area,Kadugodi,1890.0,4.0,3.0,125.0,3.0,6613.756613756614,7.0
Super built-up  Area,Whitefield,1458.0,2.0,2.0,62.0,3.0,4252.400548696845,5.0
Super built-up  Area,Green Glen Layout,1970.0,3.0,2.0,160.0,3.0,8121.827411167513,6.0
Plot  Area,Whitefield,1808.0,4.0,0.0,80.0,3.0,4424.778761061947,7.0
Built-up  Area,Balagere,1007.0,2.0,1.0,67.0,2.0,6653.4260178748755,4.0
Super built-up  Area,Doddathoguru,1105.0,2.0,1.0,50.0,2.0,4524.886877828054,4.0
Super built-up  Area,Lakshminarayana Pura,1700.0,3.0,3.0,150.0,3.0,8823.529411764706,6.0
Super built-up  Area,Raja Rajeshwari Nagar,1170.0,2.0,3.0,50.0,2.0,4273.504273504273,4.0
Built-up  Area,Chandapura,1080.0,2.0,3.0,45.0,2.0,4166.666666666667,4.0
Super built-up  Area,Kaggalipura,1150.0,2.0,1.0,62.0,3.0,5391.304347826087,5.0
Super built-up  Area,Ramamurthy Nagar,1200.0,2.0,1.0,57.9,2.0,4825.0,4.0
Super built-up  Area,Kudlu Gate,1656.0,3.0,2.0,75.0,3.0,4528.985507246377,6.0
Super built-up  Area,KR Puram,1040.0,2.0,2.0,50.0,2.0,4807.692307692308,4.0
Super built-up  Area,Hosur Road,1085.0,2.0,2.0,33.7,2.0,3105.9907834101386,4.0
Super built-up  Area,Other,1215.0,2.0,2.0,49.75,3.0,4094.650205761317,5.0
Built-up  Area,NRI Layout,2150.0,4.0,2.0,115.0,4.0,5348.837209302325,8.0
Super built-up  Area,Panathur,1210.0,2.0,1.0,77.0,2.0,6363.636363636364,4.0
Built-up  Area,Other,1050.0,2.0,1.0,55.0,2.0,5238.0952380952385,4.0
Super built-up  Area,Mysore Road,947.55,2.0,1.0,80.0,2.0,8442.826236082528,4.0
Built-up  Area,Malleshpalya,1421.0,2.0,1.0,90.0,2.0,6333.56790992259,4.0
Super built-up  Area,Old Madras Road,1425.0,2.0,2.0,74.31,3.0,5214.736842105263,5.0
Super built-up  Area,Budigere,1162.0,2.0,1.0,58.0,2.0,4991.394148020654,4.0
Super built-up  Area,Whitefield,905.0,1.0,1.0,60.0,1.0,6629.834254143647,2.0
Super built-up  Area,Sarjapur  Road,914.0,2.0,1.0,32.0,2.0,3501.09409190372,4.0
Built-up  Area,Other,1258.0,2.0,0.0,58.0,2.0,4610.492845786964,4.0
Plot  Area,Hormavu,3500.0,4.0,1.0,289.0,4.0,8257.142857142857,8.0
Plot  Area,Poorna Pragna Layout,2400.0,6.0,2.0,450.0,7.0,18750.0,13.0
Built-up  Area,Ramagondanahalli,4200.0,4.0,2.0,800.0,4.0,19047.619047619046,8.0
Super built-up  Area,Whitefield,1537.0,2.0,3.0,70.0,3.0,4554.326610279766,5.0
Super built-up  Area,Chikkalasandra,1230.0,2.0,2.0,53.51,3.0,4350.40650406504,5.0
Plot  Area,Other,2400.0,5.0,2.0,300.0,6.0,12500.0,11.0
Super built-up  Area,Malleshwaram,2250.0,3.0,1.0,200.0,3.0,8888.888888888889,6.0
Plot  Area,Hosur Road,2000.0,4.0,1.0,69.0,4.0,3450.0,8.0
Super built-up  Area,Other,3000.0,4.0,3.0,130.0,8.0,4333.333333333333,12.0
Built-up  Area,Kumaraswami Layout,2600.0,4.0,0.0,325.0,4.0,12500.0,8.0
Built-up  Area,Indira Nagar,3200.0,3.0,2.0,250.0,4.0,7812.5,7.0
Built-up  Area,Anjanapura,950.0,2.0,0.0,32.0,2.0,3368.4210526315787,4.0
Super built-up  Area,Marathahalli,4000.0,4.0,2.0,200.0,4.0,5000.0,8.0
Super built-up  Area,Yelahanka,1282.0,2.0,1.0,48.72,3.0,3800.312012480499,5.0
Built-up  Area,Banashankari Stage III,1304.0,2.0,0.0,111.0,2.0,8512.269938650306,4.0
Super built-up  Area,7th Phase JP Nagar,2100.0,3.0,2.0,200.0,3.0,9523.809523809523,6.0
Built-up  Area,Jakkur,1220.0,2.0,2.0,49.0,3.0,4016.3934426229507,5.0
Built-up  Area,7th Phase JP Nagar,1415.0,3.0,1.0,65.0,3.0,4593.639575971732,6.0
Super built-up  Area,Green Glen Layout,1728.0,3.0,2.0,125.0,3.0,7233.7962962962965,6.0
Super built-up  Area,7th Phase JP Nagar,1680.0,3.0,3.0,125.0,3.0,7440.476190476191,6.0
Super built-up  Area,Other,1235.0,2.0,1.0,140.0,2.0,11336.032388663967,4.0
Built-up  Area,Yelahanka,3990.0,4.0,1.0,260.0,4.0,6516.290726817043,8.0
Built-up  Area,Kasavanhalli,1495.0,2.0,2.0,83.0,2.0,5551.8394648829435,4.0
Plot  Area,Hennur Road,1500.0,5.0,1.0,175.0,5.0,11666.666666666666,10.0
Super built-up  Area,Yeshwanthpur,2501.0,3.0,3.0,138.0,3.0,5517.792882846861,6.0
Carpet  Area,Kanakpura Road,381.0,1.0,0.0,28.0,1.0,7349.081364829396,2.0
Super built-up  Area,Other,3301.8,5.0,2.0,570.0,4.0,17263.310921315646,9.0
Super built-up  Area,Hennur Road,2002.0,3.0,2.0,120.0,3.0,5994.005994005994,6.0
Built-up  Area,Other,3200.0,3.0,0.0,260.0,3.0,8125.0,6.0
Plot  Area,Banjara Layout,1200.0,2.0,2.0,70.0,2.0,5833.333333333333,4.0
Plot  Area,Sarjapur  Road,1500.0,3.0,0.0,235.0,4.0,15666.666666666666,7.0
Plot  Area,Bommasandra,1942.0,3.0,2.0,90.0,3.0,4634.3975283213185,6.0
Built-up  Area,Other,660.0,1.0,0.0,95.0,1.0,14393.939393939394,2.0
Plot  Area,Banashankari Stage III,1200.0,6.0,2.0,170.0,4.0,14166.666666666666,10.0
Built-up  Area,Other,1450.0,3.0,2.0,90.0,3.0,6206.896551724138,6.0
Super built-up  Area,Electronic City,1039.0,2.0,1.0,50.0,2.0,4812.319538017325,4.0
Super built-up  Area,Old Madras Road,1210.0,2.0,1.0,80.0,2.0,6611.570247933884,4.0
Super built-up  Area,Attibele,995.0,1.0,1.0,24.88,2.0,2500.502512562814,3.0
Built-up  Area,Yelahanka,1620.0,3.0,2.0,90.0,3.0,5555.555555555556,6.0
Built-up  Area,Choodasandra,3204.0,4.0,3.0,395.0,3.0,12328.339575530586,7.0
Built-up  Area,Hebbal Kempapura,3408.0,3.0,3.0,260.0,3.0,7629.107981220657,6.0
Built-up  Area,Marathahalli,1314.0,2.0,3.0,55.0,2.0,4185.692541856925,4.0
Super built-up  Area,Bisuvanahalli,945.0,2.0,1.0,33.0,2.0,3492.063492063492,4.0
Built-up  Area,Nehru Nagar,1374.0,3.0,2.0,72.0,3.0,5240.174672489083,6.0
Built-up  Area,Kanakpura Road,1603.0,3.0,3.0,113.0,3.0,7049.282595134124,6.0
Built-up  Area,Kengeri,1230.0,2.0,2.0,52.0,3.0,4227.642276422765,5.0
Super built-up  Area,Basavangudi,670.0,1.0,1.0,50.0,1.0,7462.686567164179,2.0
Super built-up  Area,Sarjapur  Road,1864.0,3.0,2.0,105.0,4.0,5633.0472103004295,7.0
Built-up  Area,Hosa Road,2500.0,3.0,2.0,100.0,3.0,4000.0,6.0
Super built-up  Area,Raja Rajeshwari Nagar,1625.0,2.0,2.0,54.0,3.0,3323.076923076923,5.0
Super built-up  Area,Whitefield,1186.0,2.0,3.0,55.0,2.0,4637.43676222597,4.0
Super built-up  Area,Electronic City,770.0,1.0,1.0,39.9,2.0,5181.818181818182,3.0
Super built-up  Area,Varthur,1085.0,2.0,1.0,45.0,2.0,4147.465437788019,4.0
Super built-up  Area,Other,3754.0,6.0,2.0,480.0,4.0,12786.361214704315,10.0
Super built-up  Area,Other,1893.0,3.0,2.0,115.0,3.0,6075.0132065504495,6.0
Super built-up  Area,Kundalahalli,1496.0,2.0,3.0,78.0,3.0,5213.903743315508,5.0
Super built-up  Area,Chandapura,1305.0,3.0,1.0,33.28,3.0,2550.191570881226,6.0
Super built-up  Area,Electronics City Phase 1,1550.0,2.0,2.0,82.0,3.0,5290.322580645161,5.0
Super built-up  Area,Marathahalli,1200.0,2.0,1.0,58.17,3.0,4847.5,5.0
Super built-up  Area,Electronic City Phase II,1286.0,2.0,2.0,69.0,2.0,5365.47433903577,4.0
Super built-up  Area,Hebbal,1860.0,3.0,2.0,95.0,3.0,5107.5268817204305,6.0
Built-up  Area,Other,425.0,1.0,1.0,750.0,1.0,176470.58823529413,2.0
Super built-up  Area,Haralur Road,1243.0,2.0,2.0,45.0,2.0,3620.2735317779566,4.0
Super built-up  Area,Brookefield,1200.0,2.0,2.0,75.0,2.0,6250.0,4.0
Super built-up  Area,Sarjapur,1044.0,2.0,2.0,32.0,2.0,3065.1340996168583,4.0
Super built-up  Area,7th Phase JP Nagar,1040.0,2.0,1.0,41.59,2.0,3999.038461538462,4.0
Super built-up  Area,8th Phase JP Nagar,1125.0,2.0,2.0,36.94,2.0,3283.5555555555557,4.0
Super built-up  Area,Cunningham Road,3489.0,3.0,1.0,662.0,3.0,18973.91802808828,6.0
Super built-up  Area,Subramanyapura,1278.0,2.0,2.0,59.0,3.0,4616.588419405321,5.0
Super built-up  Area,Other,2400.0,6.0,2.0,98.0,6.0,4083.3333333333335,12.0
Super built-up  Area,Other,1250.0,2.0,1.0,43.0,2.0,3440.0,4.0
Plot  Area,Vijayanagar,2400.0,6.0,3.0,125.0,5.0,5208.333333333333,11.0
Plot  Area,KR Puram,4166.0,5.0,2.0,560.0,5.0,13442.150744119059,10.0
Super built-up  Area,Lakshminarayana Pura,1210.0,2.0,2.0,75.0,2.0,6198.347107438017,4.0
Super built-up  Area,8th Phase JP Nagar,1200.0,3.0,2.0,110.0,4.0,9166.666666666666,7.0
Super built-up  Area,Sarjapur  Road,1157.0,2.0,1.0,57.84,3.0,4999.1356957649095,5.0
Super built-up  Area,Raja Rajeshwari Nagar,1185.0,2.0,1.0,51.15,2.0,4316.455696202532,4.0
Super built-up  Area,Kalena Agrahara,1450.0,3.0,3.0,100.0,3.0,6896.551724137931,6.0
Super built-up  Area,Old Madras Road,1859.0,3.0,2.0,121.0,3.0,6508.87573964497,6.0
Super built-up  Area,Rajaji Nagar,1763.0,3.0,2.0,262.0,2.0,14861.032331253546,5.0
Super built-up  Area,Attibele,900.0,1.0,1.0,25.0,2.0,2777.777777777778,3.0
Super built-up  Area,Ramamurthy Nagar,1305.0,3.0,1.0,60.0,3.0,4597.701149425287,6.0
Built-up  Area,Other,1200.0,2.0,2.0,100.0,3.0,8333.333333333334,5.0
Super built-up  Area,Thanisandra,784.0,1.0,0.0,35.285,1.0,4500.6377551020405,2.0
Super built-up  Area,Sarjapur  Road,1150.0,2.0,0.0,36.8,2.0,3199.9999999999995,4.0
Built-up  Area,Whitefield,1806.0,3.0,3.0,85.0,3.0,4706.5337763012185,6.0
Super built-up  Area,Kudlu,1027.0,2.0,2.0,42.0,2.0,4089.581304771178,4.0
Super built-up  Area,Uttarahalli,1002.0,2.0,1.0,40.08,2.0,4000.0,4.0
Super built-up  Area,Electronic City Phase II,1220.0,2.0,1.0,36.21,3.0,2968.032786885246,5.0
Super built-up  Area,Whitefield,1109.0,2.0,1.0,35.22,2.0,3175.834084761046,4.0
Built-up  Area,Uttarahalli,1002.0,2.0,1.0,40.08,2.0,4000.0,4.0
Super built-up  Area,Other,1308.0,2.0,1.0,89.04,2.0,6807.339449541284,4.0
Super built-up  Area,Hennur Road,1232.0,2.0,1.0,69.6,2.0,5649.350649350648,4.0
Super built-up  Area,Haralur Road,1027.0,2.0,2.0,44.0,2.0,4284.323271665044,4.0
Built-up  Area,Kalyan nagar,1250.0,2.0,2.0,65.0,2.0,5200.0,4.0
Super built-up  Area,Raja Rajeshwari Nagar,1255.0,2.0,1.0,53.87,2.0,4292.4302788844625,4.0
Built-up  Area,Akshaya Nagar,1434.0,3.0,3.0,84.0,3.0,5857.740585774059,6.0
Built-up  Area,Doddathoguru,925.0,2.0,2.0,30.0,2.0,3243.2432432432433,4.0
Super built-up  Area,Jakkur,1858.0,3.0,1.0,123.0,3.0,6620.021528525296,6.0
Built-up  Area,Other,1205.0,2.0,1.0,70.0,2.0,5809.128630705394,4.0
Plot  Area,Other,1500.0,3.0,2.0,90.0,3.0,6000.0,6.0
Plot  Area,Other,1200.0,3.0,2.0,200.0,3.0,16666.666666666668,6.0
Super built-up  Area,Mysore Road,1020.0,2.0,2.0,48.95,2.0,4799.019607843137,4.0
Super built-up  Area,Thanisandra,965.0,2.0,1.0,56.0,2.0,5803.108808290155,4.0
Plot  Area,7th Phase JP Nagar,1800.0,6.0,3.0,270.0,5.0,15000.0,11.0
Super built-up  Area,Battarahalli,1636.0,2.0,2.0,82.89,2.0,5066.6259168704155,4.0
Super built-up  Area,Kundalahalli,1724.0,3.0,1.0,125.0,3.0,7250.580046403712,6.0
Super built-up  Area,Whitefield,1216.0,2.0,1.0,67.0,2.0,5509.868421052632,4.0
Super built-up  Area,Yelahanka,654.0,1.0,1.0,36.25,1.0,5542.813455657492,2.0
Super built-up  Area,Other,1190.0,2.0,2.0,41.0,2.0,3445.378151260504,4.0
Super built-up  Area,Budigere,1636.0,3.0,2.0,92.0,3.0,5623.471882640587,6.0
Super built-up  Area,Hennur Road,1195.0,2.0,2.0,73.0,2.0,6108.786610878661,4.0
Super built-up  Area,Nagavara,2400.0,3.0,3.0,251.0,3.0,10458.333333333334,6.0
Super built-up  Area,Other,1250.0,2.0,1.0,67.0,2.0,5360.0,4.0
Super built-up  Area,Whitefield,1452.0,3.0,2.0,90.0,3.0,6198.347107438017,6.0
Super built-up  Area,Thanisandra,1546.0,3.0,1.0,95.0,3.0,6144.890038809832,6.0
Built-up  Area,Sarjapur  Road,3385.5,6.0,0.0,142.0,4.0,4194.358292718948,10.0
Plot  Area,Indira Nagar,1440.0,3.0,1.0,275.0,3.0,19097.222222222223,6.0
Plot  Area,Other,2260.0,3.0,1.0,80.0,2.0,3539.8230088495575,5.0
Plot  Area,Other,2700.0,3.0,2.0,90.0,4.0,3333.3333333333335,7.0
Super built-up  Area,Indira Nagar,1475.0,2.0,2.0,171.0,2.0,11593.22033898305,4.0
Built-up  Area,JP Nagar,3000.0,3.0,2.0,150.0,4.0,5000.0,7.0
Built-up  Area,Other,375.0,1.0,0.0,26.0,1.0,6933.333333333333,2.0
Super built-up  Area,Balagere,1007.0,2.0,1.0,66.0,2.0,6554.121151936445,4.0
Super built-up  Area,Other,5422.0,6.0,2.0,1900.0,4.0,35042.419771302106,10.0
Super built-up  Area,Hennur Road,1020.0,2.0,3.0,47.0,2.0,4607.843137254902,4.0
Super built-up  Area,Other,1000.0,2.0,0.0,150.0,2.0,15000.0,4.0
Plot  Area,Other,800.0,3.0,1.0,59.5,2.0,7437.5,5.0
Super built-up  Area,Marathahalli,1125.0,2.0,3.0,55.0,2.0,4888.888888888889,4.0
Built-up  Area,Other,909.0,2.0,1.0,43.0,3.0,4730.47304730473,5.0
Built-up  Area,Whitefield,2850.0,5.0,0.0,240.0,4.0,8421.052631578947,9.0
Super built-up  Area,Other,1400.0,2.0,3.0,85.0,2.0,6071.428571428572,4.0
Super built-up  Area,Kadugodi,1152.0,2.0,2.0,61.0,2.0,5295.138888888889,4.0
Super built-up  Area,Subramanyapura,958.0,2.0,1.0,34.49,2.0,3600.2087682672236,4.0
Super built-up  Area,Whitefield,1150.0,2.0,2.0,55.0,2.0,4782.608695652174,4.0
Super built-up  Area,Old Madras Road,2990.0,5.0,1.0,173.0,3.0,5785.953177257525,8.0
Super built-up  Area,Bellandur,1310.0,2.0,2.0,85.0,2.0,6488.5496183206105,4.0
Super built-up  Area,Hosur Road,1590.0,2.0,2.0,126.0,3.0,7924.528301886792,5.0
Super built-up  Area,Green Glen Layout,1645.0,3.0,2.0,110.0,3.0,6686.930091185411,6.0
Built-up  Area,Other,1800.0,2.0,2.0,100.0,3.0,5555.555555555556,5.0
Super built-up  Area,Thanisandra,1795.0,3.0,2.0,150.0,3.0,8356.545961002785,6.0
Super built-up  Area,8th Phase JP Nagar,1100.0,2.0,3.0,35.0,2.0,3181.818181818182,4.0
Super built-up  Area,Thanisandra,777.0,1.0,0.0,38.535,1.0,4959.459459459459,2.0
Super built-up  Area,Other,925.0,2.0,2.0,70.0,2.0,7567.5675675675675,4.0
Super built-up  Area,Basavangudi,1542.14,3.0,3.0,120.0,3.0,7781.394685307429,6.0
Plot  Area,Konanakunte,3746.0,6.0,1.0,375.0,4.0,10010.6780565937,10.0
Super built-up  Area,Thanisandra,1430.0,2.0,2.0,54.0,3.0,3776.2237762237764,5.0
Super built-up  Area,Bommanahalli,1020.0,2.0,2.0,55.0,2.0,5392.156862745098,4.0
Super built-up  Area,Electronic City Phase II,1140.0,2.0,1.0,32.92,2.0,2887.719298245614,4.0
Built-up  Area,Anekal,967.0,2.0,1.0,45.0,3.0,4653.567735263702,5.0
Super built-up  Area,Hebbal,2470.0,4.0,2.0,203.0,4.0,8218.623481781377,8.0
Built-up  Area,Other,850.0,1.0,0.0,35.5,2.0,4176.470588235294,3.0
Super built-up  Area,Other,1100.0,2.0,2.0,32.0,2.0,2909.090909090909,4.0
Super built-up  Area,Thanisandra,1697.0,3.0,2.0,110.0,3.0,6482.027106658809,6.0
Super built-up  Area,Varthur,1250.0,2.0,2.0,47.0,2.0,3760.0,4.0
Super built-up  Area,Gottigere,1120.0,2.0,2.0,50.0,2.0,4464.285714285715,4.0
Plot  Area,NRI Layout,1200.0,4.0,0.0,95.0,4.0,7916.666666666667,8.0
Plot  Area,Hennur Road,5100.0,6.0,3.0,375.0,5.0,7352.941176470588,11.0
Plot  Area,Other,2400.0,3.0,2.0,480.0,4.0,20000.0,7.0
Super built-up  Area,Hebbal,1200.0,2.0,1.0,52.0,2.0,4333.333333333333,4.0
Super built-up  Area,7th Phase JP Nagar,1100.0,2.0,1.0,44.0,2.0,4000.0,4.0
Super built-up  Area,Devarachikkanahalli,1417.0,2.0,2.0,76.0,3.0,5363.443895553987,5.0
Built-up  Area,Thanisandra,1492.0,3.0,1.0,88.0,3.0,5898.123324396783,6.0
Super built-up  Area,Devanahalli,1498.0,3.0,3.0,79.15,3.0,5283.711615487317,6.0
Built-up  Area,Other,3500.0,2.0,1.0,350.0,4.0,10000.0,6.0
Super built-up  Area,Kundalahalli,1010.0,2.0,1.0,48.27,2.0,4779.207920792079,4.0
Super built-up  Area,Channasandra,1050.0,2.0,1.0,35.0,2.0,3333.3333333333335,4.0
Super built-up  Area,Hegde Nagar,1847.0,3.0,2.0,125.0,3.0,6767.73145641581,6.0
Super built-up  Area,Other,1200.0,2.0,2.0,55.0,2.0,4583.333333333333,4.0
Super built-up  Area,Bellandur,982.0,2.0,2.0,37.28,2.0,3796.3340122199593,4.0
Super built-up  Area,Hegde Nagar,2144.6,4.0,2.0,145.0,3.0,6761.167583698592,7.0
Super built-up  Area,Kengeri,750.0,2.0,1.0,36.5,2.0,4866.666666666667,4.0
Super built-up  Area,Electronic City,919.0,2.0,2.0,35.0,2.0,3808.487486398259,4.0
Super built-up  Area,Budigere,1087.0,2.0,1.0,54.3,2.0,4995.40018399264,4.0
Built-up  Area,Other,1480.0,3.0,2.0,74.0,3.0,5000.0,6.0
Built-up  Area,Tindlu,1180.0,2.0,2.0,52.0,2.0,4406.779661016949,4.0
Super built-up  Area,Other,2100.0,4.0,2.0,255.0,3.0,12142.857142857143,7.0
Super built-up  Area,Jigani,1221.0,3.0,2.0,65.0,3.0,5323.505323505324,6.0
Built-up  Area,Thanisandra,2072.0,3.0,2.0,122.0,3.0,5888.030888030888,6.0
Built-up  Area,Whitefield,1600.0,3.0,2.0,69.0,3.0,4312.5,6.0
Super built-up  Area,Sahakara Nagar,2200.0,3.0,2.0,98.0,3.0,4454.545454545455,6.0
Super built-up  Area,Rajaji Nagar,1640.0,3.0,3.0,220.0,3.0,13414.634146341463,6.0
Super built-up  Area,Kaikondrahalli,1253.0,2.0,2.0,81.5,2.0,6504.38946528332,4.0
Super built-up  Area,Hennur Road,1061.0,2.0,1.0,54.92,2.0,5176.248821866164,4.0
Super built-up  Area,Marathahalli,1950.0,3.0,2.0,115.0,3.0,5897.4358974358975,6.0
Built-up  Area,Marathahalli,1250.0,2.0,2.0,68.0,2.0,5440.0,4.0
Super built-up  Area,Hennur Road,1585.0,2.0,3.0,80.0,3.0,5047.318611987382,5.0
Super built-up  Area,Kammasandra,1015.0,2.0,2.0,37.0,2.0,3645.320197044335,4.0
Super built-up  Area,Begur Road,2464.5,6.0,0.0,118.0,4.0,4787.9894501927365,10.0
Super built-up  Area,Marathahalli,1125.0,2.0,2.0,56.8,2.0,5048.888888888889,4.0
Super built-up  Area,Electronic City Phase II,1116.0,2.0,2.0,40.0,2.0,3584.2293906810037,4.0
Built-up  Area,Other,400.0,1.0,0.0,35.0,1.0,8750.0,2.0
Super built-up  Area,Kasavanhalli,4000.0,4.0,2.0,325.0,4.0,8125.0,8.0
Super built-up  Area,Hebbal,3900.0,4.0,2.0,410.0,4.0,10512.820512820514,8.0
Super built-up  Area,Old Madras Road,1300.0,2.0,2.0,100.0,2.0,7692.307692307692,4.0
Super built-up  Area,Raja Rajeshwari Nagar,1419.0,2.0,1.0,60.42,2.0,4257.928118393234,4.0
Super built-up  Area,Other,1310.0,2.0,1.0,55.0,3.0,4198.473282442748,5.0
Super built-up  Area,Thigalarapalya,2072.0,4.0,2.0,152.0,3.0,7335.907335907336,7.0
Built-up  Area,Kaggadasapura,1240.0,2.0,1.0,58.58,2.0,4724.193548387097,4.0
Built-up  Area,Chamrajpet,1565.0,3.0,2.0,98.91,3.0,6320.127795527156,6.0
Super built-up  Area,Budigere,1820.0,3.0,2.0,89.0,3.0,4890.10989010989,6.0
Plot  Area,Gubbalala,2500.0,3.0,1.0,88.0,3.0,3520.0,6.0
Plot  Area,KR Puram,3657.0,5.0,2.0,310.0,5.0,8476.89362865737,10.0
Super built-up  Area,Hosa Road,1245.0,2.0,1.0,62.0,2.0,4979.919678714859,4.0
Super built-up  Area,GM Palaya,1315.0,3.0,1.0,65.0,3.0,4942.9657794676805,6.0
Super built-up  Area,Kenchenahalli,1410.0,2.0,2.0,73.0,3.0,5177.304964539007,5.0
Super built-up  Area,Dasarahalli,1375.0,2.0,1.0,60.0,2.0,4363.636363636364,4.0
Super built-up  Area,Old Madras Road,1299.0,2.0,2.0,95.0,2.0,7313.317936874519,4.0
Super built-up  Area,Other,993.0,2.0,3.0,45.5,2.0,4582.074521651561,4.0
Plot  Area,Bommasandra Industrial Area,1200.0,3.0,0.0,45.0,2.0,3750.0,5.0
Super built-up  Area,Other,985.0,2.0,1.0,156.0,2.0,15837.56345177665,4.0
Built-up  Area,Other,2400.0,5.0,3.0,180.0,4.0,7500.0,9.0
Super built-up  Area,Hebbal,1255.0,2.0,1.0,95.0,3.0,7569.721115537848,5.0
Super built-up  Area,Hoodi,1655.0,3.0,2.0,131.0,3.0,7915.407854984895,6.0
Super built-up  Area,Whitefield,2830.0,5.0,3.0,190.0,4.0,6713.780918727915,9.0
Super built-up  Area,Other,6000.0,1.0,1.0,276.0,1.0,4600.0,2.0
Super built-up  Area,Other,825.0,2.0,1.0,40.0,1.0,4848.484848484848,3.0
Super built-up  Area,Begur Road,1634.0,3.0,1.0,111.0,3.0,6793.145654834761,6.0
Super built-up  Area,Banaswadi,1222.0,2.0,2.0,80.0,2.0,6546.6448445171845,4.0
Super built-up  Area,Gottigere,1500.0,3.0,2.0,63.0,3.0,4200.0,6.0
Super built-up  Area,Akshaya Nagar,1890.0,4.0,2.0,100.0,3.0,5291.005291005291,7.0
Built-up  Area,Hegde Nagar,3750.0,6.0,2.0,375.0,4.0,10000.0,10.0
Super built-up  Area,Hulimavu,850.0,1.0,1.0,39.5,2.0,4647.058823529412,3.0
Super built-up  Area,Whitefield,1295.0,2.0,3.0,78.5,2.0,6061.776061776061,4.0
Super built-up  Area,Sarjapur  Road,1320.0,2.0,1.0,100.0,2.0,7575.757575757576,4.0
Plot  Area,Hebbal,1200.0,4.0,2.0,225.0,4.0,18750.0,8.0
Built-up  Area,2nd Stage Nagarbhavi,3000.0,3.0,3.0,170.0,4.0,5666.666666666667,7.0
Built-up  Area,Harlur,1197.0,2.0,1.0,82.0,2.0,6850.459482038429,4.0
Super built-up  Area,Other,1320.0,2.0,3.0,60.0,3.0,4545.454545454545,5.0
Super built-up  Area,Whitefield,840.0,1.0,1.0,57.6,1.0,6857.142857142857,2.0
Super built-up  Area,Whitefield,640.0,1.0,0.0,19.83,1.0,3098.4374999999995,2.0
Super built-up  Area,Raja Rajeshwari Nagar,1693.0,3.0,1.0,71.38,3.0,4216.184288245718,6.0
Super built-up  Area,Kodihalli,1000.0,2.0,1.0,62.0,2.0,6200.0,4.0
Built-up  Area,Babusapalaya,1305.0,2.0,1.0,70.0,2.0,5363.984674329502,4.0
Built-up  Area,Kodichikkanahalli,450.0,1.0,1.0,18.0,1.0,4000.0,2.0
Super built-up  Area,CV Raman Nagar,705.0,1.0,1.0,57.0,1.0,8085.106382978724,2.0
Built-up  Area,Tumkur Road,4800.0,5.0,2.0,150.0,5.0,3125.0,10.0
Built-up  Area,Other,5000.0,5.0,2.0,600.0,4.0,12000.0,9.0
Plot  Area,Gubbalala,5000.0,4.0,3.0,425.0,4.0,8500.0,8.0
Built-up  Area,Whitefield,1991.0,3.0,2.0,104.0,3.0,5223.505775991964,6.0
Super built-up  Area,Battarahalli,1779.0,3.0,2.0,90.0,3.0,5059.02192242833,6.0
Plot  Area,Whitefield,10200.0,4.0,1.0,1250.0,4.0,12254.901960784313,8.0
Super built-up  Area,Banaswadi,870.0,2.0,2.0,38.0,2.0,4367.816091954023,4.0
Super built-up  Area,Thanisandra,1595.0,3.0,2.0,120.0,3.0,7523.510971786834,6.0
Plot  Area,Other,2400.0,4.0,2.0,420.0,6.0,17500.0,10.0
Super built-up  Area,Iblur Village,2000.0,4.0,2.0,138.0,3.0,6900.0,7.0
Super built-up  Area,Yelahanka,1614.0,3.0,2.0,93.0,3.0,5762.081784386617,6.0
Super built-up  Area,Gottigere,1200.0,2.0,3.0,40.0,2.0,3333.3333333333335,4.0
Built-up  Area,Electronic City Phase II,1150.0,3.0,3.0,46.0,3.0,4000.0,6.0
Super built-up  Area,Indira Nagar,3200.0,4.0,2.0,440.0,4.0,13750.0,8.0
Super built-up  Area,Sonnenahalli,1610.0,3.0,2.0,80.48,3.0,4998.757763975155,6.0
Super built-up  Area,Whitefield,1190.0,2.0,2.0,41.0,2.0,3445.378151260504,4.0
Super built-up  Area,Other,1050.0,2.0,2.0,50.0,2.0,4761.9047619047615,4.0
Plot  Area,Other,4800.0,5.0,2.0,420.0,4.0,8750.0,9.0
Super built-up  Area,7th Phase JP Nagar,1460.0,2.0,1.0,97.0,3.0,6643.835616438356,5.0
Super built-up  Area,Other,3400.0,3.0,3.0,400.0,3.0,11764.70588235294,6.0
Plot  Area,Other,600.0,1.0,0.0,33.0,1.0,5500.0,2.0
Built-up  Area,Other,1569.0,3.0,0.0,70.0,3.0,4461.440407903123,6.0
Built-up  Area,Other,2600.0,3.0,2.0,147.0,3.0,5653.846153846154,6.0
Super built-up  Area,Electronics City Phase 1,645.0,1.0,0.0,42.5,1.0,6589.147286821705,2.0
Plot  Area,Other,1200.0,3.0,1.0,180.0,4.0,15000.0,7.0
Built-up  Area,Mico Layout,800.0,2.0,1.0,80.0,2.0,10000.0,4.0
Super built-up  Area,Marathahalli,1350.0,2.0,1.0,90.0,2.0,6666.666666666667,4.0
Super built-up  Area,BTM 2nd Stage,2780.0,4.0,1.0,325.0,3.0,11690.647482014389,7.0
Super built-up  Area,Other,1410.0,2.0,2.0,45.12,3.0,3200.0,5.0
Super built-up  Area,Whitefield,1109.0,2.0,1.0,35.47,2.0,3198.376916140667,4.0
Super built-up  Area,Other,2000.0,3.0,2.0,1063.0,4.0,53150.0,7.0
Built-up  Area,Other,800.0,1.0,0.0,72.0,1.0,9000.0,2.0
Super built-up  Area,Bannerghatta Road,1215.0,2.0,1.0,68.0,2.0,5596.707818930041,4.0
Built-up  Area,Prithvi Layout,2273.0,4.0,2.0,192.0,3.0,8446.986361636604,7.0
Super built-up  Area,Varthur Road,1255.0,2.0,2.0,52.76,2.0,4203.98406374502,4.0
Super built-up  Area,Other,1020.0,2.0,1.0,49.0,2.0,4803.921568627451,4.0
Super built-up  Area,Other,1225.0,2.0,2.0,82.0,3.0,6693.877551020408,5.0
Super built-up  Area,Singasandra,1120.0,2.0,1.0,60.0,2.0,5357.142857142857,4.0
Plot  Area,Other,2400.0,5.0,3.0,625.0,5.0,26041.666666666668,10.0
Super built-up  Area,Kasavanhalli,1225.0,2.0,1.0,69.0,3.0,5632.65306122449,5.0
Plot  Area,Whitefield,5200.0,5.0,3.0,242.0,4.0,4653.846153846154,9.0
Built-up  Area,Indira Nagar,4000.0,4.0,1.0,700.0,4.0,17500.0,8.0
Super built-up  Area,Sarjapur  Road,1984.0,4.0,1.0,145.0,3.0,7308.467741935484,7.0
Super built-up  Area,Old Madras Road,2425.0,3.0,1.0,197.0,3.0,8123.711340206186,6.0
Plot  Area,ITPL,1200.0,3.0,1.0,56.12,3.0,4676.666666666667,6.0
Super built-up  Area,Bommasandra,1127.0,2.0,1.0,45.0,2.0,3992.9015084294588,4.0
Built-up  Area,Whitefield,1655.0,3.0,2.0,97.0,3.0,5861.027190332326,6.0
Super built-up  Area,Ananth Nagar,500.0,1.0,1.0,14.0,1.0,2800.0,2.0
Plot  Area,Varthur,1200.0,3.0,1.0,68.38,3.0,5698.333333333333,6.0
Super built-up  Area,Kaggadasapura,1000.0,2.0,2.0,43.0,2.0,4300.0,4.0
Super built-up  Area,CV Raman Nagar,1225.0,2.0,2.0,47.88,2.0,3908.5714285714284,4.0
Super built-up  Area,Hormavu,1350.0,2.0,2.0,45.0,2.0,3333.3333333333335,4.0
Super built-up  Area,Sahakara Nagar,1175.0,2.0,3.0,49.0,2.0,4170.212765957447,4.0
Super built-up  Area,Other,655.0,1.0,2.0,27.0,1.0,4122.137404580153,2.0
Super built-up  Area,Hosa Road,1311.0,2.0,1.0,84.86,3.0,6472.921434019832,5.0
Carpet  Area,CV Raman Nagar,1000.0,2.0,1.0,38.5,2.0,3850.0,4.0
Super built-up  Area,Other,1196.0,2.0,1.0,96.0,2.0,8026.755852842809,4.0
Built-up  Area,Kanakpura Road,1050.0,2.0,1.0,59.0,3.0,5619.047619047619,5.0
Super built-up  Area,Somasundara Palya,1275.0,2.0,2.0,52.0,3.0,4078.4313725490197,5.0
Carpet  Area,Other,927.0,2.0,1.0,50.0,2.0,5393.743257820927,4.0
Super built-up  Area,Varthur,1520.0,2.0,3.0,61.0,3.0,4013.157894736842,5.0
Plot  Area,Other,2400.0,5.0,2.0,395.0,4.0,16458.333333333332,9.0
Built-up  Area,Hebbal,1333.0,2.0,1.0,104.0,2.0,7801.950487621905,4.0
Super built-up  Area,Other,600.0,1.0,0.0,18.0,1.0,3000.0,2.0
Super built-up  Area,Abbigere,1326.0,2.0,1.0,34.8,3.0,2624.434389140271,5.0
Built-up  Area,Koramangala,1370.0,2.0,2.0,125.0,2.0,9124.087591240876,4.0
Super built-up  Area,Koramangala,1100.0,2.0,2.0,85.0,2.0,7727.272727272727,4.0
Super built-up  Area,Haralur Road,1650.0,3.0,3.0,100.0,3.0,6060.606060606061,6.0
Super built-up  Area,Kasavanhalli,1917.0,3.0,2.0,132.0,3.0,6885.758998435055,6.0
Super built-up  Area,Billekahalli,950.0,2.0,1.0,58.11,2.0,6116.8421052631575,4.0
Super built-up  Area,Other,1175.0,2.0,1.0,48.72,2.0,4146.382978723404,4.0
Super built-up  Area,8th Phase JP Nagar,1089.0,2.0,1.0,43.55,2.0,3999.0817263544536,4.0
Super built-up  Area,Kalena Agrahara,1804.0,3.0,2.0,175.0,3.0,9700.665188470066,6.0
Super built-up  Area,Hoodi,1257.0,2.0,1.0,68.5,2.0,5449.482895783612,4.0
Super built-up  Area,Sarjapur,650.0,1.0,2.0,19.87,1.0,3056.923076923077,2.0
Super built-up  Area,Whitefield,1850.0,3.0,2.0,150.0,3.0,8108.108108108108,6.0
Built-up  Area,Other,2800.0,4.0,1.0,200.0,4.0,7142.857142857143,8.0
Built-up  Area,Vidyaranyapura,945.0,2.0,2.0,40.0,2.0,4232.804232804233,4.0
Super built-up  Area,Koramangala,1161.0,2.0,1.0,63.85,2.0,5499.569336778639,4.0
Super built-up  Area,Banashankari Stage V,1630.0,3.0,2.0,51.35,3.0,3150.306748466258,6.0
Super built-up  Area,Jalahalli,1310.0,2.0,2.0,60.0,3.0,4580.152671755725,5.0
Super built-up  Area,Other,750.0,2.0,1.0,28.0,2.0,3733.3333333333335,4.0
Plot  Area,Whitefield,1200.0,3.0,1.0,67.77,3.0,5647.5,6.0
Super built-up  Area,Other,1000.0,2.0,1.0,45.0,2.0,4500.0,4.0
Plot  Area,Old Madras Road,4000.0,4.0,2.0,225.0,4.0,5625.0,8.0
Built-up  Area,Nagavara,1315.0,2.0,2.0,70.0,2.0,5323.19391634981,4.0
Super built-up  Area,Sahakara Nagar,1370.0,2.0,2.0,90.0,3.0,6569.343065693431,5.0
Built-up  Area,Bellandur,1465.0,3.0,3.0,90.0,2.0,6143.344709897611,5.0
Plot  Area,JP Nagar,20000.0,3.0,2.0,175.0,3.0,875.0,6.0
Super built-up  Area,Electronic City,1128.0,2.0,1.0,64.0,2.0,5673.758865248227,4.0
Super built-up  Area,Padmanabhanagar,1250.0,2.0,2.0,70.0,3.0,5600.0,5.0
Super built-up  Area,Horamavu Agara,1284.0,2.0,2.0,75.0,3.0,5841.121495327103,5.0
Super built-up  Area,Hebbal,2600.0,3.0,2.0,199.0,3.0,7653.846153846154,6.0
Super built-up  Area,Kodigehalli,1820.0,3.0,2.0,150.0,3.0,8241.758241758242,6.0
Super built-up  Area,Haralur Road,1580.0,3.0,1.0,73.0,3.0,4620.2531645569625,6.0
Built-up  Area,Akshaya Nagar,2650.0,3.0,2.0,125.0,3.0,4716.981132075472,6.0
Super built-up  Area,Uttarahalli,1075.0,2.0,1.0,40.0,2.0,3720.9302325581393,4.0
Super built-up  Area,R.T. Nagar,1400.0,2.0,3.0,78.0,3.0,5571.428571428572,5.0
Super built-up  Area,Subramanyapura,1400.0,2.0,1.0,55.0,3.0,3928.5714285714284,5.0
Built-up  Area,Bisuvanahalli,845.0,2.0,1.0,30.0,2.0,3550.2958579881656,4.0
Super built-up  Area,Hegde Nagar,2600.0,4.0,3.0,40.0,4.0,1538.4615384615386,8.0
Built-up  Area,Sarjapur,3854.5,6.0,0.0,385.5,4.0,10001.297185108315,10.0
Super built-up  Area,Other,800.0,2.0,1.0,85.0,2.0,10625.0,4.0
Super built-up  Area,Gunjur,1175.0,2.0,2.0,43.48,2.0,3700.425531914894,4.0
Plot  Area,Sahakara Nagar,2400.0,3.0,2.0,270.0,3.0,11250.0,6.0
Super built-up  Area,Bellandur,1767.0,3.0,2.0,109.0,3.0,6168.647425014148,6.0
Super built-up  Area,Sarjapur  Road,1800.0,3.0,1.0,90.0,4.0,5000.0,7.0
Plot  Area,R.T. Nagar,1200.0,3.0,2.0,140.0,3.0,11666.666666666666,6.0
Super built-up  Area,Rajaji Nagar,1613.0,3.0,0.0,150.0,3.0,9299.442033477992,6.0
Super built-up  Area,Jakkur,6830.0,5.0,2.0,795.0,4.0,11639.824304538799,9.0
Built-up  Area,Whitefield,1290.0,2.0,0.0,90.0,2.0,6976.7441860465115,4.0
Super built-up  Area,Kasavanhalli,1375.0,2.0,1.0,78.0,2.0,5672.727272727273,4.0
Super built-up  Area,Other,985.0,2.0,2.0,57.0,2.0,5786.802030456853,4.0
Plot  Area,Other,1200.0,4.0,1.0,200.0,4.0,16666.666666666668,8.0
Super built-up  Area,Singasandra,1099.0,2.0,1.0,37.5,2.0,3412.1929026387625,4.0
Super built-up  Area,Electronic City,605.0,1.0,0.0,13.31,1.0,2200.0,2.0
Super built-up  Area,Other,6000.0,12.0,2.0,150.0,11.0,2500.0,23.0
Built-up  Area,Other,3600.0,7.0,3.0,160.0,7.0,4444.444444444444,14.0
Super built-up  Area,Marathahalli,1200.0,2.0,1.0,53.0,2.0,4416.666666666667,4.0
Built-up  Area,Hulimavu,1000.0,2.0,1.0,45.0,2.0,4500.0,4.0
Super built-up  Area,Electronic City,1159.0,2.0,3.0,38.0,3.0,3278.688524590164,5.0
Super built-up  Area,Sarjapur  Road,3692.0,5.0,2.0,340.0,5.0,9209.100758396533,10.0
Plot  Area,Other,600.0,2.0,1.0,80.0,2.0,13333.333333333334,4.0
Plot  Area,Other,2400.0,4.0,3.0,600.0,4.0,25000.0,8.0
Built-up  Area,BTM Layout,1540.0,2.0,2.0,78.0,3.0,5064.935064935065,5.0
Built-up  Area,Other,1503.0,2.0,2.0,93.0,3.0,6187.624750499002,5.0
Super built-up  Area,Ambedkar Nagar,1850.0,4.0,2.0,120.0,3.0,6486.486486486487,7.0
Built-up  Area,Uttarahalli,1580.0,3.0,1.0,60.0,3.0,3797.46835443038,6.0
Super built-up  Area,Mico Layout,1190.0,2.0,2.0,39.25,2.0,3298.3193277310925,4.0
Plot  Area,Other,1200.0,2.0,1.0,61.0,2.0,5083.333333333333,4.0
Super built-up  Area,Jakkur,850.0,1.0,1.0,19.9,2.0,2341.176470588235,3.0
Super built-up  Area,Domlur,2180.0,3.0,2.0,285.0,3.0,13073.394495412844,6.0
Super built-up  Area,Other,2500.0,2.0,1.0,60.0,3.0,2400.0,5.0
Plot  Area,ITPL,1200.0,3.0,1.0,56.12,3.0,4676.666666666667,6.0
Super built-up  Area,Other,1500.0,2.0,2.0,52.0,3.0,3466.6666666666665,5.0
Super built-up  Area,Thanisandra,1880.0,3.0,3.0,120.0,3.0,6382.978723404255,6.0
Super built-up  Area,Padmanabhanagar,1150.0,2.0,2.0,45.0,2.0,3913.0434782608695,4.0
Plot  Area,Kasavanhalli,4408.0,4.0,2.0,344.0,4.0,7803.992740471869,8.0
Super built-up  Area,Sarjapur  Road,7800.0,6.0,2.0,385.0,5.0,4935.897435897436,11.0
Built-up  Area,Karuna Nagar,1962.0,3.0,2.0,175.0,3.0,8919.469928644241,6.0
Super built-up  Area,Other,1765.0,3.0,2.0,77.27,3.0,4377.903682719547,6.0
Super built-up  Area,Attibele,1174.0,2.0,1.0,29.35,2.0,2500.0,4.0
Super built-up  Area,Bannerghatta Road,1894.0,3.0,1.0,115.0,3.0,6071.805702217529,6.0
Super built-up  Area,Sector 7 HSR Layout,1760.0,3.0,2.0,142.0,3.0,8068.181818181818,6.0
Built-up  Area,Other,1768.0,3.0,3.0,95.0,3.0,5373.303167420814,6.0
Built-up  Area,Kothanur,1790.0,3.0,0.0,97.0,3.0,5418.994413407821,6.0
Plot  Area,Other,3500.0,5.0,1.0,800.0,4.0,22857.14285714286,9.0
Plot  Area,Whitefield,1200.0,2.0,1.0,45.0,2.0,3750.0,4.0
Built-up  Area,Kengeri,2540.0,4.0,0.0,160.0,4.0,6299.212598425197,8.0
Super built-up  Area,Mahadevpura,1137.0,2.0,1.0,53.4,2.0,4696.5699208443275,4.0
Super built-up  Area,Mysore Road,1568.0,2.0,2.0,100.0,3.0,6377.551020408163,5.0
Built-up  Area,Devanahalli,4920.0,4.0,0.0,393.5,4.0,7997.967479674797,8.0
Super built-up  Area,AECS Layout,1308.0,2.0,1.0,60.0,2.0,4587.155963302752,4.0
Super built-up  Area,Other,3060.0,4.0,2.0,350.0,4.0,11437.908496732027,8.0
Super built-up  Area,Bisuvanahalli,1200.0,2.0,1.0,41.0,3.0,3416.6666666666665,5.0
Super built-up  Area,Other,800.0,1.0,2.0,32.0,1.0,4000.0,2.0
Super built-up  Area,Electronic City,530.0,1.0,1.0,13.5,1.0,2547.169811320755,2.0
Plot  Area,Other,3000.0,6.0,3.0,145.0,7.0,4833.333333333333,13.0
Plot  Area,Other,1200.0,4.0,1.0,235.0,4.0,19583.333333333332,8.0
Super built-up  Area,Subramanyapura,958.0,2.0,1.0,33.53,2.0,3500.0,4.0
Super built-up  Area,Talaghattapura,2273.0,3.0,3.0,159.0,3.0,6995.160580730312,6.0
Super built-up  Area,Thanisandra,760.0,1.0,2.0,50.0,1.0,6578.9473684210525,2.0
Super built-up  Area,Dommasandra,1090.0,2.0,2.0,43.5,2.0,3990.8256880733943,4.0
Super built-up  Area,Bellandur,2666.0,3.0,1.0,230.0,3.0,8627.156789197299,6.0
Super built-up  Area,Sarjapur  Road,1550.0,2.0,1.0,89.0,3.0,5741.935483870968,5.0
Super built-up  Area,Ramagondanahalli,1251.0,2.0,1.0,50.0,2.0,3996.802557953637,4.0
Super built-up  Area,Electronic City,1070.0,2.0,1.0,53.0,2.0,4953.271028037383,4.0
Super built-up  Area,Kalena Agrahara,1200.0,2.0,2.0,45.0,2.0,3750.0,4.0
Built-up  Area,CV Raman Nagar,1435.0,2.0,2.0,60.0,3.0,4181.184668989547,5.0
Built-up  Area,Bommasandra,1400.0,2.0,3.0,45.0,3.0,3214.285714285714,5.0
Super built-up  Area,Judicial Layout,2330.0,3.0,2.0,94.71,4.0,4064.8068669527897,7.0
Super built-up  Area,Thanisandra,1200.0,2.0,3.0,60.0,2.0,5000.0,4.0
Super built-up  Area,Panathur,1000.0,2.0,2.0,40.0,2.0,4000.0,4.0
Super built-up  Area,Bannerghatta Road,1655.0,2.0,2.0,62.89,3.0,3800.0,5.0
Built-up  Area,Raja Rajeshwari Nagar,3600.0,9.0,3.0,240.0,9.0,6666.666666666667,18.0
Plot  Area,Other,600.0,1.0,1.0,35.0,1.0,5833.333333333333,2.0
Super built-up  Area,Electronics City Phase 1,1175.0,2.0,1.0,50.0,2.0,4255.31914893617,4.0
Super built-up  Area,Uttarahalli,1155.0,2.0,2.0,40.43,2.0,3500.4329004329006,4.0
Plot  Area,Magadi Road,1200.0,3.0,2.0,98.0,3.0,8166.666666666667,6.0
Super built-up  Area,Budigere,1149.0,2.0,2.0,65.0,2.0,5657.093124456049,4.0
Plot  Area,Choodasandra,3200.0,4.0,2.0,375.0,4.0,11718.75,8.0
Super built-up  Area,Other,1010.0,2.0,2.0,55.0,2.0,5445.544554455446,4.0
Super built-up  Area,Hegde Nagar,1718.0,3.0,2.0,119.0,3.0,6926.6589057043075,6.0
Super built-up  Area,Other,650.0,1.0,1.0,20.0,2.0,3076.923076923077,3.0
Super built-up  Area,Banashankari,1330.0,2.0,2.0,77.0,2.0,5789.473684210527,4.0
Super built-up  Area,Hormavu,1200.0,2.0,2.0,68.0,2.0,5666.666666666667,4.0
Super built-up  Area,Bannerghatta Road,1693.0,3.0,2.0,89.0,3.0,5256.940342587123,6.0
Super built-up  Area,Koramangala,1249.0,2.0,1.0,165.0,2.0,13210.56845476381,4.0
Built-up  Area,Thanisandra,1800.0,4.0,1.0,125.0,3.0,6944.444444444444,7.0
Plot  Area,Margondanahalli,900.0,2.0,0.0,55.0,2.0,6111.111111111111,4.0
Super built-up  Area,NGR Layout,1020.0,2.0,1.0,46.0,2.0,4509.803921568628,4.0
Super built-up  Area,Amruthahalli,1700.0,3.0,2.0,77.0,3.0,4529.411764705882,6.0
Built-up  Area,Panathur,661.0,1.0,1.0,40.0,1.0,6051.437216338881,2.0
Super built-up  Area,Bannerghatta Road,1280.0,2.0,2.0,60.16,2.0,4700.0,4.0
Super built-up  Area,Hosur Road,1170.0,2.0,1.0,48.0,2.0,4102.5641025641025,4.0
Super built-up  Area,Thanisandra,933.0,2.0,1.0,58.0,1.0,6216.505894962486,3.0
Built-up  Area,Sarjapur  Road,1150.0,2.0,0.0,44.0,2.0,3826.086956521739,4.0
Super built-up  Area,Benson Town,3633.0,6.0,2.0,550.0,4.0,15139.003578309937,10.0
Super built-up  Area,Rajaji Nagar,1380.0,3.0,3.0,130.0,3.0,9420.289855072464,6.0
Built-up  Area,Banjara Layout,1050.0,2.0,1.0,64.8,2.0,6171.428571428572,4.0
Super built-up  Area,Other,1080.0,2.0,1.0,37.8,2.0,3499.9999999999995,4.0
Super built-up  Area,Harlur,1303.0,2.0,1.0,90.0,2.0,6907.137375287797,4.0
Super built-up  Area,Raja Rajeshwari Nagar,1196.0,2.0,2.0,40.54,2.0,3389.632107023411,4.0
Built-up  Area,Nagarbhavi,2500.0,3.0,2.0,180.0,5.0,7200.0,8.0
Super built-up  Area,Bommanahalli,1250.0,3.0,2.0,41.0,3.0,3280.0,6.0
Super built-up  Area,Akshaya Nagar,1419.0,2.0,3.0,87.0,3.0,6131.0782241014795,5.0
Super built-up  Area,Banashankari,1200.0,2.0,3.0,49.0,2.0,4083.3333333333335,4.0
Built-up  Area,7th Phase JP Nagar,1120.0,2.0,2.0,65.0,2.0,5803.571428571428,4.0
Super built-up  Area,Electronics City Phase 1,762.5,1.0,0.0,45.4,1.0,5954.098360655737,2.0
Super built-up  Area,Electronics City Phase 1,1245.0,2.0,1.0,75.0,2.0,6024.096385542169,4.0
Built-up  Area,Other,3978.0,4.0,3.0,428.0,4.0,10759.175465057819,8.0
Super built-up  Area,Channasandra,1093.0,2.0,1.0,34.0,2.0,3110.704483074108,4.0
Super built-up  Area,Electronic City,1025.0,1.0,1.0,26.63,2.0,2598.048780487805,3.0
Super built-up  Area,Hebbal,1345.0,2.0,1.0,97.0,2.0,7211.8959107806695,4.0
Plot  Area,Other,1500.0,2.0,1.0,45.0,2.0,3000.0,4.0
Super built-up  Area,Vijayanagar,1180.0,2.0,1.0,86.0,2.0,7288.135593220339,4.0
Super built-up  Area,NGR Layout,1020.0,2.0,1.0,48.45,2.0,4750.0,4.0
Super built-up  Area,Other,1800.0,3.0,3.0,85.0,3.0,4722.222222222223,6.0
Super built-up  Area,Konanakunte,3621.0,4.0,1.0,511.0,4.0,14112.123722728527,8.0
Super built-up  Area,Other,2008.0,3.0,2.0,170.0,3.0,8466.135458167331,6.0
Super built-up  Area,Kothannur,1240.0,2.0,2.0,39.85,3.0,3213.7096774193546,5.0
Super built-up  Area,CV Raman Nagar,1020.0,2.0,1.0,55.0,2.0,5392.156862745098,4.0
Super built-up  Area,Other,2095.0,3.0,2.0,142.0,3.0,6778.042959427207,6.0
Super built-up  Area,Gunjur,1362.0,3.0,2.0,62.63,3.0,4598.384728340676,6.0
Super built-up  Area,Yelahanka,694.0,1.0,0.0,30.84,1.0,4443.804034582133,2.0
Super built-up  Area,Vittasandra,1404.0,2.0,2.0,70.0,2.0,4985.754985754986,4.0
Super built-up  Area,Electronic City Phase II,1192.0,2.0,3.0,47.0,3.0,3942.953020134228,5.0
Super built-up  Area,Vittasandra,1259.0,2.0,1.0,67.48,2.0,5359.809372517871,4.0
Super built-up  Area,Kengeri,1000.0,2.0,2.0,34.0,2.0,3400.0,4.0
Super built-up  Area,Rachenahalli,985.0,2.0,1.0,49.97,2.0,5073.096446700508,4.0
Built-up  Area,Indira Nagar,850.0,1.0,2.0,60.0,1.0,7058.823529411765,2.0
Built-up  Area,Uttarahalli,1650.0,2.0,1.0,50.0,3.0,3030.3030303030305,5.0
Plot  Area,Rajaji Nagar,2400.0,3.0,1.0,320.0,5.0,13333.333333333334,8.0
Super built-up  Area,Sarjapur  Road,1900.0,4.0,1.0,180.0,3.0,9473.684210526315,7.0
Super built-up  Area,Ambedkar Nagar,1367.0,2.0,2.0,86.0,2.0,6291.148500365764,4.0
Super built-up  Area,Rajaji Nagar,1210.0,2.0,2.0,81.0,3.0,6694.214876033057,5.0
Super built-up  Area,Other,1190.0,2.0,1.0,48.6,2.0,4084.0336134453783,4.0
Super built-up  Area,Sarjapur,1175.0,2.0,2.0,42.0,2.0,3574.468085106383,4.0
Super built-up  Area,R.T. Nagar,2800.0,4.0,2.0,400.0,4.0,14285.714285714286,8.0
Super built-up  Area,Whitefield,1140.0,2.0,2.0,40.0,2.0,3508.7719298245615,4.0
Super built-up  Area,Hoskote,1095.0,2.0,2.0,33.6,2.0,3068.4931506849316,4.0
Super built-up  Area,Attibele,782.0,1.0,0.0,19.55,1.0,2500.0,2.0
Super built-up  Area,Gubbalala,1435.0,2.0,2.0,80.0,3.0,5574.912891986062,5.0
Super built-up  Area,Choodasandra,725.0,2.0,2.0,36.0,2.0,4965.517241379311,4.0
Built-up  Area,Other,1600.0,2.0,2.0,88.0,3.0,5500.0,5.0
Super built-up  Area,Hosakerehalli,3205.0,4.0,2.0,300.0,4.0,9360.374414976599,8.0
Super built-up  Area,Nehru Nagar,1674.0,3.0,2.0,90.0,3.0,5376.344086021505,6.0
Super built-up  Area,Kanakpura Road,1703.0,3.0,2.0,130.0,3.0,7633.587786259542,6.0
Super built-up  Area,Padmanabhanagar,1350.0,3.0,1.0,71.55,3.0,5300.0,6.0
Super built-up  Area,Horamavu Agara,1145.0,2.0,1.0,41.21,2.0,3599.126637554585,4.0
Super built-up  Area,Whitefield,1216.0,2.0,1.0,75.0,2.0,6167.763157894737,4.0
Super built-up  Area,7th Phase JP Nagar,1100.0,3.0,1.0,60.0,2.0,5454.545454545455,5.0
Super built-up  Area,Sarjapur  Road,2425.0,5.0,1.0,201.0,4.0,8288.659793814433,9.0
Plot  Area,Kothanur,2700.0,4.0,2.0,175.0,4.0,6481.481481481482,8.0
Carpet  Area,Kanakpura Road,1600.0,3.0,3.0,90.0,3.0,5625.0,6.0
Super built-up  Area,Banashankari Stage V,1510.0,3.0,3.0,47.57,3.0,3150.3311258278145,6.0
Super built-up  Area,Hosakerehalli,3033.0,4.0,1.0,326.0,4.0,10748.433893834488,8.0
Plot  Area,Pai Layout,780.0,2.0,1.0,72.0,2.0,9230.76923076923,4.0
Built-up  Area,Banashankari Stage II,1250.0,2.0,2.0,110.0,2.0,8800.0,4.0
Plot  Area,Horamavu Agara,1250.0,4.0,1.0,100.0,4.0,8000.0,8.0
Plot  Area,Other,1350.0,4.0,2.0,160.0,4.0,11851.851851851852,8.0
Built-up  Area,Laggere,620.0,2.0,0.0,48.0,1.0,7741.935483870968,3.0
Super built-up  Area,Raja Rajeshwari Nagar,1630.0,3.0,2.0,60.65,3.0,3720.8588957055213,6.0
Built-up  Area,Hennur Road,1020.0,2.0,0.0,45.0,2.0,4411.764705882353,4.0
Super built-up  Area,Hosakerehalli,1410.0,2.0,2.0,53.58,3.0,3800.0,5.0
Carpet  Area,Bhoganhalli,1181.7,2.0,1.0,100.0,2.0,8462.384700008462,4.0
Built-up  Area,KR Puram,1200.0,4.0,0.0,83.0,4.0,6916.666666666667,8.0
Super built-up  Area,Banaswadi,1200.0,2.0,3.0,60.0,2.0,5000.0,4.0
Super built-up  Area,Old Airport Road,1050.0,2.0,2.0,50.0,2.0,4761.9047619047615,4.0
Super built-up  Area,Whitefield,1356.0,2.0,1.0,94.84,2.0,6994.100294985251,4.0
Super built-up  Area,Whitefield,1338.0,2.0,1.0,103.0,2.0,7698.056801195815,4.0
Super built-up  Area,Other,500.0,1.0,1.0,20.0,1.0,4000.0,2.0
Super built-up  Area,Other,1280.0,2.0,1.0,100.0,3.0,7812.5,5.0
Super built-up  Area,Raja Rajeshwari Nagar,1531.0,3.0,3.0,51.77,3.0,3381.4500326583934,6.0
Super built-up  Area,Other,11000.0,4.0,1.0,1600.0,4.0,14545.454545454546,8.0
Built-up  Area,Anekal,620.0,1.0,1.0,23.5,2.0,3790.3225806451615,3.0
Super built-up  Area,8th Phase JP Nagar,1605.0,2.0,2.0,65.0,3.0,4049.8442367601247,5.0
Super built-up  Area,Thanisandra,1917.0,3.0,2.0,110.0,3.0,5738.132498695879,6.0
Plot  Area,Nagarbhavi,1200.0,3.0,1.0,340.0,4.0,28333.333333333332,7.0
Super built-up  Area,Other,2750.0,3.0,2.0,943.0,3.0,34290.90909090909,6.0
Built-up  Area,Sarjapur  Road,1400.0,3.0,2.0,55.0,3.0,3928.5714285714284,6.0
Built-up  Area,Thubarahalli,2625.0,3.0,3.0,175.0,3.0,6666.666666666667,6.0
Super built-up  Area,Hennur Road,2041.0,3.0,3.0,128.0,3.0,6271.435570798628,6.0
Super built-up  Area,Sarjapur  Road,2070.0,4.0,2.0,160.0,3.0,7729.468599033817,7.0
Super built-up  Area,Hebbal,1110.0,3.0,3.0,59.0,3.0,5315.315315315315,6.0
Built-up  Area,Other,1650.0,3.0,1.0,110.0,3.0,6666.666666666667,6.0
Plot  Area,Ambedkar Nagar,3565.0,4.0,3.0,255.0,4.0,7152.875175315568,8.0
Super built-up  Area,Varthur Road,1033.0,2.0,2.0,30.47,3.0,2949.6611810261375,5.0
Super built-up  Area,HSR Layout,1142.0,2.0,2.0,65.0,2.0,5691.768826619965,4.0
Super built-up  Area,Other,1500.0,2.0,2.0,75.0,3.0,5000.0,5.0
Super built-up  Area,Electronic City Phase II,1502.0,3.0,3.0,50.0,3.0,3328.894806924101,6.0
Super built-up  Area,Other,1176.0,2.0,1.0,45.0,3.0,3826.530612244898,5.0
Super built-up  Area,Hosa Road,1063.0,2.0,1.0,32.8,2.0,3085.6067732831602,4.0
Built-up  Area,Kammanahalli,1100.0,2.0,1.0,60.0,2.0,5454.545454545455,4.0
Plot  Area,Other,1044.0,2.0,2.0,85.0,2.0,8141.762452107279,4.0
Plot  Area,Sarjapur  Road,5400.0,3.0,2.0,700.0,3.0,12962.962962962964,6.0
Built-up  Area,6th Phase JP Nagar,1216.0,2.0,2.0,60.0,2.0,4934.210526315789,4.0
Super built-up  Area,Other,1425.0,3.0,2.0,55.0,3.0,3859.6491228070176,6.0
Super built-up  Area,Hosur Road,1345.0,2.0,2.0,108.0,2.0,8029.739776951673,4.0
Super built-up  Area,Marathahalli,1248.0,2.0,1.0,130.0,2.0,10416.666666666666,4.0
Plot  Area,Other,1830.0,4.0,2.0,325.0,4.0,17759.562841530056,8.0
Built-up  Area,Other,900.0,1.0,0.0,130.0,2.0,14444.444444444445,3.0
Built-up  Area,Bellandur,3600.0,4.0,2.0,245.0,4.0,6805.555555555556,8.0
Super built-up  Area,Uttarahalli,1025.0,2.0,1.0,35.88,2.0,3500.4878048780492,4.0
Plot  Area,Other,840.0,1.0,1.0,99.0,2.0,11785.714285714286,3.0
Super built-up  Area,Lakshminarayana Pura,3050.0,2.0,2.0,90.0,3.0,2950.8196721311474,5.0
Super built-up  Area,Kadubeesanahalli,1424.0,2.0,2.0,75.0,3.0,5266.853932584269,5.0
Built-up  Area,EPIP Zone,2500.0,3.0,1.0,268.0,3.0,10720.0,6.0
Super built-up  Area,Other,1285.0,2.0,2.0,45.0,2.0,3501.9455252918287,4.0
Super built-up  Area,Babusapalaya,1450.0,2.0,1.0,55.99,2.0,3861.3793103448274,4.0
Super built-up  Area,Raja Rajeshwari Nagar,1160.0,2.0,1.0,70.0,2.0,6034.482758620689,4.0
Plot  Area,Yelahanka New Town,2700.0,3.0,0.0,350.0,3.0,12962.962962962964,6.0
Plot  Area,Other,2000.0,2.0,2.0,95.0,3.0,4750.0,5.0
Super built-up  Area,Uttarahalli,1125.0,2.0,1.0,47.65,2.0,4235.555555555556,4.0
Built-up  Area,Old Madras Road,3900.0,4.0,2.0,175.0,4.0,4487.179487179487,8.0
Built-up  Area,Raja Rajeshwari Nagar,1133.0,2.0,1.0,38.37,2.0,3386.5842894969105,4.0
Super built-up  Area,Arekere,1240.0,2.0,2.0,60.0,2.0,4838.709677419355,4.0
Super built-up  Area,Devanahalli,1466.0,3.0,3.0,77.59,3.0,5292.633015006822,6.0
Super built-up  Area,Other,3870.0,4.0,2.0,411.0,4.0,10620.15503875969,8.0
Built-up  Area,Kaggadasapura,1225.0,2.0,2.0,48.0,2.0,3918.3673469387754,4.0
Super built-up  Area,Akshaya Nagar,1300.0,2.0,1.0,54.0,2.0,4153.846153846154,4.0
Super built-up  Area,Thanisandra,1996.0,4.0,1.0,123.0,3.0,6162.324649298597,7.0
Super built-up  Area,Other,1320.0,2.0,2.0,55.0,3.0,4166.666666666667,5.0
Super built-up  Area,Rajaji Nagar,1800.0,3.0,2.0,240.0,3.0,13333.333333333334,6.0
Super built-up  Area,Other,1835.0,3.0,3.0,175.0,3.0,9536.784741144415,6.0
Super built-up  Area,Sarjapur  Road,1435.0,3.0,2.0,90.0,3.0,6271.777003484321,6.0
Super built-up  Area,Whitefield,4097.0,3.0,2.0,400.0,3.0,9763.24139614352,6.0
Super built-up  Area,Rayasandra,1601.0,3.0,3.0,70.0,3.0,4372.2673329169265,6.0
Super built-up  Area,Kadubeesanahalli,1257.0,2.0,2.0,93.0,2.0,7398.568019093079,4.0
Super built-up  Area,Iblur Village,3596.0,5.0,1.0,260.0,4.0,7230.255839822024,9.0
Super built-up  Area,Kasavanhalli,1309.0,2.0,2.0,95.0,2.0,7257.448433919022,4.0
Plot  Area,Yeshwanthpur,1362.0,2.0,0.0,100.0,2.0,7342.143906020558,4.0
Super built-up  Area,Whitefield,1115.0,2.0,1.0,55.0,2.0,4932.735426008969,4.0
Super built-up  Area,Other,1322.0,2.0,1.0,61.99,2.0,4689.10741301059,4.0
Super built-up  Area,Other,1450.0,2.0,1.0,65.0,3.0,4482.758620689655,5.0
Super built-up  Area,Banashankari,1185.0,2.0,2.0,67.0,2.0,5654.008438818565,4.0
Super built-up  Area,7th Phase JP Nagar,1790.0,3.0,3.0,120.0,3.0,6703.91061452514,6.0
Plot  Area,Whitefield,3450.0,4.0,2.0,208.0,3.0,6028.985507246377,7.0
Super built-up  Area,Budigere,693.0,1.0,0.0,27.375,1.0,3950.21645021645,2.0
Plot  Area,Sarjapur  Road,5400.0,4.0,2.0,750.0,4.0,13888.888888888889,8.0
Super built-up  Area,Devanahalli,775.0,1.0,0.0,39.0,1.0,5032.258064516129,2.0
Built-up  Area,Hoodi,1000.0,2.0,2.0,48.0,2.0,4800.0,4.0
Super built-up  Area,Thanisandra,1183.0,2.0,1.0,77.25,2.0,6530.0084530853765,4.0
Super built-up  Area,Other,425.0,1.0,1.0,15.0,1.0,3529.4117647058824,2.0
Built-up  Area,Other,820.0,2.0,2.0,30.0,2.0,3658.5365853658536,4.0
Super built-up  Area,Other,2230.0,4.0,2.0,792.0,4.0,35515.695067264576,8.0
Built-up  Area,Hebbal,1200.0,2.0,2.0,52.0,2.0,4333.333333333333,4.0
Super built-up  Area,Ramagondanahalli,1151.0,2.0,2.0,43.6,2.0,3788.010425716768,4.0
Super built-up  Area,Hulimavu,1320.0,2.0,2.0,59.0,3.0,4469.69696969697,5.0
Carpet  Area,Other,1450.0,3.0,2.0,68.0,3.0,4689.6551724137935,6.0
Super built-up  Area,Poorna Pragna Layout,1270.0,2.0,3.0,50.79,3.0,3999.212598425197,5.0
Super built-up  Area,Hegde Nagar,1847.0,3.0,2.0,123.0,3.0,6659.447753113156,6.0
Super built-up  Area,Devanahalli,1020.0,2.0,1.0,49.87,1.0,4889.21568627451,3.0
Super built-up  Area,Somasundara Palya,1650.0,3.0,2.0,95.0,3.0,5757.575757575758,6.0
Super built-up  Area,Other,2380.0,4.0,3.0,242.0,4.0,10168.067226890757,8.0
Built-up  Area,Electronic City,2400.0,2.0,2.0,78.0,3.0,3250.0,5.0
Super built-up  Area,Haralur Road,2805.0,4.0,3.0,154.0,4.0,5490.196078431372,8.0
Super built-up  Area,Mysore Road,1360.0,3.0,0.0,47.6,3.0,3500.0,6.0
Super built-up  Area,Brookefield,1089.0,2.0,1.0,49.0,2.0,4499.540863177227,4.0
Super built-up  Area,Yelahanka,1115.0,2.0,2.0,60.0,2.0,5381.165919282511,4.0
Super built-up  Area,Kudlu Gate,1215.0,2.0,1.0,45.0,2.0,3703.703703703704,4.0
Super built-up  Area,Sarjapur  Road,1194.0,2.0,1.0,51.0,2.0,4271.356783919598,4.0
Super built-up  Area,Kannamangala,1536.0,3.0,1.0,104.0,3.0,6770.833333333333,6.0
Super built-up  Area,Hennur,1255.0,2.0,2.0,55.5,2.0,4422.310756972111,4.0
Super built-up  Area,Electronic City,1571.0,3.0,2.0,83.0,3.0,5283.259070655633,6.0
Plot  Area,Other,900.0,1.0,0.0,70.0,2.0,7777.777777777777,3.0
Super built-up  Area,Other,1517.0,2.0,2.0,125.0,2.0,8239.947264337508,4.0
Super built-up  Area,Budigere,664.0,1.0,1.0,35.4,1.0,5331.325301204819,2.0
Super built-up  Area,Devarachikkanahalli,1230.0,2.0,1.0,58.0,2.0,4715.447154471544,4.0
Super built-up  Area,Hegde Nagar,1340.0,2.0,2.0,72.0,2.0,5373.134328358209,4.0
Super built-up  Area,Attibele,1175.0,2.0,1.0,29.38,2.0,2500.425531914894,4.0
Plot  Area,Benson Town,3569.0,4.0,1.0,600.0,4.0,16811.43177360605,8.0
Super built-up  Area,Sarjapur,1240.0,2.0,2.0,43.1,2.0,3475.8064516129034,4.0
Super built-up  Area,Electronic City,1470.0,2.0,1.0,44.1,3.0,3000.0,5.0
Super built-up  Area,7th Phase JP Nagar,1680.0,3.0,2.0,117.0,3.0,6964.285714285715,6.0
Super built-up  Area,Other,1000.0,2.0,2.0,35.0,2.0,3500.0,4.0
Super built-up  Area,Gunjur,1071.0,2.0,1.0,51.0,2.0,4761.9047619047615,4.0
Super built-up  Area,Sector 2 HSR Layout,1512.0,3.0,2.0,80.0,3.0,5291.005291005291,6.0
Built-up  Area,Frazer Town,3435.0,2.0,1.0,341.0,4.0,9927.21979621543,6.0
Super built-up  Area,Other,3144.0,3.0,1.0,455.0,3.0,14472.010178117049,6.0
Built-up  Area,Kalyan nagar,1190.0,2.0,1.0,60.0,2.0,5042.016806722689,4.0
Super built-up  Area,Kanakpura Road,1283.0,2.0,2.0,63.22,2.0,4927.5136399064695,4.0
Built-up  Area,Mallasandra,1325.0,2.0,2.0,73.0,2.0,5509.433962264151,4.0
Super built-up  Area,Whitefield,1105.0,2.0,1.0,35.36,2.0,3200.0,4.0
Super built-up  Area,Banaswadi,1600.0,3.0,2.0,74.5,3.0,4656.25,6.0
Super built-up  Area,Hennur,1100.0,2.0,1.0,44.55,2.0,4050.0,4.0
Super built-up  Area,Talaghattapura,2099.0,3.0,3.0,147.0,3.0,7003.334921391139,6.0
Super built-up  Area,Yelachenahalli,1365.0,2.0,1.0,72.0,3.0,5274.725274725275,5.0
Super built-up  Area,Hebbal Kempapura,1485.0,3.0,3.0,132.0,2.0,8888.888888888889,5.0
Super built-up  Area,Hosur Road,1250.0,2.0,1.0,55.0,2.0,4400.0,4.0
Super built-up  Area,Bellandur,1170.0,2.0,1.0,46.79,2.0,3999.1452991452993,4.0
Super built-up  Area,Kanakpura Road,1328.0,2.0,3.0,91.06,2.0,6856.9277108433735,4.0
Super built-up  Area,Hennur Road,1232.0,2.0,1.0,87.0,2.0,7061.688311688312,4.0
Super built-up  Area,1st Phase JP Nagar,1180.0,2.0,2.0,88.5,2.0,7500.0,4.0
Super built-up  Area,Electronic City,1350.0,3.0,2.0,66.0,3.0,4888.888888888889,6.0
Super built-up  Area,Other,3602.0,4.0,2.0,280.0,4.0,7773.459189339256,8.0
Super built-up  Area,Nagasandra,2400.0,4.0,1.0,145.0,4.0,6041.666666666667,8.0
Super built-up  Area,Electronic City Phase II,1020.0,2.0,2.0,32.0,2.0,3137.2549019607845,4.0
Super built-up  Area,Begur Road,1410.0,2.0,3.0,49.34,3.0,3499.290780141844,5.0
Built-up  Area,Other,2159.0,3.0,2.0,120.0,3.0,5558.12876331635,6.0
Super built-up  Area,TC Palaya,1200.0,2.0,0.0,66.0,3.0,5500.0,5.0
Super built-up  Area,Whitefield,1074.0,2.0,1.0,42.79,2.0,3984.171322160149,4.0
Plot  Area,Other,1200.0,3.0,2.0,72.0,3.0,6000.0,6.0
Super built-up  Area,Sarjapur,1170.0,2.0,2.0,35.41,3.0,3026.495726495726,5.0
Super built-up  Area,Tumkur Road,728.5,1.0,0.0,31.315,1.0,4298.558682223747,2.0
Super built-up  Area,Bommanahalli,1660.0,2.0,2.0,100.0,3.0,6024.096385542169,5.0
Built-up  Area,Other,1850.0,3.0,0.0,175.0,6.0,9459.45945945946,9.0
Built-up  Area,Other,510.0,1.0,0.0,34.0,1.0,6666.666666666667,2.0
Super built-up  Area,Mahadevpura,1601.0,3.0,2.0,95.0,3.0,5933.791380387258,6.0
Super built-up  Area,Begur Road,952.0,2.0,1.0,42.0,2.0,4411.764705882353,4.0
Super built-up  Area,Other,1166.0,2.0,3.0,65.0,2.0,5574.614065180103,4.0
Built-up  Area,Other,2700.0,2.0,1.0,260.0,3.0,9629.62962962963,5.0
Built-up  Area,Electronic City Phase II,1900.0,3.0,1.0,97.0,4.0,5105.263157894737,7.0
Plot  Area,Other,1350.0,2.0,0.0,175.0,3.0,12962.962962962964,5.0
Super built-up  Area,Haralur Road,1520.0,2.0,2.0,96.0,3.0,6315.789473684211,5.0
Plot  Area,Other,2100.0,6.0,3.0,100.0,4.0,4761.9047619047615,10.0
Super built-up  Area,Yelenahalli,1175.0,2.0,2.0,50.0,2.0,4255.31914893617,4.0
Super built-up  Area,Bharathi Nagar,1432.0,2.0,2.0,68.0,2.0,4748.6033519553075,4.0
Super built-up  Area,Bommasandra Industrial Area,1005.0,2.0,1.0,39.77,2.0,3957.213930348259,4.0
Super built-up  Area,Rajiv Nagar,1309.0,2.0,1.0,80.0,2.0,6111.535523300229,4.0
Super built-up  Area,Other,2251.0,4.0,2.0,370.0,3.0,16437.139049311416,7.0
Super built-up  Area,7th Phase JP Nagar,1050.0,2.0,1.0,77.0,2.0,7333.333333333333,4.0
Plot  Area,Sanjay nagar,2400.0,3.0,3.0,310.0,3.0,12916.666666666666,6.0
Super built-up  Area,Begur Road,1565.0,2.0,2.0,56.34,3.0,3600.0,5.0
Built-up  Area,Other,940.0,2.0,1.0,56.0,2.0,5957.446808510638,4.0
Super built-up  Area,Other,1015.0,2.0,1.0,40.1,2.0,3950.7389162561576,4.0
Plot  Area,BTM 2nd Stage,2400.0,2.0,0.0,360.0,3.0,15000.0,5.0
Super built-up  Area,Electronic City,1652.0,3.0,3.0,110.0,3.0,6658.595641646489,6.0
Super built-up  Area,Whitefield,1100.0,2.0,2.0,52.0,2.0,4727.272727272727,4.0
Super built-up  Area,Rajiv Nagar,2340.0,4.0,1.0,145.0,4.0,6196.581196581196,8.0
Super built-up  Area,Koramangala,1084.0,2.0,1.0,179.0,2.0,16512.91512915129,4.0
Plot  Area,Kammanahalli,1200.0,1.0,1.0,81.0,2.0,6750.0,3.0
Super built-up  Area,Other,1400.0,3.0,3.0,69.0,3.0,4928.571428571428,6.0
Plot  Area,HBR Layout,2400.0,5.0,0.0,320.0,4.0,13333.333333333334,9.0
Super built-up  Area,Electronic City Phase II,1020.0,2.0,1.0,27.43,2.0,2689.2156862745096,4.0
Super built-up  Area,Whitefield,1267.0,2.0,1.0,90.33,2.0,7129.439621152328,4.0
Super built-up  Area,Bhoganhalli,2439.0,4.0,3.0,185.0,4.0,7585.075850758508,8.0
Built-up  Area,Other,1645.0,3.0,2.0,95.0,3.0,5775.075987841945,6.0
Built-up  Area,Electronic City,1320.0,2.0,1.0,38.12,3.0,2887.8787878787875,5.0
Super built-up  Area,Ananth Nagar,1000.0,2.0,1.0,29.7,2.0,2970.0,4.0
Built-up  Area,Whitefield,5000.0,5.0,2.0,550.0,4.0,11000.0,9.0
Built-up  Area,KR Puram,2500.0,6.0,3.0,58.0,6.0,2320.0,12.0
Plot  Area,Kengeri Satellite Town,2480.0,2.0,1.0,160.0,2.0,6451.612903225807,4.0
Built-up  Area,Kalyan nagar,1086.0,2.0,2.0,44.5,2.0,4097.605893186003,4.0
Super built-up  Area,Kengeri,416.0,1.0,1.0,18.0,1.0,4326.923076923077,2.0
Built-up  Area,Hennur Road,1066.0,2.0,1.0,52.23,2.0,4899.624765478424,4.0
Super built-up  Area,OMBR Layout,1730.0,3.0,1.0,93.0,3.0,5375.722543352601,6.0
Super built-up  Area,Balagere,1205.0,2.0,1.0,63.86,2.0,5299.585062240664,4.0
Super built-up  Area,Marathahalli,2500.0,5.0,2.0,175.0,4.0,7000.0,9.0
Super built-up  Area,Subramanyapura,960.0,2.0,1.0,55.0,2.0,5729.166666666667,4.0
Super built-up  Area,Haralur Road,1510.0,3.0,2.0,83.05,3.0,5500.0,6.0
Built-up  Area,Other,1600.0,4.0,2.0,90.0,4.0,5625.0,8.0
Built-up  Area,Old Madras Road,2300.0,3.0,2.0,142.0,3.0,6173.913043478261,6.0
Built-up  Area,Other,1000.0,2.0,1.0,63.0,2.0,6300.0,4.0
Super built-up  Area,Hormavu,1553.0,2.0,2.0,58.23,3.0,3749.5170637475853,5.0
Super built-up  Area,Frazer Town,3436.0,5.0,2.0,345.0,4.0,10040.745052386495,9.0
Super built-up  Area,Seegehalli,1134.0,2.0,2.0,45.0,2.0,3968.253968253968,4.0
Plot  Area,Horamavu Agara,2400.0,3.0,3.0,80.0,5.0,3333.3333333333335,8.0
Plot  Area,Whitefield,2400.0,4.0,1.0,143.0,4.0,5958.333333333333,8.0
Super built-up  Area,Other,1350.0,2.0,2.0,65.0,2.0,4814.814814814815,4.0
Super built-up  Area,Sarjapur,1032.0,2.0,1.0,42.0,2.0,4069.767441860465,4.0
Super built-up  Area,Other,1998.0,3.0,2.0,117.0,3.0,5855.855855855856,6.0
Super built-up  Area,Murugeshpalya,1225.0,2.0,2.0,48.0,2.0,3918.3673469387754,4.0
Super built-up  Area,Sarjapur  Road,1262.0,2.0,2.0,67.0,2.0,5309.033280507131,4.0
Super built-up  Area,Other,1300.0,2.0,2.0,60.0,2.0,4615.384615384615,4.0
Super built-up  Area,Kothannur,1070.0,2.0,2.0,38.6,2.0,3607.4766355140187,4.0
Built-up  Area,Other,950.0,2.0,1.0,33.0,2.0,3473.684210526316,4.0
Super built-up  Area,Balagere,1012.0,2.0,1.0,53.58,2.0,5294.466403162055,4.0
Built-up  Area,TC Palaya,1000.0,2.0,0.0,70.0,2.0,7000.0,4.0
Super built-up  Area,Kadugodi,1394.0,2.0,2.0,56.0,2.0,4017.2166427546626,4.0
Super built-up  Area,Amruthahalli,1450.0,2.0,1.0,85.0,3.0,5862.068965517241,5.0
Super built-up  Area,Banaswadi,527.0,1.0,0.0,35.0,1.0,6641.366223908918,2.0
Super built-up  Area,Sarjapur  Road,1693.0,3.0,2.0,125.0,3.0,7383.343177790904,6.0
Super built-up  Area,Horamavu Agara,1000.0,2.0,1.0,46.0,2.0,4600.0,4.0
Built-up  Area,Kogilu,952.0,2.0,2.0,49.0,2.0,5147.058823529412,4.0
Super built-up  Area,Malleshwaram,2050.0,4.0,2.0,270.0,3.0,13170.731707317073,7.0
Super built-up  Area,Kengeri,1200.0,1.0,1.0,14.0,1.0,1166.6666666666667,2.0
Super built-up  Area,Mysore Road,1410.0,2.0,2.0,64.0,3.0,4539.007092198582,5.0
Super built-up  Area,Hebbal Kempapura,1400.0,2.0,2.0,108.0,2.0,7714.285714285715,4.0
Plot  Area,Chikka Tirupathi,3056.0,5.0,2.0,100.0,4.0,3272.251308900524,9.0
Super built-up  Area,Sarjapur  Road,1826.0,3.0,2.0,125.0,3.0,6845.564074479737,6.0
Super built-up  Area,Hosur Road,1689.0,3.0,2.0,103.0,3.0,6098.283007696862,6.0
Super built-up  Area,Bisuvanahalli,1075.0,2.0,1.0,31.0,3.0,2883.720930232558,5.0
Super built-up  Area,Bannerghatta Road,2500.0,4.0,2.0,1400.0,5.0,56000.0,9.0
Super built-up  Area,Hennur,960.0,2.0,1.0,48.0,2.0,5000.0,4.0
Built-up  Area,Channasandra,808.0,2.0,1.0,40.0,2.0,4950.495049504951,4.0
Super built-up  Area,Kodichikkanahalli,907.0,2.0,2.0,38.5,2.0,4244.7629547960305,4.0
Super built-up  Area,Uttarahalli,1300.0,2.0,2.0,55.0,2.0,4230.7692307692305,4.0
Super built-up  Area,Other,1804.0,3.0,2.0,150.0,3.0,8314.855875831485,6.0
Super built-up  Area,Other,1350.0,3.0,2.0,81.0,3.0,6000.0,6.0
Super built-up  Area,Whitefield,1836.0,3.0,2.0,125.0,3.0,6808.278867102396,6.0
Super built-up  Area,Other,826.0,2.0,2.0,36.0,2.0,4358.353510895884,4.0
Super built-up  Area,Hormavu,1200.0,2.0,3.0,68.0,2.0,5666.666666666667,4.0
Super built-up  Area,Other,3000.0,3.0,3.0,300.0,4.0,10000.0,7.0
Plot  Area,Indira Nagar,2400.0,4.0,2.0,405.0,4.0,16875.0,8.0
Super built-up  Area,6th Phase JP Nagar,1460.0,2.0,2.0,80.0,2.0,5479.45205479452,4.0
Plot  Area,Hoskote,1200.0,4.0,3.0,140.0,4.0,11666.666666666666,8.0
Super built-up  Area,BTM 2nd Stage,965.0,2.0,2.0,56.0,2.0,5803.108808290155,4.0
Carpet  Area,Kothannur,2000.0,4.0,2.0,95.0,4.0,4750.0,8.0
Super built-up  Area,Bhoganhalli,1395.0,2.0,2.0,70.0,3.0,5017.921146953405,5.0
Super built-up  Area,Sarjapur  Road,1660.0,3.0,2.0,116.0,3.0,6987.951807228916,6.0
Super built-up  Area,Other,935.0,2.0,2.0,35.0,2.0,3743.3155080213905,4.0
Super built-up  Area,Other,1180.0,2.0,1.0,39.0,2.0,3305.084745762712,4.0
Built-up  Area,Electronic City,1090.0,2.0,1.0,31.48,2.0,2888.0733944954127,4.0
Super built-up  Area,Kanakpura Road,1204.0,2.0,1.0,82.0,2.0,6810.631229235881,4.0
Super built-up  Area,Thigalarapalya,2072.0,4.0,2.0,153.0,3.0,7384.169884169884,7.0
Built-up  Area,Haralur Road,1056.0,2.0,1.0,65.0,2.0,6155.30303030303,4.0
Super built-up  Area,Hebbal,985.0,2.0,2.0,62.0,2.0,6294.416243654822,4.0
Super built-up  Area,Banashankari Stage V,1315.0,2.0,2.0,49.0,3.0,3726.235741444867,5.0
Built-up  Area,KR Puram,734.0,2.0,1.0,22.0,2.0,2997.275204359673,4.0
Built-up  Area,Kammanahalli,2900.0,4.0,2.0,200.0,4.0,6896.551724137931,8.0
Super built-up  Area,Yelahanka,2317.0,4.0,3.0,140.0,3.0,6042.296072507553,7.0
Built-up  Area,Singasandra,600.0,1.0,0.0,45.0,1.0,7500.0,2.0
Built-up  Area,Other,2200.0,3.0,0.0,115.0,4.0,5227.272727272727,7.0
Super built-up  Area,Attibele,656.0,2.0,1.0,25.0,2.0,3810.9756097560976,4.0
Built-up  Area,Attibele,400.0,1.0,1.0,11.5,1.0,2875.0,2.0
Super built-up  Area,Yeshwanthpur,666.0,1.0,1.0,36.8,1.0,5525.525525525525,2.0
Plot  Area,Kadubeesanahalli,3293.0,5.0,2.0,425.0,4.0,12906.16459155785,9.0
Super built-up  Area,7th Phase JP Nagar,1174.0,2.0,1.0,47.0,2.0,4003.4071550255535,4.0
Super built-up  Area,Budigere,1153.0,2.0,2.0,56.7,2.0,4917.606244579359,4.0
Built-up  Area,Other,2400.0,5.0,2.0,85.0,5.0,3541.6666666666665,10.0
Super built-up  Area,Marathahalli,957.0,2.0,1.0,47.0,2.0,4911.180773249739,4.0
Built-up  Area,Banashankari Stage III,910.0,2.0,2.0,160.0,2.0,17582.417582417584,4.0
Built-up  Area,Sarjapur  Road,1060.0,2.0,1.0,50.0,2.0,4716.981132075472,4.0
Super built-up  Area,Banashankari,1000.0,2.0,1.0,50.0,2.0,5000.0,4.0
Super built-up  Area,Kanakpura Road,1843.0,3.0,2.0,88.0,3.0,4774.823657080847,6.0
Super built-up  Area,Kanakpura Road,1150.0,2.0,2.0,40.25,3.0,3500.0,5.0
Super built-up  Area,Kodihalli,3197.0,5.0,2.0,335.0,4.0,10478.573662808883,9.0
Super built-up  Area,Kaval Byrasandra,1125.0,2.0,1.0,41.5,2.0,3688.8888888888887,4.0
Super built-up  Area,Battarahalli,1516.0,3.0,3.0,65.0,3.0,4287.598944591029,6.0
Super built-up  Area,Brookefield,1130.0,2.0,2.0,56.0,2.0,4955.7522123893805,4.0
Super built-up  Area,Iblur Village,3596.0,5.0,1.0,279.0,4.0,7758.620689655172,9.0
Super built-up  Area,Hosa Road,1512.0,3.0,2.0,103.0,3.0,6812.169312169312,6.0
Built-up  Area,Thanisandra,1491.0,3.0,1.0,88.0,3.0,5902.079141515761,6.0
Super built-up  Area,Cox Town,1250.0,2.0,2.0,95.0,2.0,7600.0,4.0
Super built-up  Area,Banashankari,1650.0,3.0,2.0,90.75,3.0,5500.0,6.0
Super built-up  Area,Raja Rajeshwari Nagar,1140.0,2.0,1.0,48.7,2.0,4271.929824561404,4.0
Plot  Area,Other,1200.0,4.0,1.0,110.0,4.0,9166.666666666666,8.0
Super built-up  Area,Thanisandra,1881.0,3.0,2.0,95.0,3.0,5050.50505050505,6.0
Super built-up  Area,Kanakpura Road,1100.0,3.0,2.0,56.57,3.0,5142.727272727273,6.0
Super built-up  Area,Iblur Village,2666.0,4.0,1.0,200.0,3.0,7501.875468867217,7.0
Super built-up  Area,Other,1500.0,2.0,1.0,50.0,2.0,3333.3333333333335,4.0
Super built-up  Area,Other,1217.0,2.0,1.0,164.0,2.0,13475.760065735414,4.0
Built-up  Area,Whitefield,1197.0,2.0,1.0,50.0,2.0,4177.109440267335,4.0
Built-up  Area,Other,2400.0,4.0,1.0,170.0,6.0,7083.333333333333,10.0
Built-up  Area,Gollarapalya Hosahalli,1345.0,3.0,2.0,60.0,3.0,4460.966542750929,6.0
Plot  Area,KR Puram,1200.0,4.0,2.0,100.0,4.0,8333.333333333334,8.0
Super built-up  Area,Bannerghatta Road,3230.0,5.0,0.0,165.0,4.0,5108.359133126935,9.0
Super built-up  Area,Banashankari Stage II,1260.0,2.0,1.0,95.0,3.0,7539.68253968254,5.0
Built-up  Area,Sarjapur  Road,2750.0,5.0,1.0,240.0,4.0,8727.272727272728,9.0
Plot  Area,9th Phase JP Nagar,1200.0,2.0,0.0,80.0,2.0,6666.666666666667,4.0
Built-up  Area,Other,1650.0,3.0,0.0,52.0,3.0,3151.5151515151515,6.0
Super built-up  Area,Other,600.0,1.0,0.0,45.0,1.0,7500.0,2.0
Super built-up  Area,Uttarahalli,1025.0,2.0,1.0,35.88,2.0,3500.4878048780492,4.0
Super built-up  Area,Hennur Road,973.0,2.0,1.0,56.0,2.0,5755.395683453237,4.0
Super built-up  Area,Other,4110.0,4.0,2.0,590.0,4.0,14355.231143552312,8.0
Super built-up  Area,Rajaji Nagar,2533.0,3.0,3.0,425.0,3.0,16778.523489932886,6.0
Super built-up  Area,Balagere,1007.0,2.0,1.0,75.0,2.0,7447.864945382324,4.0
Super built-up  Area,Hosa Road,800.0,1.0,0.0,39.99,1.0,4998.75,2.0
Built-up  Area,Sarjapur  Road,1830.0,3.0,1.0,119.0,3.0,6502.732240437159,6.0
Super built-up  Area,Nagavara,1077.0,2.0,1.0,50.0,2.0,4642.525533890436,4.0
Plot  Area,Other,672.0,1.0,1.0,27.0,1.0,4017.8571428571427,2.0
Plot  Area,Other,1280.0,3.0,0.0,87.0,3.0,6796.875,6.0
Built-up  Area,Electronics City Phase 1,865.0,2.0,0.0,40.0,2.0,4624.277456647399,4.0
Super built-up  Area,Kalena Agrahara,1000.0,2.0,2.0,33.0,2.0,3300.0,4.0
Super built-up  Area,CV Raman Nagar,1285.0,2.0,2.0,65.0,2.0,5058.365758754864,4.0
Super built-up  Area,Thanisandra,662.0,1.0,1.0,29.0,1.0,4380.664652567976,2.0
Plot  Area,Whitefield,2297.0,5.0,2.0,269.0,5.0,11710.927296473661,10.0
Plot  Area,Sarjapura - Attibele Road,3750.0,6.0,3.0,295.0,5.0,7866.666666666667,11.0
Super built-up  Area,Other,1850.0,3.0,3.0,95.0,3.0,5135.135135135135,6.0
Super built-up  Area,Harlur,1754.0,3.0,2.0,132.0,3.0,7525.655644241733,6.0
Plot  Area,1st Phase JP Nagar,2200.0,7.0,2.0,350.0,5.0,15909.09090909091,12.0
Super built-up  Area,Other,1567.0,3.0,1.0,100.0,3.0,6381.620931716656,6.0
Super built-up  Area,Hoskote,1695.0,3.0,3.0,50.0,3.0,2949.8525073746314,6.0
Super built-up  Area,Bellandur,1150.0,2.0,1.0,69.44,2.0,6038.260869565217,4.0
Built-up  Area,Other,2350.0,3.0,2.0,210.0,3.0,8936.170212765957,6.0
Super built-up  Area,Karuna Nagar,1057.0,2.0,1.0,65.0,2.0,6149.479659413434,4.0
Super built-up  Area,Hebbal,1320.0,2.0,1.0,91.0,2.0,6893.939393939394,4.0
Super built-up  Area,Other,1125.0,2.0,1.0,48.0,2.0,4266.666666666667,4.0
Super built-up  Area,Kanakpura Road,2254.0,3.0,2.0,170.0,3.0,7542.147293700089,6.0
Super built-up  Area,Balagere,645.0,1.0,1.0,34.18,1.0,5299.224806201551,2.0
Super built-up  Area,Rachenahalli,1050.0,2.0,2.0,52.08,2.0,4960.0,4.0
Super built-up  Area,Panathur,1040.0,2.0,1.0,41.6,2.0,4000.0,4.0
Super built-up  Area,Sarjapur  Road,1700.0,3.0,1.0,194.0,3.0,11411.764705882353,6.0
Super built-up  Area,1st Block Jayanagar,1760.0,3.0,2.0,115.0,3.0,6534.090909090909,6.0
Super built-up  Area,Bellandur,1138.0,3.0,2.0,128.0,3.0,11247.80316344464,6.0
Super built-up  Area,Sarjapur  Road,984.0,2.0,1.0,45.91,2.0,4665.650406504065,4.0
Built-up  Area,Raja Rajeshwari Nagar,1140.0,2.0,2.0,38.65,2.0,3390.3508771929824,4.0
Super built-up  Area,Whitefield,3596.0,3.0,1.0,200.0,3.0,5561.735261401557,6.0
Super built-up  Area,Other,1365.0,3.0,2.0,54.0,3.0,3956.043956043956,6.0
Super built-up  Area,Other,560.0,1.0,0.0,19.0,1.0,3392.8571428571427,2.0
Super built-up  Area,Bellandur,1540.0,4.0,3.0,45.0,4.0,2922.0779220779223,8.0
Built-up  Area,Electronic City,1050.0,2.0,1.0,39.0,3.0,3714.285714285714,5.0
Super built-up  Area,Rachenahalli,1550.0,3.0,3.0,72.5,3.0,4677.419354838709,6.0
Super built-up  Area,Yelahanka,1653.0,3.0,3.0,93.0,3.0,5626.134301270417,6.0
Super built-up  Area,Other,1471.0,2.0,3.0,75.0,3.0,5098.572399728077,5.0
Super built-up  Area,Kanakpura Road,700.0,2.0,1.0,35.0,2.0,5000.0,4.0
Built-up  Area,Kudlu Gate,812.0,2.0,1.0,38.25,2.0,4710.591133004926,4.0
Super built-up  Area,8th Phase JP Nagar,1504.0,2.0,2.0,83.0,3.0,5518.617021276596,5.0
Super built-up  Area,Mahadevpura,1450.0,3.0,2.0,75.0,3.0,5172.413793103448,6.0
Super built-up  Area,Kannamangala,957.0,2.0,2.0,54.5,2.0,5694.879832810867,4.0
Carpet  Area,Attibele,460.0,1.0,1.0,13.0,1.0,2826.086956521739,2.0
Plot  Area,Other,900.0,2.0,0.0,128.0,2.0,14222.222222222223,4.0
Super built-up  Area,Budigere,1820.0,3.0,2.0,85.0,3.0,4670.32967032967,6.0
Super built-up  Area,Varthur Road,1033.0,2.0,2.0,32.0,2.0,3097.773475314618,4.0
Plot  Area,Kumaraswami Layout,800.0,1.0,1.0,90.0,2.0,11250.0,3.0
Plot  Area,Other,520.0,2.0,0.0,29.0,1.0,5576.923076923077,3.0
Super built-up  Area,OMBR Layout,1165.0,2.0,2.0,88.5,2.0,7596.56652360515,4.0
Super built-up  Area,Gottigere,1280.0,2.0,1.0,61.0,2.0,4765.625,4.0
Built-up  Area,Other,1950.0,3.0,3.0,230.0,3.0,11794.871794871795,6.0
Plot  Area,Other,600.0,1.0,0.0,58.0,1.0,9666.666666666666,2.0
Super built-up  Area,Kanakpura Road,1550.0,3.0,3.0,65.1,3.0,4199.999999999999,6.0
Super built-up  Area,Nagavarapalya,1392.0,2.0,1.0,130.0,2.0,9339.080459770115,4.0
Super built-up  Area,Jigani,1221.0,3.0,3.0,75.0,3.0,6142.506142506142,6.0
Super built-up  Area,Other,1000.0,1.0,1.0,19.0,1.0,1900.0,2.0
Built-up  Area,Other,1300.0,2.0,2.0,60.0,2.0,4615.384615384615,4.0
Built-up  Area,Hoskote,1065.0,2.0,3.0,31.5,2.0,2957.7464788732395,4.0
Built-up  Area,Yelahanka New Town,1209.0,2.0,3.0,65.0,3.0,5376.344086021505,5.0
Plot  Area,Other,375.0,1.0,0.0,40.0,1.0,10666.666666666666,2.0
Plot  Area,Other,7800.0,3.0,2.0,2000.0,3.0,25641.02564102564,6.0
Super built-up  Area,Sarjapur  Road,1929.0,4.0,1.0,101.0,3.0,5235.873509590461,7.0
Built-up  Area,Hennur Road,1255.0,2.0,1.0,84.0,2.0,6693.227091633466,4.0
Super built-up  Area,Jalahalli,1035.0,2.0,1.0,31.05,2.0,3000.0,4.0
Plot  Area,Other,1200.0,5.0,2.0,270.0,4.0,22500.0,9.0
Super built-up  Area,Banashankari,1650.0,3.0,2.0,101.0,3.0,6121.212121212121,6.0
Built-up  Area,Whitefield,1275.0,2.0,3.0,65.0,3.0,5098.0392156862745,5.0
Super built-up  Area,Electronic City,1128.0,2.0,1.0,65.58,2.0,5813.829787234043,4.0
Plot  Area,OMBR Layout,1200.0,4.0,2.0,200.0,4.0,16666.666666666668,8.0
Super built-up  Area,Thanisandra,1183.0,2.0,2.0,58.56,2.0,4950.126796280642,4.0
Super built-up  Area,Whitefield,1155.0,2.0,1.0,39.0,2.0,3376.6233766233768,4.0
Super built-up  Area,Kengeri,1245.0,2.0,2.0,43.57,3.0,3499.598393574297,5.0
Built-up  Area,Akshaya Nagar,1000.0,2.0,1.0,38.0,2.0,3800.0,4.0
Super built-up  Area,7th Phase JP Nagar,1040.0,2.0,1.0,75.0,2.0,7211.538461538462,4.0
Super built-up  Area,Other,1477.0,2.0,2.0,75.0,3.0,5077.860528097495,5.0
Super built-up  Area,Sarjapur  Road,1525.0,2.0,2.0,65.0,3.0,4262.295081967213,5.0
Super built-up  Area,Other,1220.0,2.0,1.0,65.0,2.0,5327.868852459016,4.0
Super built-up  Area,Hebbal,2388.0,3.0,1.0,195.0,3.0,8165.829145728643,6.0
Super built-up  Area,Electronic City,1355.0,2.0,1.0,97.6,2.0,7202.952029520296,4.0
Built-up  Area,Whitefield,1141.0,2.0,1.0,62.0,2.0,5433.829973707274,4.0
Super built-up  Area,Vijayanagar,1046.0,2.0,0.0,49.06,2.0,4690.248565965583,4.0
Super built-up  Area,Bannerghatta Road,630.0,1.0,2.0,35.0,1.0,5555.555555555556,2.0
Super built-up  Area,Other,1247.0,2.0,2.0,62.35,2.0,5000.0,4.0
Built-up  Area,Marathahalli,3855.0,4.0,3.0,220.0,4.0,5706.874189364462,8.0
Super built-up  Area,Other,850.0,2.0,1.0,32.5,2.0,3823.529411764706,4.0
Super built-up  Area,KR Puram,1120.0,2.0,2.0,36.0,2.0,3214.285714285714,4.0
Super built-up  Area,Jakkur,1798.0,3.0,1.0,110.0,3.0,6117.908787541713,6.0
Built-up  Area,Bisuvanahalli,1180.0,2.0,1.0,45.0,3.0,3813.5593220338983,5.0
Super built-up  Area,Kereguddadahalli,1000.0,2.0,1.0,34.0,2.0,3400.0,4.0
Super built-up  Area,Whitefield,1216.0,2.0,1.0,82.0,2.0,6743.421052631579,4.0
Built-up  Area,Margondanahalli,900.0,2.0,0.0,65.0,2.0,7222.222222222223,4.0
Built-up  Area,TC Palaya,1100.0,2.0,0.0,65.0,2.0,5909.090909090909,4.0
Super built-up  Area,Whitefield,1495.0,3.0,3.0,88.0,2.0,5886.28762541806,5.0
Super built-up  Area,Kanakpura Road,1700.0,3.0,3.0,120.0,3.0,7058.823529411765,6.0
Super built-up  Area,Whitefield,1564.0,3.0,1.0,103.0,3.0,6585.677749360614,6.0
Super built-up  Area,Other,1256.0,2.0,1.0,65.0,2.0,5175.15923566879,4.0
Super built-up  Area,Kundalahalli,1047.0,2.0,1.0,89.0,2.0,8500.477554918816,4.0
Super built-up  Area,Bhoganhalli,1458.0,3.0,1.0,78.45,3.0,5380.658436213992,6.0
Super built-up  Area,Hoodi,1063.0,2.0,1.0,61.17,2.0,5754.468485418626,4.0
Super built-up  Area,Other,7400.0,5.0,2.0,1850.0,4.0,25000.0,9.0
Super built-up  Area,Garudachar Palya,1150.0,2.0,1.0,52.5,2.0,4565.217391304348,4.0
Built-up  Area,Chandapura,450.0,1.0,1.0,9.0,1.0,2000.0,2.0
Built-up  Area,Ramamurthy Nagar,1360.0,2.0,0.0,45.0,2.0,3308.823529411765,4.0
Built-up  Area,Marathahalli,1605.0,3.0,2.0,76.0,3.0,4735.202492211838,6.0
Carpet  Area,Nagarbhavi,1200.0,4.0,2.0,205.0,3.0,17083.333333333332,7.0
Super built-up  Area,Haralur Road,1810.0,3.0,2.0,100.0,3.0,5524.861878453039,6.0
Super built-up  Area,LB Shastri Nagar,1250.0,2.0,2.0,48.5,2.0,3880.0,4.0
Built-up  Area,R.T. Nagar,1100.0,3.0,0.0,125.0,2.0,11363.636363636364,5.0
Super built-up  Area,Dommasandra,850.0,2.0,1.0,25.4,2.0,2988.235294117647,4.0
Built-up  Area,Electronic City Phase II,1025.0,2.0,1.0,26.65,2.0,2600.0,4.0
Built-up  Area,Uttarahalli,980.0,2.0,1.0,45.0,2.0,4591.836734693878,4.0
Super built-up  Area,Other,1428.0,2.0,1.0,70.0,3.0,4901.9607843137255,5.0
Super built-up  Area,Other,1130.0,2.0,2.0,74.0,2.0,6548.672566371682,4.0
Super built-up  Area,JP Nagar,2050.0,3.0,3.0,82.0,3.0,4000.0,6.0
Super built-up  Area,Other,1407.0,2.0,1.0,83.87,2.0,5960.90973702914,4.0
Super built-up  Area,Cunningham Road,4170.0,3.0,2.0,800.0,3.0,19184.65227817746,6.0
Super built-up  Area,Whitefield,1585.0,3.0,1.0,84.0,3.0,5299.6845425867505,6.0
Built-up  Area,Jakkur,1785.0,3.0,2.0,130.0,3.0,7282.913165266106,6.0
Built-up  Area,Other,900.0,2.0,3.0,45.0,2.0,5000.0,4.0
Plot  Area,Other,1350.0,4.0,2.0,160.0,4.0,11851.851851851852,8.0
Super built-up  Area,Kanakpura Road,1843.0,3.0,2.0,96.2,3.0,5219.750406945198,6.0
Super built-up  Area,Other,2375.0,3.0,2.0,260.0,4.0,10947.368421052632,7.0
Super built-up  Area,Other,1200.0,2.0,1.0,67.0,2.0,5583.333333333333,4.0
Super built-up  Area,Akshaya Nagar,1113.0,2.0,1.0,52.0,2.0,4672.057502246182,4.0
Super built-up  Area,Anekal,1150.0,3.0,2.0,45.0,3.0,3913.0434782608695,6.0
Super built-up  Area,Yeshwanthpur,770.0,1.0,1.0,70.0,2.0,9090.90909090909,3.0
Super built-up  Area,Kodichikkanahalli,1181.0,2.0,2.0,57.0,2.0,4826.418289585097,4.0
Super built-up  Area,Kanakpura Road,1550.0,3.0,3.0,64.7,3.0,4174.193548387097,6.0
Super built-up  Area,1st Phase JP Nagar,1200.0,2.0,2.0,86.0,2.0,7166.666666666667,4.0
Super built-up  Area,Raja Rajeshwari Nagar,1295.0,2.0,2.0,55.47,2.0,4283.397683397683,4.0
Super built-up  Area,Lingadheeranahalli,1506.0,3.0,1.0,95.0,3.0,6308.100929614874,6.0
Built-up  Area,Other,1872.0,3.0,2.0,152.0,3.0,8119.65811965812,6.0
Super built-up  Area,Sarjapur  Road,2900.0,4.0,2.0,240.0,4.0,8275.862068965518,8.0
Super built-up  Area,Abbigere,1326.0,2.0,1.0,35.0,3.0,2639.517345399698,5.0
Super built-up  Area,Talaghattapura,1040.0,2.0,1.0,33.28,2.0,3200.0,4.0
Super built-up  Area,Hennur,1020.0,2.0,1.0,48.0,2.0,4705.882352941177,4.0
Super built-up  Area,Other,1400.0,3.0,2.0,90.0,3.0,6428.571428571428,6.0
Super built-up  Area,Neeladri Nagar,4000.0,12.0,2.0,160.0,10.0,4000.0,22.0
Plot  Area,Other,812.0,1.0,1.0,26.0,1.0,3201.9704433497536,2.0
Super built-up  Area,Other,829.0,2.0,1.0,22.8,2.0,2750.301568154403,4.0
Plot  Area,Sanjay nagar,2700.0,4.0,2.0,350.0,4.0,12962.962962962964,8.0
Super built-up  Area,Kanakpura Road,1500.0,3.0,1.0,72.99,3.0,4865.999999999999,6.0
Built-up  Area,Ananth Nagar,850.0,2.0,1.0,25.99,2.0,3057.6470588235293,4.0
Built-up  Area,Kaval Byrasandra,1180.0,2.0,2.0,60.0,2.0,5084.745762711865,4.0
Super built-up  Area,Cunningham Road,5108.0,5.0,2.0,995.0,4.0,19479.24823805795,9.0
Super built-up  Area,Channasandra,1010.0,2.0,1.0,36.0,2.0,3564.3564356435645,4.0
Built-up  Area,Marathahalli,1350.0,2.0,2.0,60.0,2.0,4444.444444444444,4.0
Built-up  Area,Talaghattapura,1100.0,2.0,0.0,50.0,2.0,4545.454545454545,4.0
Super built-up  Area,Kanakpura Road,1450.0,2.0,2.0,62.93,3.0,4340.0,5.0
Super built-up  Area,Raja Rajeshwari Nagar,1133.0,2.0,2.0,40.0,2.0,3530.45013239188,4.0
Super built-up  Area,Thanisandra,1564.0,3.0,2.0,100.0,3.0,6393.861892583121,6.0
Plot  Area,Doddaballapur,640.0,1.0,0.0,10.5,2.0,1640.625,3.0
Super built-up  Area,Thigalarapalya,2072.0,4.0,2.0,157.0,3.0,7577.220077220078,7.0
Super built-up  Area,Kanakapura,1460.0,2.0,3.0,51.1,3.0,3500.0,5.0
Super built-up  Area,Other,600.0,2.0,1.0,35.0,1.0,5833.333333333333,3.0
Built-up  Area,Other,700.0,2.0,1.0,35.0,2.0,5000.0,4.0
Super built-up  Area,Yelahanka,654.0,1.0,1.0,38.0,1.0,5810.397553516819,2.0
Super built-up  Area,Other,1105.0,2.0,2.0,50.0,2.0,4524.886877828054,4.0
Super built-up  Area,Hebbal Kempapura,1800.0,3.0,3.0,150.0,3.0,8333.333333333334,6.0
Plot  Area,Yelachenahalli,1200.0,2.0,2.0,160.0,2.0,13333.333333333334,4.0
Super built-up  Area,Other,1000.0,2.0,1.0,51.0,2.0,5100.0,4.0
Built-up  Area,HSR Layout,3500.0,5.0,0.0,350.0,5.0,10000.0,10.0
Super built-up  Area,Other,1240.0,2.0,1.0,63.0,3.0,5080.645161290323,5.0
Super built-up  Area,Bellandur,1200.0,2.0,3.0,45.0,2.0,3750.0,4.0
Super built-up  Area,Yelahanka New Town,1400.0,2.0,2.0,80.0,3.0,5714.285714285715,5.0
Super built-up  Area,Other,1393.0,3.0,2.0,54.0,3.0,3876.5254845656855,6.0
Super built-up  Area,Whitefield,1140.0,2.0,2.0,50.0,2.0,4385.964912280701,4.0
Built-up  Area,Other,1640.0,3.0,2.0,70.0,3.0,4268.292682926829,6.0
Plot  Area,Other,1200.0,2.0,0.0,62.0,2.0,5166.666666666667,4.0
Built-up  Area,Rajaji Nagar,720.0,2.0,2.0,65.0,2.0,9027.777777777777,4.0
Super built-up  Area,Yelenahalli,1650.0,3.0,3.0,68.0,3.0,4121.212121212121,6.0
Super built-up  Area,Nagavara,2496.0,4.0,2.0,125.0,4.0,5008.01282051282,8.0
Super built-up  Area,9th Phase JP Nagar,905.0,2.0,1.0,32.0,2.0,3535.9116022099447,4.0
Super built-up  Area,HAL 2nd Stage,1600.0,3.0,1.0,125.0,3.0,7812.5,6.0
Super built-up  Area,Chikkalasandra,1070.0,2.0,1.0,45.48,2.0,4250.467289719626,4.0
Plot  Area,Other,8400.0,5.0,2.0,1675.0,4.0,19940.47619047619,9.0
Built-up  Area,Koramangala,1200.0,2.0,2.0,100.0,2.0,8333.333333333334,4.0
Plot  Area,Indira Nagar,1800.0,5.0,2.0,350.0,5.0,19444.444444444445,10.0
Built-up  Area,8th Phase JP Nagar,2600.0,4.0,2.0,115.0,4.0,4423.076923076923,8.0
Super built-up  Area,Old Airport Road,1145.0,2.0,2.0,75.0,2.0,6550.218340611354,4.0
Super built-up  Area,Other,1495.0,3.0,2.0,55.0,3.0,3678.9297658862874,6.0
Plot  Area,Other,1200.0,2.0,1.0,300.0,3.0,25000.0,5.0
Built-up  Area,Other,1400.0,3.0,2.0,53.0,3.0,3785.714285714286,6.0
Built-up  Area,Whitefield,1558.0,3.0,2.0,90.0,3.0,5776.636713735558,6.0
Super built-up  Area,Balagere,1007.0,2.0,1.0,53.0,2.0,5263.1578947368425,4.0
Super built-up  Area,Ananth Nagar,902.0,2.0,1.0,25.26,2.0,2800.4434589800444,4.0
Super built-up  Area,Other,1054.0,2.0,1.0,53.0,2.0,5028.462998102466,4.0
Super built-up  Area,Uttarahalli,1135.0,2.0,3.0,39.73,3.0,3500.440528634361,5.0
Super built-up  Area,Gollarapalya Hosahalli,996.0,2.0,2.0,49.0,2.0,4919.678714859438,4.0
Super built-up  Area,Other,1275.0,2.0,2.0,47.0,2.0,3686.274509803922,4.0
Plot  Area,NRI Layout,1250.0,2.0,0.0,75.0,2.0,6000.0,4.0
Built-up  Area,Hennur,2502.0,4.0,2.0,170.0,4.0,6794.564348521183,8.0
Super built-up  Area,Other,1394.0,2.0,3.0,52.0,2.0,3730.2725968436157,4.0
Super built-up  Area,Other,1075.0,2.0,1.0,57.0,2.0,5302.325581395349,4.0
Built-up  Area,Indira Nagar,1500.0,3.0,3.0,120.0,3.0,8000.0,6.0
Super built-up  Area,Rayasandra,1708.0,3.0,1.0,76.0,4.0,4449.648711943794,7.0
Plot  Area,Whitefield,1500.0,3.0,1.0,250.0,3.0,16666.666666666668,6.0
Built-up  Area,Other,1800.0,4.0,3.0,115.0,3.0,6388.888888888889,7.0
Super built-up  Area,Harlur,1532.0,2.0,1.0,65.0,2.0,4242.819843342037,4.0
Super built-up  Area,Hosa Road,1726.0,3.0,2.0,81.99,3.0,4750.289687137891,6.0
Super built-up  Area,Other,1220.0,2.0,2.0,54.89,2.0,4499.180327868852,4.0
Super built-up  Area,Chikkalasandra,1100.0,2.0,2.0,50.0,2.0,4545.454545454545,4.0
Super built-up  Area,Electronics City Phase 1,1530.0,3.0,3.0,40.0,3.0,2614.37908496732,6.0
Super built-up  Area,Hosa Road,840.0,2.0,1.0,28.0,2.0,3333.3333333333335,4.0
Super built-up  Area,Bommanahalli,1250.0,4.0,3.0,39.0,3.0,3120.0,7.0
Super built-up  Area,CV Raman Nagar,1030.0,2.0,2.0,35.0,2.0,3398.0582524271845,4.0
Super built-up  Area,Other,1499.0,3.0,2.0,89.0,3.0,5937.291527685124,6.0
Super built-up  Area,Other,1280.0,2.0,3.0,55.0,3.0,4296.875,5.0
Built-up  Area,Munnekollal,1170.0,2.0,2.0,59.0,2.0,5042.735042735043,4.0
Plot  Area,Chikka Tirupathi,2646.0,3.0,2.0,99.0,3.0,3741.496598639456,6.0
Super built-up  Area,Other,1161.0,2.0,3.0,36.69,2.0,3160.206718346253,4.0
Plot  Area,Yelahanka,1633.0,2.0,1.0,72.0,2.0,4409.0630740967545,4.0
Built-up  Area,Other,1050.0,2.0,2.0,65.0,2.0,6190.476190476191,4.0
Plot  Area,Hennur Road,1650.0,5.0,3.0,309.0,4.0,18727.272727272728,9.0
Super built-up  Area,Varthur Road,552.5,1.0,0.0,13.26,1.0,2400.0,2.0
Super built-up  Area,Attibele,418.0,2.0,1.0,11.5,1.0,2751.196172248804,3.0
Super built-up  Area,Other,905.0,2.0,2.0,50.0,2.0,5524.861878453039,4.0
Super built-up  Area,Raja Rajeshwari Nagar,1510.0,2.0,2.0,55.0,3.0,3642.384105960265,5.0
Super built-up  Area,Chikkalasandra,1390.0,2.0,3.0,60.47,3.0,4350.359712230216,5.0
Super built-up  Area,Kasturi Nagar,1101.0,2.0,2.0,66.0,2.0,5994.550408719346,4.0
Super built-up  Area,Other,2736.0,4.0,2.0,130.0,4.0,4751.461988304093,8.0
Super built-up  Area,EPIP Zone,2350.0,4.0,2.0,163.0,3.0,6936.170212765957,7.0
Super built-up  Area,Other,1056.0,2.0,2.0,55.0,2.0,5208.333333333333,4.0
Super built-up  Area,Kanakpura Road,1425.0,2.0,2.0,49.88,3.0,3500.3508771929824,5.0
Super built-up  Area,Electronics City Phase 1,1450.0,3.0,1.0,70.0,3.0,4827.586206896552,6.0
Built-up  Area,Pai Layout,1000.0,2.0,2.0,34.0,2.0,3400.0,4.0
Super built-up  Area,Haralur Road,575.0,1.0,1.0,38.0,1.0,6608.695652173913,2.0
Plot  Area,Kanakpura Road,2000.0,2.0,0.0,180.0,3.0,9000.0,5.0
Built-up  Area,Other,1770.0,3.0,2.0,90.0,3.0,5084.745762711865,6.0
Super built-up  Area,Other,3155.0,3.0,2.0,315.0,3.0,9984.152139461174,6.0
Plot  Area,Anandapura,616.0,3.0,1.0,45.0,2.0,7305.194805194805,5.0
Super built-up  Area,JP Nagar,745.0,1.0,0.0,34.27,1.0,4600.000000000001,2.0
Built-up  Area,Other,6500.0,7.0,1.0,104.0,7.0,1600.0,14.0
Plot  Area,HAL 2nd Stage,2400.0,4.0,1.0,650.0,4.0,27083.333333333332,8.0
Super built-up  Area,Kudlu Gate,1547.0,2.0,2.0,103.0,2.0,6658.047834518423,4.0
Super built-up  Area,Panathur,1713.0,3.0,1.0,120.0,3.0,7005.253940455342,6.0
Plot  Area,Sarjapur,3300.0,4.0,2.0,430.0,4.0,13030.30303030303,8.0
Super built-up  Area,Yeshwanthpur,1856.0,4.0,2.0,180.0,3.0,9698.275862068966,7.0
Super built-up  Area,Other,1152.0,2.0,1.0,57.0,2.0,4947.916666666667,4.0
Super built-up  Area,Dodda Nekkundi,1100.0,2.0,1.0,46.75,2.0,4250.0,4.0
Super built-up  Area,Other,2357.0,3.0,2.0,135.0,3.0,5727.619855748833,6.0
Super built-up  Area,Akshaya Nagar,1820.0,4.0,2.0,95.0,3.0,5219.780219780219,7.0
Super built-up  Area,Kannamangala,1865.0,3.0,1.0,139.0,3.0,7453.083109919571,6.0
Built-up  Area,Kanakpura Road,1240.0,2.0,2.0,65.0,2.0,5241.935483870968,4.0
Super built-up  Area,Padmanabhanagar,1360.0,3.0,1.0,75.0,3.0,5514.705882352941,6.0
Built-up  Area,ISRO Layout,4200.0,4.0,2.0,255.0,4.0,6071.428571428572,8.0
Super built-up  Area,Electronics City Phase 1,1450.0,2.0,2.0,63.51,3.0,4380.0,5.0
Super built-up  Area,Budigere,1139.0,2.0,2.0,72.0,2.0,6321.334503950834,4.0
Super built-up  Area,Begur Road,1565.0,2.0,2.0,56.0,3.0,3578.2747603833864,5.0
Plot  Area,Anjanapura,1200.0,3.0,2.0,165.0,3.0,13750.0,6.0
Super built-up  Area,Other,1200.0,2.0,2.0,39.0,2.0,3250.0,4.0
Super built-up  Area,Yeshwanthpur,1855.0,3.0,3.0,140.0,3.0,7547.169811320755,6.0
Plot  Area,Margondanahalli,1100.0,2.0,1.0,55.0,2.0,5000.0,4.0
Built-up  Area,Other,1350.0,2.0,2.0,65.0,3.0,4814.814814814815,5.0
Super built-up  Area,Old Madras Road,2266.0,3.0,2.0,207.0,3.0,9135.03971756399,6.0
Super built-up  Area,Hosur Road,660.0,1.0,1.0,23.0,1.0,3484.848484848485,2.0
Built-up  Area,Kodihalli,1490.0,2.0,1.0,150.0,2.0,10067.114093959732,4.0
Super built-up  Area,Kambipura,1083.0,2.0,1.0,48.0,3.0,4432.13296398892,5.0
Super built-up  Area,Hennur Road,1232.0,2.0,1.0,83.0,2.0,6737.012987012987,4.0
Super built-up  Area,Raja Rajeshwari Nagar,1550.0,3.0,1.0,86.8,3.0,5600.0,6.0
Super built-up  Area,Whitefield,1227.0,2.0,2.0,70.0,2.0,5704.9714751426245,4.0
Super built-up  Area,Sarjapur  Road,1059.0,2.0,2.0,68.0,2.0,6421.152030217186,4.0
Super built-up  Area,Mahadevpura,1152.0,2.0,1.0,54.0,2.0,4687.5,4.0
Super built-up  Area,Kenchenahalli,870.0,1.0,1.0,45.0,2.0,5172.413793103448,3.0
Super built-up  Area,Panathur,1210.0,2.0,1.0,78.0,2.0,6446.280991735537,4.0
Super built-up  Area,Thanisandra,663.0,1.0,0.0,46.1,1.0,6953.242835595776,2.0
Super built-up  Area,Other,1464.0,2.0,1.0,135.0,3.0,9221.311475409837,5.0
Built-up  Area,Kadubeesanahalli,1365.0,3.0,1.0,80.0,3.0,5860.805860805861,6.0
Super built-up  Area,Whitefield,1704.0,3.0,1.0,120.0,3.0,7042.2535211267605,6.0
Super built-up  Area,Whitefield,1256.0,2.0,2.0,73.0,2.0,5812.101910828025,4.0
Built-up  Area,Kengeri,883.0,2.0,0.0,49.0,2.0,5549.263873159683,4.0
Built-up  Area,Bisuvanahalli,1080.0,2.0,1.0,45.0,3.0,4166.666666666667,5.0
Super built-up  Area,9th Phase JP Nagar,1073.0,2.0,1.0,52.36,2.0,4879.77632805219,4.0
Super built-up  Area,Rajaji Nagar,3000.0,6.0,3.0,250.0,6.0,8333.333333333334,12.0
Super built-up  Area,Other,1300.0,2.0,3.0,32.0,2.0,2461.5384615384614,4.0
Built-up  Area,Thanisandra,662.0,1.0,0.0,45.0,1.0,6797.583081570997,2.0
Super built-up  Area,Other,1200.0,2.0,2.0,75.0,2.0,6250.0,4.0
Built-up  Area,5th Phase JP Nagar,1550.0,3.0,3.0,75.0,3.0,4838.709677419355,6.0
Super built-up  Area,Other,1707.0,3.0,2.0,171.0,3.0,10017.574692442882,6.0
Super built-up  Area,Banashankari,1310.0,2.0,2.0,80.43,2.0,6139.69465648855,4.0
Super built-up  Area,Sarjapur  Road,1577.0,3.0,2.0,65.0,3.0,4121.750158528852,6.0
Super built-up  Area,Kodigehaali,1324.0,3.0,2.0,65.0,3.0,4909.365558912386,6.0
Super built-up  Area,Kothanur,1786.0,2.0,2.0,106.0,3.0,5935.05039193729,5.0
Super built-up  Area,Other,565.0,1.0,1.0,33.0,1.0,5840.70796460177,2.0
Built-up  Area,Electronic City,635.0,1.0,1.0,28.0,1.0,4409.4488188976375,2.0
Plot  Area,Kalyan nagar,3000.0,8.0,2.0,400.0,6.0,13333.333333333334,14.0
Super built-up  Area,8th Phase JP Nagar,1368.0,2.0,1.0,54.71,3.0,3999.2690058479534,5.0
Super built-up  Area,Kanakpura Road,1450.0,3.0,3.0,55.0,3.0,3793.103448275862,6.0
Super built-up  Area,Devanahalli,1045.0,2.0,2.0,48.0,2.0,4593.301435406698,4.0
Super built-up  Area,Electronic City,1128.0,2.0,1.0,65.4,2.0,5797.8723404255325,4.0
Built-up  Area,Bhoganhalli,1125.0,2.0,1.0,54.0,2.0,4800.0,4.0
Super built-up  Area,Whitefield,1195.0,2.0,1.0,62.38,2.0,5220.083682008368,4.0
Plot  Area,Other,630.0,2.0,1.0,70.0,1.0,11111.111111111111,3.0
Plot  Area,Kaggadasapura,1350.0,2.0,0.0,105.0,3.0,7777.777777777777,5.0
Super built-up  Area,Domlur,1740.0,3.0,0.0,120.0,3.0,6896.551724137931,6.0
Super built-up  Area,Bommasandra,877.0,2.0,1.0,29.0,2.0,3306.72748004561,4.0
Built-up  Area,Whitefield,1770.0,4.0,1.0,68.0,3.0,3841.80790960452,7.0
Super built-up  Area,Yelahanka New Town,450.0,1.0,1.0,15.0,1.0,3333.3333333333335,2.0
Plot  Area,Other,1000.0,2.0,1.0,55.0,2.0,5500.0,4.0
Super built-up  Area,Whitefield,1300.0,2.0,2.0,78.0,2.0,6000.0,4.0
Super built-up  Area,Doddathoguru,1300.0,2.0,1.0,42.0,3.0,3230.769230769231,5.0
Built-up  Area,Other,1045.0,2.0,2.0,42.0,2.0,4019.1387559808613,4.0
Super built-up  Area,Other,1250.0,2.0,1.0,62.4,2.0,4992.0,4.0
Plot  Area,Other,2400.0,4.0,1.0,130.0,3.0,5416.666666666667,7.0
Super built-up  Area,Kanakpura Road,1420.0,3.0,3.0,68.0,3.0,4788.732394366197,6.0
Built-up  Area,Other,1720.0,3.0,3.0,83.0,3.0,4825.581395348837,6.0
Plot  Area,Anandapura,1200.0,2.0,0.0,66.0,3.0,5500.0,5.0
Super built-up  Area,Whitefield,1570.0,3.0,3.0,88.0,3.0,5605.095541401274,6.0
Super built-up  Area,Sarjapur  Road,1157.0,2.0,1.0,74.0,3.0,6395.851339671564,5.0
Super built-up  Area,Kanakapura,1120.0,2.0,2.0,39.2,2.0,3500.0000000000005,4.0
Super built-up  Area,Kenchenahalli,1150.0,2.0,2.0,60.0,2.0,5217.391304347826,4.0
Plot  Area,Hebbal Kempapura,2400.0,5.0,2.0,200.0,5.0,8333.333333333334,10.0
Super built-up  Area,6th Phase JP Nagar,2003.0,3.0,3.0,200.0,3.0,9985.022466300548,6.0
Carpet  Area,Other,1100.0,2.0,2.0,70.0,2.0,6363.636363636364,4.0
Super built-up  Area,Kodichikkanahalli,900.0,2.0,1.0,42.0,2.0,4666.666666666667,4.0
Super built-up  Area,Talaghattapura,1372.0,2.0,1.0,43.9,3.0,3199.708454810496,5.0
Plot  Area,Chikka Tirupathi,4500.0,5.0,3.0,150.0,4.0,3333.3333333333335,9.0
Super built-up  Area,Bisuvanahalli,1180.0,2.0,1.0,55.5,3.0,4703.389830508475,5.0
Super built-up  Area,Electronic City,1096.0,2.0,2.0,39.0,2.0,3558.394160583942,4.0
Super built-up  Area,Yeshwanthpur,2504.0,3.0,3.0,138.0,3.0,5511.182108626198,6.0
Built-up  Area,Other,420.0,1.0,1.0,23.5,1.0,5595.238095238095,2.0
Super built-up  Area,Hennur Road,1832.0,3.0,1.0,116.0,3.0,6331.8777292576415,6.0
Built-up  Area,Other,940.0,2.0,1.0,40.0,2.0,4255.31914893617,4.0
Plot  Area,Whitefield,4290.0,5.0,3.0,625.0,4.0,14568.764568764569,9.0
Built-up  Area,Electronic City Phase II,1020.0,2.0,1.0,29.45,2.0,2887.2549019607845,4.0
Built-up  Area,Abbigere,2500.0,6.0,0.0,81.0,6.0,3240.0,12.0
Super built-up  Area,Raja Rajeshwari Nagar,1400.0,2.0,2.0,45.0,2.0,3214.285714285714,4.0
Built-up  Area,Other,1675.0,3.0,2.0,65.0,3.0,3880.597014925373,6.0
Super built-up  Area,Tumkur Road,708.0,2.0,1.0,32.0,2.0,4519.774011299435,4.0
Super built-up  Area,Channasandra,1123.0,2.0,1.0,36.0,2.0,3205.699020480855,4.0
Super built-up  Area,Talaghattapura,1100.0,2.0,1.0,49.49,2.0,4499.090909090909,4.0
Super built-up  Area,Other,1225.0,2.0,2.0,71.05,2.0,5800.0,4.0
Super built-up  Area,Lingadheeranahalli,1683.0,3.0,1.0,140.0,3.0,8318.478906714201,6.0
Super built-up  Area,Kengeri Satellite Town,410.0,1.0,1.0,15.0,1.0,3658.5365853658536,2.0
Plot  Area,Banashankari Stage II,2400.0,2.0,2.0,300.0,3.0,12500.0,5.0
Plot  Area,Other,1350.0,4.0,1.0,90.0,4.0,6666.666666666667,8.0
Super built-up  Area,Gubbalala,1475.0,2.0,2.0,80.0,2.0,5423.728813559322,4.0
Super built-up  Area,Kengeri Satellite Town,1120.0,2.0,2.0,49.0,2.0,4375.0,4.0
Super built-up  Area,KR Puram,1150.0,2.0,1.0,42.0,2.0,3652.1739130434785,4.0
Super built-up  Area,Yeshwanthpur,1165.0,2.0,1.0,85.0,2.0,7296.137339055794,4.0
Super built-up  Area,Harlur,1756.0,3.0,2.0,134.0,3.0,7630.979498861047,6.0
Super built-up  Area,Ambedkar Nagar,1409.0,2.0,2.0,95.0,2.0,6742.370475514549,4.0
Super built-up  Area,Mahadevpura,1212.0,2.0,1.0,56.9,2.0,4694.7194719471945,4.0
Super built-up  Area,Doddathoguru,1140.0,2.0,2.0,26.49,2.0,2323.684210526316,4.0
Super built-up  Area,Hegde Nagar,2087.01,3.0,2.0,115.0,3.0,5510.275465857853,6.0
Super built-up  Area,Jalahalli East,775.0,1.0,0.0,34.1,1.0,4400.0,2.0
Super built-up  Area,Sarjapur  Road,1700.0,3.0,1.0,118.0,3.0,6941.176470588235,6.0
Super built-up  Area,Other,1732.5,3.0,0.0,91.855,3.0,5301.875901875902,6.0
Super built-up  Area,Raja Rajeshwari Nagar,1110.0,2.0,1.0,52.0,2.0,4684.684684684685,4.0
Built-up  Area,Chikka Tirupathi,2704.0,5.0,0.0,105.0,4.0,3883.1360946745563,9.0
Plot  Area,Other,3760.0,2.0,0.0,280.0,2.0,7446.808510638298,4.0
Plot  Area,Hormavu,1600.0,5.0,2.0,140.0,5.0,8750.0,10.0
Super built-up  Area,Bhoganhalli,1205.0,2.0,2.0,64.47,2.0,5350.207468879668,4.0
Super built-up  Area,Thigalarapalya,1418.0,2.0,2.0,105.0,2.0,7404.795486600846,4.0
Built-up  Area,Ardendale,1650.0,3.0,3.0,82.0,3.0,4969.69696969697,6.0
Super built-up  Area,Electronic City,1150.0,2.0,1.0,38.0,2.0,3304.3478260869565,4.0
Super built-up  Area,Other,3071.0,4.0,2.0,300.0,3.0,9768.804949527841,7.0
Built-up  Area,Dasanapura,2400.0,5.0,2.0,100.0,4.0,4166.666666666667,9.0
Built-up  Area,Other,850.0,2.0,0.0,34.0,2.0,4000.0,4.0
Super built-up  Area,Raja Rajeshwari Nagar,1580.0,3.0,1.0,83.74,3.0,5299.999999999999,6.0
Super built-up  Area,Whitefield,1216.0,2.0,1.0,84.03,2.0,6910.361842105263,4.0
Carpet  Area,Kanakpura Road,381.0,1.0,1.0,28.0,1.0,7349.081364829396,2.0
Built-up  Area,KR Puram,4600.0,9.0,2.0,200.0,9.0,4347.826086956522,18.0
Super built-up  Area,Hebbal,1040.0,2.0,1.0,55.0,2.0,5288.461538461538,4.0
Built-up  Area,Choodasandra,2429.0,3.0,1.0,210.0,4.0,8645.533141210375,7.0
Super built-up  Area,Other,1260.0,2.0,1.0,49.0,3.0,3888.8888888888887,5.0
Super built-up  Area,Kanakpura Road,1498.0,3.0,2.0,74.9,3.0,5000.000000000001,6.0
Super built-up  Area,Vidyaranyapura,1200.0,2.0,2.0,65.0,3.0,5416.666666666667,5.0
Super built-up  Area,Electronic City,1355.0,2.0,1.0,72.9,2.0,5380.073800738008,4.0
Built-up  Area,Other,1450.0,3.0,1.0,65.0,3.0,4482.758620689655,6.0
Super built-up  Area,Yeshwanthpur,1860.0,3.0,2.0,168.0,3.0,9032.258064516129,6.0
Built-up  Area,Whitefield,1240.0,2.0,2.0,70.0,2.0,5645.1612903225805,4.0
Super built-up  Area,Kanakpura Road,1300.0,2.0,2.0,55.0,3.0,4230.7692307692305,5.0
Plot  Area,Kundalahalli,2500.0,5.0,2.0,245.0,4.0,9800.0,9.0
Super built-up  Area,Ambedkar Nagar,1950.0,4.0,2.0,120.0,3.0,6153.846153846154,7.0
Super built-up  Area,Ambalipura,1625.0,2.0,2.0,145.0,3.0,8923.076923076924,5.0
Super built-up  Area,Electronic City,1200.0,2.0,2.0,30.0,2.0,2500.0,4.0
Super built-up  Area,OMBR Layout,1101.0,2.0,2.0,66.0,2.0,5994.550408719346,4.0
Super built-up  Area,Whitefield,1216.0,2.0,1.0,72.5,2.0,5962.171052631579,4.0
Super built-up  Area,Uttarahalli,1250.0,2.0,3.0,50.0,3.0,4000.0,5.0
Plot  Area,Other,2100.0,3.0,0.0,70.0,3.0,3333.3333333333335,6.0
Built-up  Area,Ananth Nagar,1470.0,3.0,2.0,54.0,3.0,3673.469387755102,6.0
Super built-up  Area,Bannerghatta Road,1365.0,3.0,1.0,76.18,3.0,5580.952380952382,6.0
Super built-up  Area,Hosa Road,1364.0,2.0,1.0,64.79,2.0,4750.000000000001,4.0
Super built-up  Area,Banashankari Stage VI,1180.0,2.0,1.0,59.47,2.0,5039.830508474576,4.0
Super built-up  Area,7th Phase JP Nagar,1800.0,3.0,2.0,130.0,3.0,7222.222222222223,6.0
Super built-up  Area,Kothannur,1350.0,2.0,2.0,42.0,2.0,3111.1111111111113,4.0
Super built-up  Area,Thanisandra,1573.0,3.0,2.0,98.0,3.0,6230.1335028607755,6.0
Super built-up  Area,Other,1620.0,3.0,3.0,95.0,3.0,5864.197530864198,6.0
Super built-up  Area,Doddakallasandra,1072.0,2.0,1.0,42.87,2.0,3999.0671641791046,4.0
Built-up  Area,Other,560.0,1.0,1.0,21.0,1.0,3750.0,2.0
Super built-up  Area,Other,1156.0,2.0,2.0,46.0,2.0,3979.2387543252594,4.0
Built-up  Area,Kudlu Gate,1336.0,2.0,1.0,86.0,2.0,6437.125748502994,4.0
Super built-up  Area,Electronic City,1200.0,2.0,1.0,20.0,2.0,1666.6666666666667,4.0
Super built-up  Area,Marathahalli,3400.0,4.0,3.0,235.0,4.0,6911.764705882353,8.0
Super built-up  Area,Raja Rajeshwari Nagar,1608.0,3.0,3.0,54.51,3.0,3389.9253731343283,6.0
Super built-up  Area,JP Nagar,4000.0,4.0,3.0,441.0,4.0,11025.0,8.0
Super built-up  Area,Whitefield,1215.0,2.0,2.0,40.0,2.0,3292.1810699588477,4.0
Built-up  Area,Cox Town,1100.0,2.0,1.0,166.0,2.0,15090.90909090909,4.0
Super built-up  Area,Green Glen Layout,1517.0,3.0,3.0,100.0,3.0,6591.957811470006,6.0
Super built-up  Area,Mallasandra,1565.0,2.0,2.0,69.0,2.0,4408.945686900958,4.0
Super built-up  Area,Whitefield,2025.0,4.0,2.0,115.0,3.0,5679.0123456790125,7.0
Super built-up  Area,Jalahalli,1057.0,2.0,1.0,34.71,2.0,3283.822138126774,4.0
Super built-up  Area,Other,3850.0,3.0,3.0,650.0,3.0,16883.116883116883,6.0
Super built-up  Area,Sarjapur,1044.0,2.0,2.0,34.0,2.0,3256.704980842912,4.0
Built-up  Area,Domlur,1695.0,3.0,2.0,125.0,3.0,7374.6312684365785,6.0
Super built-up  Area,Ramagondanahalli,1635.0,3.0,1.0,61.0,3.0,3730.886850152905,6.0
Super built-up  Area,Other,1140.0,2.0,2.0,56.0,2.0,4912.2807017543855,4.0
Built-up  Area,Electronic City,1150.0,2.0,2.0,35.0,2.0,3043.478260869565,4.0
Built-up  Area,Yelachenahalli,1110.0,2.0,2.0,110.0,2.0,9909.90990990991,4.0
Super built-up  Area,Yeshwanthpur,1163.0,2.0,2.0,64.08,2.0,5509.888220120379,4.0
Super built-up  Area,Thubarahalli,1418.0,2.0,2.0,65.0,3.0,4583.921015514809,5.0
Built-up  Area,Varthur,1155.0,2.0,1.0,60.0,2.0,5194.805194805195,4.0
Super built-up  Area,Bannerghatta Road,1115.0,2.0,2.0,78.0,2.0,6995.5156950672645,4.0
Built-up  Area,Other,2250.0,3.0,2.0,180.0,3.0,8000.0,6.0
Super built-up  Area,Other,1485.0,3.0,2.0,78.0,3.0,5252.525252525253,6.0
Plot  Area,Whitefield,1920.0,5.0,2.0,250.0,4.0,13020.833333333334,9.0
Plot  Area,Other,1350.0,2.0,0.0,45.0,1.0,3333.3333333333335,3.0
Super built-up  Area,Other,1209.0,2.0,2.0,100.0,2.0,8271.298593879239,4.0
Super built-up  Area,8th Phase JP Nagar,1089.0,2.0,1.0,43.55,2.0,3999.0817263544536,4.0
Super built-up  Area,Yelahanka,1445.0,2.0,2.0,82.0,2.0,5674.740484429066,4.0
Super built-up  Area,Uttarahalli,1250.0,2.0,2.0,50.0,3.0,4000.0,5.0
Super built-up  Area,Other,1500.0,3.0,1.0,95.0,3.0,6333.333333333333,6.0
Super built-up  Area,Devarachikkanahalli,1705.0,3.0,2.0,75.0,3.0,4398.826979472141,6.0
Super built-up  Area,Indira Nagar,2200.0,3.0,2.0,160.0,3.0,7272.727272727273,6.0
Plot  Area,Cunningham Road,2925.0,5.0,3.0,936.0,5.0,32000.0,10.0
Built-up  Area,Whitefield,7200.0,5.0,2.0,900.0,5.0,12500.0,10.0
Super built-up  Area,Bellandur,1830.0,3.0,2.0,90.0,3.0,4918.0327868852455,6.0
Super built-up  Area,Electronics City Phase 1,1450.0,3.0,2.0,58.0,3.0,4000.0,6.0
Super built-up  Area,Hoodi,1259.0,2.0,2.0,69.45,2.0,5516.282764098491,4.0
Super built-up  Area,Subramanyapura,1260.0,2.0,1.0,73.0,3.0,5793.650793650793,5.0
Built-up  Area,Kaggadasapura,2500.0,5.0,1.0,120.0,3.0,4800.0,8.0
Built-up  Area,Kudlu Gate,1919.0,3.0,2.0,121.0,3.0,6305.367378843148,6.0
Super built-up  Area,Hennur Road,2050.0,3.0,2.0,120.0,3.0,5853.658536585366,6.0
Built-up  Area,Basavangudi,1050.0,2.0,1.0,103.0,2.0,9809.52380952381,4.0
Super built-up  Area,Other,1000.0,2.0,2.0,60.0,2.0,6000.0,4.0
Super built-up  Area,Raja Rajeshwari Nagar,1640.0,3.0,1.0,86.8,3.0,5292.682926829269,6.0
Built-up  Area,Other,1488.0,2.0,2.0,65.0,3.0,4368.279569892473,5.0
Super built-up  Area,Chikkalasandra,1265.0,2.0,2.0,53.12,3.0,4199.209486166008,5.0
Built-up  Area,Hennur,1640.0,3.0,2.0,120.0,3.0,7317.073170731707,6.0
Super built-up  Area,9th Phase JP Nagar,1719.3,2.0,2.0,88.0,3.0,5118.362124120282,5.0
Plot  Area,Other,1200.0,4.0,2.0,130.0,4.0,10833.333333333334,8.0
Super built-up  Area,Kaggadasapura,1180.0,2.0,2.0,70.0,2.0,5932.203389830508,4.0
Super built-up  Area,HBR Layout,1700.0,3.0,1.0,110.0,3.0,6470.588235294118,6.0
Super built-up  Area,Kudlu Gate,1464.0,3.0,3.0,56.0,2.0,3825.136612021858,5.0
Built-up  Area,JP Nagar,1800.0,6.0,0.0,68.0,6.0,3777.777777777778,12.0
Built-up  Area,Cox Town,1495.0,2.0,1.0,300.0,4.0,20066.889632107024,6.0
Built-up  Area,Yelahanka,1225.0,2.0,2.0,62.0,2.0,5061.224489795918,4.0
Super built-up  Area,7th Phase JP Nagar,1050.0,2.0,0.0,68.0,2.0,6476.190476190476,4.0
Super built-up  Area,Sarjapur  Road,1691.0,3.0,3.0,120.0,3.0,7096.392667060911,6.0
Built-up  Area,Other,2250.0,3.0,2.0,199.0,3.0,8844.444444444445,6.0
Super built-up  Area,Other,3700.0,4.0,2.0,314.0,4.0,8486.486486486487,8.0
Super built-up  Area,Other,1190.0,2.0,3.0,42.25,2.0,3550.4201680672268,4.0
Super built-up  Area,Hormavu,765.0,2.0,1.0,37.49,2.0,4900.653594771242,4.0
Super built-up  Area,Chamrajpet,730.0,1.0,2.0,52.0,2.0,7123.287671232877,3.0
Built-up  Area,Other,1405.0,3.0,0.0,169.0,3.0,12028.469750889679,6.0
Super built-up  Area,Old Madras Road,1350.0,3.0,1.0,45.9,3.0,3400.0,6.0
Super built-up  Area,Yelahanka New Town,500.0,1.0,1.0,18.0,1.0,3600.0,2.0
Super built-up  Area,Amruthahalli,1200.0,2.0,2.0,55.0,2.0,4583.333333333333,4.0
Super built-up  Area,7th Phase JP Nagar,1400.0,2.0,2.0,57.0,3.0,4071.4285714285716,5.0
Plot  Area,Other,4800.0,6.0,2.0,420.0,4.0,8750.0,10.0
Built-up  Area,Hormavu,1668.0,2.0,2.0,120.0,3.0,7194.244604316546,5.0
Super built-up  Area,Kenchenahalli,700.0,1.0,1.0,35.0,1.0,5000.0,2.0
Super built-up  Area,5th Phase JP Nagar,1485.0,2.0,1.0,66.0,3.0,4444.444444444444,5.0
Super built-up  Area,Kanakpura Road,700.0,2.0,1.0,41.0,2.0,5857.142857142857,4.0
Super built-up  Area,Whitefield,1346.0,2.0,1.0,100.0,3.0,7429.420505200595,5.0
Super built-up  Area,Other,1050.0,2.0,1.0,43.5,2.0,4142.857142857143,4.0
Super built-up  Area,Other,1800.0,3.0,2.0,53.0,3.0,2944.4444444444443,6.0
Super built-up  Area,Electronic City,1609.0,3.0,3.0,115.0,3.0,7147.296457426974,6.0
Built-up  Area,Electronic City,770.0,1.0,1.0,35.0,2.0,4545.454545454545,3.0
Built-up  Area,Kudlu,1076.0,2.0,1.0,50.0,2.0,4646.840148698885,4.0
Super built-up  Area,Kengeri,1052.0,2.0,2.0,51.0,2.0,4847.9087452471485,4.0
Super built-up  Area,Channasandra,1000.0,2.0,2.0,35.0,2.0,3500.0,4.0
Built-up  Area,Bommasandra Industrial Area,1000.0,2.0,1.0,28.88,2.0,2888.0,4.0
Super built-up  Area,Thanisandra,1262.0,2.0,1.0,83.0,3.0,6576.862123613312,5.0
Super built-up  Area,Other,500.0,1.0,1.0,16.0,1.0,3200.0,2.0
Super built-up  Area,Other,3500.0,4.0,2.0,700.0,4.0,20000.0,8.0
Built-up  Area,Other,1600.0,3.0,2.0,180.0,3.0,11250.0,6.0
Super built-up  Area,Ramagondanahalli,1251.0,2.0,1.0,53.0,2.0,4236.610711430855,4.0
Plot  Area,Nagarbhavi,1050.0,3.0,1.0,175.0,3.0,16666.666666666668,6.0
Super built-up  Area,Other,1140.0,2.0,2.0,49.0,2.0,4298.245614035088,4.0
Super built-up  Area,Old Madras Road,1157.0,2.0,2.0,47.32,2.0,4089.887640449438,4.0
Super built-up  Area,Other,648.0,1.0,1.0,34.0,1.0,5246.913580246914,2.0
Super built-up  Area,Harlur,1197.0,2.0,1.0,78.0,2.0,6516.290726817043,4.0
Super built-up  Area,Raja Rajeshwari Nagar,1500.0,3.0,3.0,51.04,3.0,3402.6666666666665,6.0
Built-up  Area,Kumaraswami Layout,2400.0,2.0,1.0,125.0,3.0,5208.333333333333,5.0
Super built-up  Area,Kundalahalli,1397.0,3.0,3.0,105.0,3.0,7516.1059413027915,6.0
Built-up  Area,Basaveshwara Nagar,900.0,2.0,1.0,60.0,2.0,6666.666666666667,4.0
Super built-up  Area,Rachenahalli,2710.0,3.0,2.0,170.0,3.0,6273.062730627306,6.0
Super built-up  Area,Other,1720.0,2.0,2.0,126.0,3.0,7325.581395348837,5.0
Super built-up  Area,Other,1756.0,3.0,2.0,307.0,3.0,17482.915717539865,6.0
Super built-up  Area,Yelahanka,602.0,1.0,1.0,38.0,1.0,6312.292358803987,2.0
Super built-up  Area,Sarjapur  Road,1770.0,3.0,2.0,180.0,3.0,10169.49152542373,6.0
Super built-up  Area,Rachenahalli,1200.0,2.0,2.0,46.5,2.0,3875.0,4.0
Built-up  Area,Other,1100.0,2.0,2.0,45.0,2.0,4090.909090909091,4.0
Super built-up  Area,Kasavanhalli,1476.0,3.0,0.0,105.0,3.0,7113.821138211382,6.0
Super built-up  Area,Thanisandra,1056.0,2.0,2.0,65.0,2.0,6155.30303030303,4.0
Super built-up  Area,Other,825.0,2.0,1.0,35.0,2.0,4242.424242424242,4.0
Super built-up  Area,EPIP Zone,1860.0,3.0,2.0,130.0,3.0,6989.247311827957,6.0
Super built-up  Area,Gunjur,1063.0,2.0,2.0,40.0,2.0,3762.9350893697083,4.0
Super built-up  Area,Yelahanka,697.0,1.0,1.0,35.0,1.0,5021.520803443329,2.0
Built-up  Area,Vijayanagar,2400.0,2.0,0.0,230.0,1.0,9583.333333333334,3.0
Built-up  Area,CV Raman Nagar,1835.0,3.0,2.0,160.0,3.0,8719.346049046322,6.0
Super built-up  Area,Bannerghatta Road,1532.5,3.0,0.0,79.465,3.0,5185.318107667211,6.0
Super built-up  Area,BTM 2nd Stage,1147.0,2.0,1.0,75.0,2.0,6538.7968613775065,4.0
Plot  Area,Kothanur,3400.0,5.0,0.0,265.0,4.0,7794.117647058823,9.0
Built-up  Area,Other,1080.0,2.0,3.0,64.0,2.0,5925.925925925926,4.0
Super built-up  Area,Doddakallasandra,1010.0,2.0,1.0,40.4,2.0,4000.0,4.0
Plot  Area,Other,2600.0,4.0,2.0,523.0,4.0,20115.384615384617,8.0
Super built-up  Area,Brookefield,1270.0,2.0,1.0,95.0,2.0,7480.314960629921,4.0
Super built-up  Area,Other,1100.0,2.0,1.0,61.0,2.0,5545.454545454545,4.0
Super built-up  Area,Bellandur,1410.0,3.0,2.0,92.0,2.0,6524.822695035461,5.0
Super built-up  Area,Yelahanka,1065.0,2.0,1.0,41.38,2.0,3885.446009389672,4.0
Super built-up  Area,Hebbal,1315.0,3.0,3.0,65.0,3.0,4942.9657794676805,6.0
Super built-up  Area,Kaggadasapura,960.0,2.0,1.0,45.0,2.0,4687.5,4.0
Super built-up  Area,Other,800.0,1.0,1.0,29.0,2.0,3625.0,3.0
Super built-up  Area,Other,1225.0,2.0,1.0,47.0,2.0,3836.734693877551,4.0
Built-up  Area,Whitefield,1020.0,2.0,2.0,45.0,2.0,4411.764705882353,4.0
Super built-up  Area,Magadi Road,750.0,2.0,1.0,27.0,2.0,3600.0,4.0
Plot  Area,Other,3000.0,3.0,1.0,550.0,3.0,18333.333333333332,6.0
Super built-up  Area,Other,535.0,1.0,1.0,35.0,1.0,6542.056074766355,2.0
Super built-up  Area,Varthur,1035.0,2.0,1.0,60.0,2.0,5797.101449275362,4.0
Built-up  Area,Bommasandra Industrial Area,1020.0,2.0,1.0,29.45,2.0,2887.2549019607845,4.0
Super built-up  Area,GM Palaya,1315.0,3.0,0.0,64.0,3.0,4866.920152091255,6.0
Super built-up  Area,Basavangudi,1350.0,2.0,2.0,130.0,3.0,9629.62962962963,5.0
Super built-up  Area,Bisuvanahalli,1075.0,2.0,1.0,48.0,3.0,4465.116279069767,5.0
Super built-up  Area,Kengeri Satellite Town,1450.0,2.0,3.0,50.0,3.0,3448.2758620689656,5.0
Plot  Area,Gottigere,1806.0,1.0,1.0,150.0,1.0,8305.647840531561,2.0
Super built-up  Area,Marathahalli,1350.0,2.0,1.0,99.0,2.0,7333.333333333333,4.0
Plot  Area,Binny Pete,1282.0,3.0,2.0,178.0,3.0,13884.555382215289,6.0
Super built-up  Area,Sarjapur  Road,1929.0,3.0,1.0,103.0,3.0,5339.554173146708,6.0
Super built-up  Area,Varthur,1100.0,2.0,2.0,72.0,2.0,6545.454545454545,4.0
Built-up  Area,Kundalahalli,1800.0,3.0,2.0,110.0,3.0,6111.111111111111,6.0
Super built-up  Area,Gubbalala,1223.0,2.0,1.0,42.81,2.0,3500.408830744072,4.0
Super built-up  Area,Bharathi Nagar,1664.0,3.0,2.0,69.89,3.0,4200.120192307692,6.0
Super built-up  Area,Kasavanhalli,1158.0,2.0,2.0,67.0,2.0,5785.837651122625,4.0
Super built-up  Area,Hormavu,1420.0,3.0,2.0,58.0,3.0,4084.507042253521,6.0
Super built-up  Area,Rajaji Nagar,1268.0,2.0,1.0,127.0,2.0,10015.77287066246,4.0
Super built-up  Area,Sarjapur  Road,1308.0,2.0,1.0,75.0,2.0,5733.94495412844,4.0
Built-up  Area,Basavangudi,1485.0,3.0,1.0,140.0,3.0,9427.609427609428,6.0
Super built-up  Area,Other,1067.0,2.0,3.0,33.99,2.0,3185.5670103092784,4.0
Built-up  Area,Hulimavu,2000.0,4.0,0.0,100.0,4.0,5000.0,8.0
Super built-up  Area,Rajaji Nagar,2450.0,3.0,3.0,330.0,3.0,13469.387755102041,6.0
Super built-up  Area,Other,1152.0,2.0,1.0,42.0,2.0,3645.8333333333335,4.0
Super built-up  Area,Uttarahalli,1525.0,2.0,2.0,62.82,3.0,4119.3442622950815,5.0
Super built-up  Area,Whitefield,935.0,2.0,1.0,32.72,2.0,3499.4652406417113,4.0
Super built-up  Area,Other,1465.0,2.0,2.0,88.0,3.0,6006.825938566553,5.0
Built-up  Area,HBR Layout,1198.0,2.0,1.0,65.0,2.0,5425.709515859767,4.0
Super built-up  Area,Other,1145.0,2.0,1.0,63.0,2.0,5502.183406113537,4.0
Plot  Area,Attibele,1000.0,2.0,1.0,42.0,2.0,4200.0,4.0
Built-up  Area,Anekal,400.0,1.0,1.0,11.5,1.0,2875.0,2.0
Built-up  Area,Other,3420.0,3.0,2.0,410.0,4.0,11988.30409356725,7.0
Super built-up  Area,Marathahalli,1310.0,3.0,1.0,63.22,3.0,4825.954198473282,6.0
Super built-up  Area,Panathur,1861.0,3.0,3.0,92.0,3.0,4943.5787211176785,6.0
Super built-up  Area,Uttarahalli,1265.0,2.0,2.0,65.0,3.0,5138.339920948617,5.0
Super built-up  Area,Other,1280.0,2.0,2.0,75.0,2.0,5859.375,4.0
Super built-up  Area,Raja Rajeshwari Nagar,1279.0,2.0,1.0,53.76,3.0,4203.283815480844,5.0
Plot  Area,Other,680.0,3.0,2.0,60.0,2.0,8823.529411764706,5.0
Super built-up  Area,Uttarahalli,1590.0,3.0,2.0,57.0,3.0,3584.9056603773583,6.0
Super built-up  Area,Hoodi,1837.0,3.0,3.0,142.0,3.0,7729.994556341861,6.0
Super built-up  Area,Hegde Nagar,1703.0,3.0,2.0,130.0,3.0,7633.587786259542,6.0
Super built-up  Area,Kudlu,1293.0,2.0,2.0,80.0,3.0,6187.161639597834,5.0
Super built-up  Area,Other,1450.0,3.0,2.0,75.0,3.0,5172.413793103448,6.0
Built-up  Area,5th Phase JP Nagar,1030.0,2.0,2.0,57.0,2.0,5533.980582524272,4.0
Super built-up  Area,Kanakpura Road,1570.0,3.0,3.0,65.93,3.0,4199.363057324841,6.0
Built-up  Area,7th Phase JP Nagar,1000.0,2.0,2.0,60.0,2.0,6000.0,4.0
Super built-up  Area,Bisuvanahalli,1075.0,2.0,1.0,37.0,3.0,3441.860465116279,5.0
Super built-up  Area,Varthur,1091.0,2.0,1.0,33.82,2.0,3099.908340971586,4.0
Super built-up  Area,EPIP Zone,2210.0,3.0,3.0,165.0,3.0,7466.06334841629,6.0
Built-up  Area,Other,1738.0,3.0,0.0,110.0,3.0,6329.113924050633,6.0
Super built-up  Area,Rajaji Nagar,1640.0,3.0,2.0,262.0,3.0,15975.609756097561,6.0
Super built-up  Area,Gottigere,1205.0,2.0,1.0,56.58,2.0,4695.435684647303,4.0
Super built-up  Area,Kengeri,1009.0,2.0,1.0,30.27,2.0,3000.0,4.0
Built-up  Area,Thigalarapalya,3362.0,5.0,2.0,249.0,4.0,7406.305770374777,9.0
Built-up  Area,Rajaji Nagar,1600.0,3.0,0.0,140.0,4.0,8750.0,7.0
Super built-up  Area,Sanjay nagar,960.0,2.0,1.0,55.0,2.0,5729.166666666667,4.0
Super built-up  Area,Whitefield,1024.0,2.0,1.0,32.0,2.0,3125.0,4.0
Super built-up  Area,Mico Layout,800.0,1.0,1.0,29.5,1.0,3687.5,2.0
Super built-up  Area,Sarjapur  Road,2650.0,3.0,2.0,260.0,3.0,9811.32075471698,6.0
Super built-up  Area,Jakkur,1080.0,2.0,2.0,60.0,2.0,5555.555555555556,4.0
Super built-up  Area,Hebbal,1150.0,2.0,1.0,55.0,2.0,4782.608695652174,4.0
Super built-up  Area,Dasanapura,1286.0,2.0,1.0,68.0,3.0,5287.713841368584,5.0
Plot  Area,Whitefield,2990.0,3.0,2.0,198.0,4.0,6622.0735785953175,7.0
Super built-up  Area,JP Nagar,1150.0,2.0,2.0,90.0,2.0,7826.086956521739,4.0
Super built-up  Area,Cooke Town,1310.0,2.0,2.0,111.0,2.0,8473.282442748092,4.0
Super built-up  Area,Prithvi Layout,1352.0,2.0,2.0,72.0,2.0,5325.443786982249,4.0
Super built-up  Area,Bommanahalli,1307.0,2.0,1.0,50.0,2.0,3825.554705432288,4.0
Plot  Area,Channasandra,1500.0,4.0,1.0,89.45,4.0,5963.333333333333,8.0
Plot  Area,Other,1500.0,3.0,1.0,90.0,3.0,6000.0,6.0
Super built-up  Area,Thanisandra,1131.0,2.0,0.0,55.975,2.0,4949.160035366932,4.0
Built-up  Area,Whitefield,1600.0,3.0,0.0,69.1,3.0,4318.749999999999,6.0
Super built-up  Area,Hosur Road,2835.0,4.0,0.0,241.0,4.0,8500.881834215168,8.0
Super built-up  Area,Yelahanka,682.0,1.0,1.0,36.23,1.0,5312.316715542522,2.0
Built-up  Area,Whitefield,2500.0,4.0,1.0,420.0,4.0,16800.0,8.0
Super built-up  Area,Vittasandra,1650.0,3.0,2.0,85.5,3.0,5181.818181818182,6.0
Super built-up  Area,Haralur Road,1850.0,3.0,2.0,120.0,3.0,6486.486486486487,6.0
Plot  Area,Gubbalala,2000.0,4.0,1.0,85.0,4.0,4250.0,8.0
Super built-up  Area,Other,982.0,2.0,1.0,25.0,2.0,2545.8248472505093,4.0
Built-up  Area,Other,2015.0,4.0,0.0,325.0,2.0,16129.032258064517,6.0
Super built-up  Area,Thanisandra,1702.0,3.0,2.0,115.0,3.0,6756.756756756757,6.0
Super built-up  Area,Amruthahalli,1250.0,2.0,2.0,79.0,2.0,6320.0,4.0
Super built-up  Area,Raja Rajeshwari Nagar,1240.0,2.0,2.0,40.54,2.0,3269.3548387096776,4.0
Plot  Area,Other,1050.0,2.0,1.0,110.0,2.0,10476.190476190477,4.0
Super built-up  Area,Yelahanka,1023.0,2.0,1.0,52.59,2.0,5140.762463343109,4.0
Super built-up  Area,Other,1541.0,2.0,1.0,181.0,2.0,11745.619727449708,4.0
Super built-up  Area,Other,1275.0,2.0,1.0,105.0,2.0,8235.29411764706,4.0
Super built-up  Area,Jakkur,1260.0,2.0,0.0,71.195,2.0,5650.396825396825,4.0
Super built-up  Area,Sarjapur  Road,1580.0,3.0,3.0,125.0,3.0,7911.392405063291,6.0
Super built-up  Area,Thanisandra,1343.0,2.0,2.0,75.0,2.0,5584.512285927029,4.0
Super built-up  Area,Bommasandra,1365.0,3.0,1.0,52.81,3.0,3868.864468864469,6.0
Super built-up  Area,Kundalahalli,1047.0,2.0,1.0,72.0,2.0,6876.790830945559,4.0
Built-up  Area,Shampura,1187.0,2.0,2.0,42.0,2.0,3538.3319292333613,4.0
Plot  Area,Frazer Town,560.0,1.0,0.0,90.0,1.0,16071.42857142857,2.0
Built-up  Area,Banashankari Stage III,1000.0,2.0,1.0,120.0,3.0,12000.0,5.0
Super built-up  Area,Choodasandra,1075.0,2.0,2.0,45.0,2.0,4186.046511627907,4.0
Super built-up  Area,Other,2048.0,3.0,2.0,206.0,3.0,10058.59375,6.0
Super built-up  Area,Raja Rajeshwari Nagar,1090.0,2.0,1.0,57.0,2.0,5229.357798165138,4.0
Super built-up  Area,Other,1119.0,2.0,1.0,48.5,3.0,4334.226988382485,5.0
Super built-up  Area,Other,1355.0,2.0,3.0,58.25,3.0,4298.89298892989,5.0
Super built-up  Area,Hennur Road,1445.0,2.0,2.0,86.69,3.0,5999.307958477509,5.0
Super built-up  Area,Malleshwaram,6500.0,4.0,3.0,1400.0,4.0,21538.46153846154,8.0
Super built-up  Area,Yeshwanthpur,1165.0,2.0,2.0,64.08,2.0,5500.429184549356,4.0
Super built-up  Area,Hormavu,1081.5,2.0,0.0,38.665,2.0,3575.127138233934,4.0
Super built-up  Area,Kothanur,1787.0,3.0,2.0,107.0,3.0,5987.688864017907,6.0
Plot  Area,Mico Layout,3600.0,4.0,2.0,330.0,4.0,9166.666666666666,8.0
Built-up  Area,Electronic City,1020.0,2.0,1.0,29.45,2.0,2887.2549019607845,4.0
Super built-up  Area,Sarjapur  Road,1797.0,4.0,1.0,95.0,3.0,5286.588759042849,7.0
Super built-up  Area,Whitefield,1205.0,2.0,2.0,58.0,2.0,4813.278008298756,4.0
Super built-up  Area,Other,1095.0,2.0,2.0,55.85,2.0,5100.456621004566,4.0
Built-up  Area,Yelahanka,1560.0,2.0,2.0,98.0,3.0,6282.051282051282,5.0
Super built-up  Area,5th Phase JP Nagar,1200.0,2.0,1.0,68.0,2.0,5666.666666666667,4.0
Plot  Area,Rajaji Nagar,1200.0,1.0,1.0,200.0,2.0,16666.666666666668,3.0
Super built-up  Area,Kanakpura Road,1450.0,3.0,2.0,65.0,3.0,4482.758620689655,6.0
Super built-up  Area,Whitefield,1496.0,2.0,1.0,718.0,3.0,47994.65240641711,5.0
Super built-up  Area,Thanisandra,1935.0,4.0,2.0,122.0,3.0,6304.909560723514,7.0
Super built-up  Area,Hosa Road,1016.0,2.0,1.0,45.0,2.0,4429.133858267716,4.0
Super built-up  Area,Jakkur,1816.0,3.0,1.0,119.0,3.0,6552.863436123348,6.0
Super built-up  Area,Hoodi,2065.5,4.0,0.0,91.915,4.0,4450.012103606875,8.0
Super built-up  Area,Kengeri,1220.0,2.0,2.0,63.0,2.0,5163.934426229508,4.0
Plot  Area,Hosur Road,3000.0,4.0,2.0,160.0,4.0,5333.333333333333,8.0
Super built-up  Area,7th Phase JP Nagar,980.0,2.0,1.0,86.0,2.0,8775.510204081633,4.0
Plot  Area,Nagarbhavi,1200.0,4.0,3.0,210.0,4.0,17500.0,8.0
Super built-up  Area,Hormavu,1250.0,2.0,2.0,60.0,2.0,4800.0,4.0
Super built-up  Area,Jakkur,1424.0,2.0,3.0,80.0,2.0,5617.9775280898875,4.0
Built-up  Area,Hennur Road,1297.0,2.0,1.0,49.9,2.0,3847.3400154202004,4.0
Plot  Area,Karuna Nagar,1300.0,3.0,1.0,170.0,3.0,13076.923076923076,6.0
Super built-up  Area,Harlur,1290.0,2.0,1.0,89.9,2.0,6968.992248062015,4.0
Super built-up  Area,Koramangala,1720.0,2.0,1.0,130.0,3.0,7558.139534883721,5.0
Plot  Area,Other,2320.0,2.0,0.0,160.0,3.0,6896.551724137931,5.0
Super built-up  Area,Other,1237.0,3.0,2.0,78.0,3.0,6305.578011317704,6.0
Super built-up  Area,Whitefield,1720.0,3.0,3.0,98.97,3.0,5754.069767441861,6.0
Built-up  Area,Chikkalasandra,1224.0,2.0,2.0,45.0,2.0,3676.470588235294,4.0
Super built-up  Area,Yelahanka,1780.0,3.0,2.0,107.0,3.0,6011.23595505618,6.0
Plot  Area,Seegehalli,4700.0,5.0,3.0,800.0,4.0,17021.27659574468,9.0
Super built-up  Area,Electronics City Phase 1,1800.0,3.0,2.0,93.0,3.0,5166.666666666667,6.0
Super built-up  Area,Budigere,1139.0,2.0,2.0,56.5,2.0,4960.491659350308,4.0
Plot  Area,Other,588.0,1.0,0.0,88.2,1.0,15000.0,2.0
Super built-up  Area,Other,700.0,2.0,1.0,35.0,2.0,5000.0,4.0
Plot  Area,Kengeri,1150.0,1.0,0.0,52.0,1.0,4521.739130434783,2.0
Super built-up  Area,Channasandra,1330.0,2.0,2.0,51.83,3.0,3896.9924812030076,5.0
Super built-up  Area,Old Airport Road,2732.0,4.0,3.0,194.0,4.0,7101.024890190337,8.0
Super built-up  Area,Kodigehaali,965.0,2.0,1.0,38.0,2.0,3937.8238341968913,4.0
Super built-up  Area,Whitefield,1600.0,3.0,2.0,95.0,3.0,5937.5,6.0
Super built-up  Area,Other,1464.0,2.0,2.0,56.0,2.0,3825.136612021858,4.0
Super built-up  Area,Frazer Town,3100.0,3.0,2.0,400.0,3.0,12903.225806451614,6.0
Plot  Area,Other,1840.0,1.0,0.0,95.0,2.0,5163.04347826087,3.0
Super built-up  Area,Gubbalala,1223.0,3.0,2.0,39.14,3.0,3200.3270645952575,6.0
Super built-up  Area,Ramamurthy Nagar,1170.0,2.0,2.0,44.0,2.0,3760.6837606837607,4.0
Super built-up  Area,Old Madras Road,3630.0,6.0,1.0,207.0,4.0,5702.479338842975,10.0
Super built-up  Area,Bellandur,950.0,2.0,2.0,35.0,2.0,3684.2105263157896,4.0
Super built-up  Area,Frazer Town,5400.0,3.0,2.0,400.0,3.0,7407.407407407408,6.0
Super built-up  Area,Electronic City,865.0,2.0,1.0,40.0,2.0,4624.277456647399,4.0
Plot  Area,Other,2400.0,4.0,2.0,89.0,4.0,3708.3333333333335,8.0
Built-up  Area,Lakshminarayana Pura,1169.0,2.0,2.0,75.0,2.0,6415.739948674081,4.0
Built-up  Area,Hormavu,1206.0,2.0,2.0,40.0,2.0,3316.749585406302,4.0
Plot  Area,Other,10961.0,4.0,1.0,80.0,4.0,729.8604141957851,8.0
Super built-up  Area,Lingadheeranahalli,1683.0,3.0,1.0,110.0,3.0,6535.9477124183,6.0
Super built-up  Area,Mico Layout,1250.0,2.0,2.0,44.0,3.0,3520.0,5.0
Super built-up  Area,Green Glen Layout,3150.0,4.0,3.0,218.0,4.0,6920.6349206349205,8.0
Plot  Area,Other,1200.0,2.0,1.0,140.0,4.0,11666.666666666666,6.0
Carpet  Area,Bhoganhalli,1234.6,3.0,1.0,104.0,3.0,8423.780981694477,6.0
Super built-up  Area,Vijayanagar,492.0,1.0,1.0,40.0,1.0,8130.081300813008,2.0
Built-up  Area,Banashankari,600.0,1.0,0.0,27.0,2.0,4500.0,3.0
Super built-up  Area,Kalena Agrahara,1902.0,3.0,2.0,89.0,3.0,4679.2849631966355,6.0
Super built-up  Area,Other,1639.0,3.0,1.0,77.89,3.0,4752.2879804758995,6.0
Super built-up  Area,Kasavanhalli,1214.0,2.0,3.0,67.0,2.0,5518.945634266886,4.0
Plot  Area,Basaveshwara Nagar,2520.0,4.0,1.0,378.0,5.0,15000.0,9.0
Super built-up  Area,Harlur,1386.0,2.0,2.0,85.0,2.0,6132.7561327561325,4.0
Super built-up  Area,Bannerghatta Road,1535.0,3.0,3.0,60.0,3.0,3908.7947882736157,6.0
Super built-up  Area,Marathahalli,1720.0,3.0,2.0,175.0,3.0,10174.418604651162,6.0
Built-up  Area,Bannerghatta Road,1655.0,3.0,3.0,90.0,3.0,5438.0664652567975,6.0
Built-up  Area,Vidyaranyapura,1200.0,2.0,2.0,52.0,2.0,4333.333333333333,4.0
Super built-up  Area,Horamavu Banaswadi,1610.0,3.0,3.0,68.0,3.0,4223.60248447205,6.0
Plot  Area,Ramamurthy Nagar,2200.0,4.0,2.0,130.0,4.0,5909.090909090909,8.0
Super built-up  Area,Mahalakshmi Layout,1105.0,2.0,1.0,80.0,2.0,7239.819004524887,4.0
Plot  Area,Banjara Layout,753.0,3.0,3.0,59.5,2.0,7901.726427622842,5.0
Super built-up  Area,Whitefield,1655.0,3.0,1.0,108.0,3.0,6525.679758308157,6.0
Built-up  Area,Other,1700.0,3.0,1.0,250.0,3.0,14705.882352941177,6.0
Super built-up  Area,Vishwapriya Layout,770.0,2.0,2.0,30.0,2.0,3896.103896103896,4.0
Super built-up  Area,Balagere,1210.0,2.0,1.0,69.0,2.0,5702.479338842975,4.0
Super built-up  Area,Hormavu,965.0,2.0,2.0,37.15,2.0,3849.740932642487,4.0
Super built-up  Area,Kanakpura Road,700.0,1.0,1.0,41.0,2.0,5857.142857142857,3.0
Super built-up  Area,Whitefield,1740.0,3.0,2.0,95.0,3.0,5459.770114942528,6.0
Built-up  Area,Electronic City Phase II,1310.0,2.0,1.0,37.84,3.0,2888.549618320611,5.0
Super built-up  Area,Sarjapur  Road,1763.25,3.0,3.0,98.0,3.0,5557.918616191691,6.0
Super built-up  Area,Basaveshwara Nagar,1900.0,3.0,3.0,150.0,3.0,7894.736842105263,6.0
Super built-up  Area,JP Nagar,1450.0,2.0,2.0,55.0,3.0,3793.103448275862,5.0
Super built-up  Area,CV Raman Nagar,1836.0,3.0,2.0,148.0,3.0,8061.002178649237,6.0
Super built-up  Area,Other,1160.0,2.0,2.0,75.0,2.0,6465.517241379311,4.0
Super built-up  Area,Hennur Road,1153.0,2.0,1.0,43.0,2.0,3729.4015611448394,4.0
Super built-up  Area,Marathahalli,1285.0,2.0,2.0,55.0,2.0,4280.155642023346,4.0
Super built-up  Area,Other,2500.0,3.0,2.0,400.0,3.0,16000.0,6.0
Super built-up  Area,Kadubeesanahalli,1257.0,2.0,1.0,105.0,2.0,8353.221957040572,4.0
Plot  Area,Whitefield,1200.0,3.0,1.0,56.72,3.0,4726.666666666667,6.0
Carpet  Area,Hormavu,583.0,1.0,0.0,28.275,1.0,4849.91423670669,2.0
Super built-up  Area,Tumkur Road,1240.0,2.0,1.0,79.0,3.0,6370.967741935484,5.0
Super built-up  Area,Other,1294.0,2.0,2.0,52.0,3.0,4018.5471406491497,5.0
Super built-up  Area,Other,1095.0,2.0,1.0,45.0,2.0,4109.58904109589,4.0
Super built-up  Area,Electronics City Phase 1,1314.0,2.0,2.0,60.0,2.0,4566.2100456621,4.0
Super built-up  Area,Koramangala,1900.0,2.0,1.0,120.0,3.0,6315.789473684211,5.0
Super built-up  Area,Other,1040.0,2.0,2.0,36.84,2.0,3542.307692307693,4.0
Super built-up  Area,Jakkur,1290.0,2.0,1.0,85.0,2.0,6589.147286821705,4.0
Plot  Area,Kodigehaali,1200.0,4.0,0.0,130.0,4.0,10833.333333333334,8.0
Super built-up  Area,Other,1325.0,2.0,1.0,47.0,3.0,3547.169811320755,5.0
Super built-up  Area,Hormavu,1129.0,2.0,1.0,44.0,2.0,3897.2542072630645,4.0
Super built-up  Area,Balagere,790.5,1.0,0.0,42.295,1.0,5350.411132194813,2.0
Built-up  Area,Hebbal,1075.0,2.0,0.0,52.0,2.0,4837.209302325581,4.0
Super built-up  Area,Other,1108.0,2.0,1.0,48.0,2.0,4332.129963898917,4.0
Built-up  Area,Ananth Nagar,810.0,2.0,1.0,25.5,2.0,3148.1481481481483,4.0
Super built-up  Area,Other,1155.0,2.0,1.0,65.0,2.0,5627.705627705628,4.0
Super built-up  Area,Rajaji Nagar,3900.0,6.0,3.0,260.0,6.0,6666.666666666667,12.0
Super built-up  Area,Rajaji Nagar,2367.0,3.0,3.0,375.0,3.0,15842.839036755386,6.0
Super built-up  Area,Sarjapur  Road,1550.0,2.0,2.0,98.0,3.0,6322.580645161291,5.0
Super built-up  Area,Babusapalaya,1100.0,2.0,2.0,38.0,2.0,3454.5454545454545,4.0
Super built-up  Area,Kanakpura Road,1452.0,3.0,3.0,54.2,3.0,3732.7823691460053,6.0
Super built-up  Area,Kothanur,1141.0,2.0,2.0,54.0,2.0,4732.690622261174,4.0
Super built-up  Area,Other,1464.0,3.0,2.0,56.0,3.0,3825.136612021858,6.0
Super built-up  Area,Other,1500.0,3.0,3.0,67.49,3.0,4499.333333333333,6.0
Super built-up  Area,Anekal,456.0,1.0,1.0,15.0,1.0,3289.4736842105262,2.0
Plot  Area,Ramamurthy Nagar,1200.0,4.0,1.0,125.0,4.0,10416.666666666666,8.0
Built-up  Area,Horamavu Agara,760.0,2.0,2.0,37.49,2.0,4932.894736842105,4.0
Plot  Area,Koramangala,2400.0,6.0,0.0,480.0,6.0,20000.0,12.0
Built-up  Area,Electronic City,800.0,2.0,2.0,32.0,2.0,4000.0,4.0
Super built-up  Area,Choodasandra,1180.0,2.0,1.0,71.22,2.0,6035.593220338983,4.0
Carpet  Area,Kaggadasapura,775.0,2.0,2.0,29.5,2.0,3806.451612903226,4.0
Super built-up  Area,Other,1060.0,2.0,1.0,42.5,2.0,4009.433962264151,4.0
Super built-up  Area,Cooke Town,3900.0,5.0,2.0,415.0,4.0,10641.02564102564,9.0
Super built-up  Area,Yelahanka New Town,1420.0,2.0,1.0,75.0,3.0,5281.69014084507,5.0
Super built-up  Area,Bhoganhalli,2439.0,4.0,3.0,190.0,4.0,7790.077900779008,8.0
Plot  Area,1st Phase JP Nagar,1200.0,4.0,2.0,300.0,4.0,25000.0,8.0
Super built-up  Area,Hoodi,1111.0,2.0,1.0,49.43,2.0,4449.1449144914495,4.0
Built-up  Area,Other,984.0,2.0,2.0,125.0,2.0,12703.252032520326,4.0
Super built-up  Area,Begur Road,1200.0,2.0,2.0,42.0,2.0,3500.0,4.0
Super built-up  Area,Bannerghatta Road,1247.0,2.0,1.0,47.39,2.0,3800.3207698476344,4.0
Super built-up  Area,7th Phase JP Nagar,1050.0,2.0,1.0,77.47,2.0,7378.0952380952385,4.0
Super built-up  Area,Devanahalli,1550.0,3.0,1.0,85.0,3.0,5483.870967741936,6.0
Super built-up  Area,7th Phase JP Nagar,1270.0,2.0,1.0,80.0,2.0,6299.212598425197,4.0
Super built-up  Area,Balagere,1012.0,2.0,1.0,65.0,2.0,6422.924901185771,4.0
Super built-up  Area,Electronic City,970.0,2.0,2.0,34.0,2.0,3505.1546391752577,4.0
Super built-up  Area,Thanisandra,933.0,2.0,1.0,55.0,2.0,5894.962486602358,4.0
Plot  Area,Sarjapur,1200.0,3.0,2.0,76.13,3.0,6344.166666666667,6.0
Super built-up  Area,Other,1148.0,2.0,2.0,69.0,2.0,6010.452961672474,4.0
Super built-up  Area,7th Phase JP Nagar,1463.0,2.0,1.0,61.45,3.0,4200.273410799727,5.0
Super built-up  Area,Other,1719.0,3.0,2.0,110.0,3.0,6399.069226294358,6.0
Super built-up  Area,Whitefield,1350.0,2.0,1.0,88.0,2.0,6518.518518518518,4.0
Built-up  Area,Kaggadasapura,1250.0,2.0,2.0,47.0,3.0,3760.0,5.0
Plot  Area,Mahalakshmi Layout,4320.0,7.0,2.0,821.0,9.0,19004.62962962963,16.0
Built-up  Area,Lakshminarayana Pura,1200.0,2.0,1.0,75.0,2.0,6250.0,4.0
Built-up  Area,Whitefield,1030.0,2.0,2.0,44.0,2.0,4271.844660194175,4.0
Super built-up  Area,Other,1420.0,3.0,3.0,70.0,3.0,4929.577464788732,6.0
Plot  Area,Ramagondanahalli,9600.0,6.0,1.0,1800.0,5.0,18750.0,11.0
Super built-up  Area,Kanakpura Road,1703.0,3.0,2.0,126.0,3.0,7398.7081620669405,6.0
Super built-up  Area,Horamavu Banaswadi,1210.0,2.0,1.0,50.0,2.0,4132.231404958678,4.0
Plot  Area,Other,3000.0,4.0,3.0,264.0,4.0,8800.0,8.0
Super built-up  Area,Other,1398.0,3.0,0.0,51.0,3.0,3648.068669527897,6.0
Super built-up  Area,Nagavarapalya,1335.0,2.0,3.0,110.0,2.0,8239.700374531834,4.0
Super built-up  Area,Babusapalaya,1213.0,2.0,1.0,36.37,3.0,2998.3511953833467,5.0
Super built-up  Area,Raja Rajeshwari Nagar,1240.0,2.0,2.0,42.04,2.0,3390.3225806451615,4.0
Super built-up  Area,Yelahanka,1076.0,2.0,1.0,78.0,2.0,7249.07063197026,4.0
Built-up  Area,Other,1320.0,2.0,3.0,90.0,2.0,6818.181818181818,4.0
Super built-up  Area,Whitefield,1216.0,2.0,1.0,80.0,2.0,6578.9473684210525,4.0
Super built-up  Area,Thanisandra,1100.0,2.0,2.0,42.0,2.0,3818.181818181818,4.0
Super built-up  Area,Thanisandra,1183.0,2.0,1.0,77.3,2.0,6534.234995773458,4.0
Super built-up  Area,Balagere,656.0,1.0,1.0,38.77,1.0,5910.0609756097565,2.0
Super built-up  Area,Sarjapur  Road,534.0,1.0,1.0,19.65,1.0,3679.775280898876,2.0
Super built-up  Area,Other,1285.0,2.0,2.0,45.0,3.0,3501.9455252918287,5.0
Super built-up  Area,Hegde Nagar,2087.01,4.0,2.0,135.0,3.0,6468.584242528785,7.0
Built-up  Area,Other,1161.0,2.0,1.0,59.0,2.0,5081.82601205857,4.0
Built-up  Area,Begur,1306.0,2.0,3.0,65.0,2.0,4977.029096477795,4.0
Super built-up  Area,Jakkur,2249.81,4.0,2.0,245.0,4.0,10889.808472715475,8.0
Built-up  Area,Other,1504.0,3.0,2.0,67.0,3.0,4454.787234042553,6.0
Super built-up  Area,Balagere,645.0,1.0,1.0,39.0,1.0,6046.511627906977,2.0
Plot  Area,Other,1230.0,2.0,0.0,68.0,2.0,5528.455284552845,4.0
Built-up  Area,Hebbal,1100.0,2.0,2.0,42.0,2.0,3818.181818181818,4.0
Super built-up  Area,Yelahanka,1000.0,1.0,0.0,14.0,1.0,1400.0,2.0
Super built-up  Area,Other,1260.0,2.0,1.0,62.0,2.0,4920.6349206349205,4.0
Built-up  Area,Ambalipura,1817.0,3.0,3.0,102.0,3.0,5613.648871766648,6.0
Super built-up  Area,Kodihalli,3626.0,5.0,3.0,785.0,4.0,21649.20022062879,9.0
Super built-up  Area,Basavangudi,1180.0,2.0,3.0,124.0,2.0,10508.474576271186,4.0
Built-up  Area,KR Puram,1050.0,2.0,2.0,55.0,2.0,5238.0952380952385,4.0
Plot  Area,Whitefield,2900.0,4.0,3.0,225.0,4.0,7758.620689655172,8.0
Built-up  Area,Kasavanhalli,2110.0,4.0,3.0,120.0,3.0,5687.203791469195,7.0
Built-up  Area,Mysore Road,500.0,1.0,1.0,17.5,1.0,3500.0,2.0
Super built-up  Area,Murugeshpalya,1930.0,3.0,3.0,75.0,3.0,3886.0103626943005,6.0
Plot  Area,Other,4560.0,5.0,2.0,430.0,4.0,9429.82456140351,9.0
Super built-up  Area,Mahadevpura,1505.0,3.0,2.0,64.0,3.0,4252.491694352159,6.0
Plot  Area,Other,2400.0,3.0,1.0,750.0,4.0,31250.0,7.0
Super built-up  Area,Ananth Nagar,890.0,2.0,1.0,27.0,2.0,3033.7078651685392,4.0
Super built-up  Area,Other,849.0,2.0,2.0,25.4,2.0,2991.7550058892816,4.0
Plot  Area,Chikka Tirupathi,1555.0,3.0,1.0,100.0,3.0,6430.868167202572,6.0
Carpet  Area,KR Puram,1057.0,2.0,2.0,30.0,2.0,2838.2213812677387,4.0
Super built-up  Area,7th Phase JP Nagar,1680.0,3.0,2.0,122.0,3.0,7261.9047619047615,6.0
Built-up  Area,Other,799.0,2.0,1.0,35.0,2.0,4380.475594493117,4.0
Built-up  Area,Sarjapur  Road,1450.0,2.0,1.0,75.0,3.0,5172.413793103448,5.0
Super built-up  Area,Kanakpura Road,1135.0,2.0,1.0,56.74,2.0,4999.1189427312775,4.0
Super built-up  Area,HSR Layout,2020.0,3.0,2.0,160.0,3.0,7920.792079207921,6.0
Super built-up  Area,Other,2700.0,4.0,2.0,170.0,5.0,6296.2962962962965,9.0
Super built-up  Area,Hosa Road,1730.0,3.0,2.0,72.6,3.0,4196.531791907514,6.0
Built-up  Area,Dasarahalli,1950.0,3.0,2.0,125.0,3.0,6410.25641025641,6.0
Super built-up  Area,Other,1077.0,2.0,1.0,34.46,2.0,3199.6285979572885,4.0
Super built-up  Area,Brookefield,1706.0,3.0,2.0,115.0,3.0,6740.914419695194,6.0
Built-up  Area,Other,3000.0,4.0,0.0,300.0,5.0,10000.0,9.0
Super built-up  Area,Channasandra,1093.0,2.0,1.0,37.0,2.0,3385.1784080512352,4.0
Super built-up  Area,Ambalipura,2750.0,4.0,2.0,142.0,4.0,5163.636363636364,8.0
Super built-up  Area,Whitefield,1340.0,2.0,1.0,101.0,2.0,7537.313432835821,4.0
Super built-up  Area,Sarjapur  Road,984.0,2.0,1.0,59.0,2.0,5995.934959349594,4.0
Super built-up  Area,AECS Layout,1135.0,2.0,2.0,68.0,2.0,5991.1894273127755,4.0
Plot  Area,Bannerghatta Road,2400.0,4.0,1.0,344.0,4.0,14333.333333333334,8.0
Super built-up  Area,Varthur,1155.0,2.0,2.0,39.0,2.0,3376.6233766233768,4.0
Super built-up  Area,Kaggalipura,700.0,1.0,0.0,35.0,1.0,5000.0,2.0
Super built-up  Area,Horamavu Agara,1150.0,2.0,1.0,42.0,2.0,3652.1739130434785,4.0
Super built-up  Area,Hormavu,1385.0,2.0,1.0,69.25,3.0,5000.0,5.0
Super built-up  Area,Akshaya Nagar,2061.0,4.0,2.0,175.0,3.0,8491.02377486657,7.0
Super built-up  Area,Kathriguppe,1335.0,2.0,3.0,73.43,3.0,5500.374531835207,5.0
Super built-up  Area,Bellandur,1015.0,2.0,1.0,60.0,2.0,5911.330049261083,4.0
Built-up  Area,Banashankari Stage III,3000.0,6.0,2.0,150.0,6.0,5000.0,12.0
Super built-up  Area,Electronic City,1108.0,2.0,1.0,63.0,2.0,5685.9205776173285,4.0
Super built-up  Area,Frazer Town,1180.0,2.0,1.0,105.0,2.0,8898.305084745763,4.0
Super built-up  Area,Hennur Road,1445.0,2.0,1.0,83.0,3.0,5743.9446366782,5.0
Super built-up  Area,Other,1500.0,2.0,2.0,65.0,2.0,4333.333333333333,4.0
Super built-up  Area,KR Puram,1085.0,2.0,1.0,46.5,2.0,4285.714285714285,4.0
Plot  Area,Kadugodi,2760.0,4.0,2.0,290.0,4.0,10507.246376811594,8.0
Built-up  Area,Sarjapura - Attibele Road,1330.0,2.0,1.0,49.0,3.0,3684.2105263157896,5.0
Plot  Area,Ramagondanahalli,845.0,2.0,1.0,45.82,2.0,5422.485207100592,4.0
Super built-up  Area,Ambalipura,1303.0,2.0,2.0,80.0,2.0,6139.677666922486,4.0
Super built-up  Area,Other,1560.0,2.0,2.0,125.0,3.0,8012.820512820513,5.0
Super built-up  Area,Chandapura,1110.0,2.0,2.0,29.97,3.0,2700.0,5.0
Super built-up  Area,Other,1290.0,3.0,2.0,45.33,3.0,3513.953488372093,6.0
Super built-up  Area,Bannerghatta Road,1237.5,2.0,0.0,49.49,2.0,3999.191919191919,4.0
Super built-up  Area,9th Phase JP Nagar,1780.0,3.0,2.0,88.0,3.0,4943.820224719101,6.0
Super built-up  Area,Budigere,1636.0,3.0,2.0,83.0,3.0,5073.349633251833,6.0
Built-up  Area,Sector 2 HSR Layout,1332.0,2.0,2.0,101.0,2.0,7582.582582582582,4.0
Super built-up  Area,Other,7500.0,5.0,2.0,1500.0,5.0,20000.0,10.0
Built-up  Area,Other,1012.0,2.0,2.0,59.0,2.0,5830.0395256917,4.0
Super built-up  Area,Kengeri,1192.0,2.0,2.0,53.5,2.0,4488.255033557047,4.0
Super built-up  Area,Uttarahalli,1213.0,2.0,2.0,48.0,2.0,3957.131079967024,4.0
Super built-up  Area,Sarjapur  Road,1489.0,3.0,2.0,88.0,3.0,5910.006715916723,6.0
Super built-up  Area,Sarjapur,1200.0,2.0,2.0,62.0,2.0,5166.666666666667,4.0
Super built-up  Area,Electronic City Phase II,1140.0,2.0,2.0,28.5,2.0,2500.0,4.0
Super built-up  Area,Devanahalli,1200.0,2.0,1.0,55.08,3.0,4590.0,5.0
Super built-up  Area,Ananth Nagar,1200.0,2.0,1.0,36.0,2.0,3000.0,4.0
Plot  Area,Vidyaranyapura,2640.0,6.0,1.0,225.0,5.0,8522.727272727272,11.0
Super built-up  Area,Bannerghatta Road,1650.0,3.0,1.0,94.0,3.0,5696.969696969697,6.0
Plot  Area,Other,1245.0,2.0,1.0,120.0,2.0,9638.55421686747,4.0
Super built-up  Area,Ardendale,1224.0,2.0,2.0,67.0,2.0,5473.856209150327,4.0
Super built-up  Area,Gunjur,1235.0,2.0,2.0,52.76,2.0,4272.064777327935,4.0
Super built-up  Area,Yelenahalli,1200.0,2.0,2.0,45.6,2.0,3800.0,4.0
Built-up  Area,Yelahanka,1342.0,2.0,2.0,75.0,3.0,5588.673621460507,5.0
Built-up  Area,TC Palaya,1800.0,2.0,2.0,80.0,2.0,4444.444444444444,4.0
Plot  Area,HAL 2nd Stage,2280.0,4.0,2.0,615.0,4.0,26973.684210526317,8.0
Plot  Area,Rajaji Nagar,2440.0,2.0,0.0,415.0,4.0,17008.196721311477,6.0
Super built-up  Area,Abbigere,1130.0,2.0,1.0,46.33,2.0,4100.0,4.0
Built-up  Area,Somasundara Palya,1186.0,2.0,3.0,72.0,2.0,6070.826306913997,4.0
Super built-up  Area,Hennur,1295.0,2.0,1.0,64.0,2.0,4942.084942084942,4.0
Super built-up  Area,Bannerghatta Road,905.0,2.0,1.0,65.0,2.0,7182.32044198895,4.0
Super built-up  Area,Hormavu,1165.0,2.0,1.0,40.0,2.0,3433.4763948497853,4.0
Super built-up  Area,Kanakpura Road,1328.0,2.0,2.0,107.0,2.0,8057.22891566265,4.0
Super built-up  Area,Other,1485.0,2.0,3.0,110.0,3.0,7407.407407407408,5.0
Super built-up  Area,Uttarahalli,1475.0,2.0,3.0,59.0,3.0,4000.0,5.0
Super built-up  Area,Vidyaranyapura,1175.0,2.0,2.0,35.0,2.0,2978.723404255319,4.0
Super built-up  Area,Rachenahalli,985.0,2.0,1.0,49.97,2.0,5073.096446700508,4.0
Plot  Area,Koramangala,4000.0,5.0,0.0,800.0,5.0,20000.0,10.0
Super built-up  Area,Hoskote,1395.0,2.0,2.0,63.0,3.0,4516.129032258064,5.0
Super built-up  Area,Hoodi,711.0,1.0,0.0,42.65,1.0,5998.5935302391,2.0
Super built-up  Area,Electronic City,630.0,1.0,1.0,40.5,1.0,6428.571428571428,2.0
Super built-up  Area,Other,2400.0,4.0,1.0,88.0,4.0,3666.6666666666665,8.0
Super built-up  Area,Gottigere,1170.0,2.0,2.0,40.0,2.0,3418.803418803419,4.0
Super built-up  Area,Marathahalli,2500.0,5.0,2.0,181.0,4.0,7240.0,9.0
Super built-up  Area,Gubbalala,1100.0,2.0,2.0,49.5,2.0,4500.0,4.0
Super built-up  Area,Hulimavu,3560.0,5.0,3.0,318.0,4.0,8932.58426966292,9.0
Built-up  Area,Bommasandra Industrial Area,1160.0,2.0,1.0,33.51,2.0,2888.793103448276,4.0
Super built-up  Area,Varthur,1180.0,2.0,2.0,55.0,2.0,4661.016949152542,4.0
Super built-up  Area,Tumkur Road,1441.0,2.0,1.0,95.0,3.0,6592.64399722415,5.0
Super built-up  Area,Other,1115.0,2.0,1.0,50.0,2.0,4484.304932735426,4.0
Super built-up  Area,Yeshwanthpur,1825.0,3.0,2.0,145.0,3.0,7945.2054794520545,6.0
Carpet  Area,Other,1489.0,2.0,0.0,101.0,2.0,6783.075889858966,4.0
Super built-up  Area,Other,2800.0,4.0,3.0,365.0,4.0,13035.714285714286,8.0
Super built-up  Area,Subramanyapura,1278.0,3.0,2.0,62.71,3.0,4906.885758998435,6.0
Super built-up  Area,Hormavu,1065.0,2.0,1.0,50.92,2.0,4781.220657276996,4.0
Super built-up  Area,Whitefield,1190.0,2.0,1.0,64.0,2.0,5378.151260504202,4.0
Super built-up  Area,Koramangala,1130.0,2.0,2.0,63.0,2.0,5575.221238938053,4.0
Super built-up  Area,Banashankari,1430.0,2.0,2.0,87.8,2.0,6139.8601398601395,4.0
Built-up  Area,HRBR Layout,1900.0,3.0,1.0,90.0,4.0,4736.8421052631575,7.0
Super built-up  Area,Sarjapur  Road,1104.0,2.0,1.0,34.22,2.0,3099.6376811594205,4.0
Super built-up  Area,Begur Road,1240.0,2.0,2.0,45.88,2.0,3700.0,4.0
Built-up  Area,Choodasandra,1140.0,2.0,2.0,62.0,2.0,5438.596491228071,4.0
Super built-up  Area,Sarjapur,3508.0,6.0,2.0,425.0,4.0,12115.165336374002,10.0
Super built-up  Area,KR Puram,1700.0,3.0,3.0,105.0,3.0,6176.470588235294,6.0
Super built-up  Area,Old Airport Road,2658.0,5.0,3.0,189.0,4.0,7110.609480812641,9.0
Super built-up  Area,Other,1600.0,2.0,1.0,90.0,3.0,5625.0,5.0
Super built-up  Area,OMBR Layout,3400.0,4.0,2.0,275.0,4.0,8088.235294117647,8.0
Super built-up  Area,Other,1508.0,3.0,1.0,75.0,3.0,4973.474801061008,6.0
Built-up  Area,Balagere,645.0,1.0,1.0,41.0,1.0,6356.589147286822,2.0
Super built-up  Area,Hormavu,1046.0,2.0,1.0,60.0,2.0,5736.137667304015,4.0
Built-up  Area,Other,1500.0,1.0,1.0,300.0,1.0,20000.0,2.0
Built-up  Area,Other,3000.0,6.0,3.0,300.0,6.0,10000.0,12.0
Super built-up  Area,Hosa Road,1079.0,2.0,1.0,32.37,2.0,2999.9999999999995,4.0
Super built-up  Area,Thubarahalli,975.0,2.0,1.0,50.0,2.0,5128.205128205128,4.0
Built-up  Area,ISRO Layout,1050.0,2.0,1.0,51.0,2.0,4857.142857142857,4.0
Super built-up  Area,Other,1903.0,3.0,2.0,165.0,3.0,8670.520231213874,6.0
Super built-up  Area,Other,1200.0,2.0,2.0,38.0,2.0,3166.6666666666665,4.0
Super built-up  Area,Other,2996.0,4.0,3.0,200.0,4.0,6675.567423230975,8.0
Built-up  Area,Other,3400.0,4.0,2.0,200.0,4.0,5882.35294117647,8.0
Plot  Area,Whitefield,2000.0,4.0,1.0,312.0,4.0,15600.0,8.0
Plot  Area,Jigani,1453.0,4.0,1.0,160.0,4.0,11011.699931176876,8.0
Super built-up  Area,Other,1092.0,2.0,2.0,43.0,2.0,3937.7289377289376,4.0
Super built-up  Area,Hormavu,1400.0,2.0,0.0,75.0,2.0,5357.142857142857,4.0
Super built-up  Area,Bommanahalli,1416.0,2.0,1.0,85.0,3.0,6002.824858757062,5.0
Built-up  Area,Other,1602.0,2.0,1.0,75.0,3.0,4681.647940074907,5.0
Super built-up  Area,Electronic City,1100.0,2.0,1.0,41.0,2.0,3727.2727272727275,4.0
Super built-up  Area,Kothanur,1760.0,3.0,2.0,110.0,3.0,6250.0,6.0
Super built-up  Area,Marathahalli,3800.0,4.0,3.0,235.0,4.0,6184.210526315789,8.0
Super built-up  Area,Other,1037.0,2.0,1.0,36.28,2.0,3498.553519768563,4.0
Super built-up  Area,Yeshwanthpur,1384.0,2.0,2.0,76.18,3.0,5504.3352601156075,5.0
Super built-up  Area,Other,551.0,1.0,1.0,30.0,1.0,5444.64609800363,2.0
Plot  Area,Indira Nagar,2400.0,5.0,2.0,1250.0,4.0,52083.333333333336,9.0
Plot  Area,7th Phase JP Nagar,500.0,1.0,0.0,70.0,1.0,14000.0,2.0
Super built-up  Area,Sarjapur,900.0,2.0,2.0,27.98,2.0,3108.8888888888887,4.0
Plot  Area,Anandapura,1415.0,2.0,1.0,74.0,3.0,5229.681978798587,5.0
Super built-up  Area,Other,1400.0,2.0,1.0,44.8,2.0,3200.0,4.0
Built-up  Area,Other,2850.0,4.0,3.0,460.0,3.0,16140.350877192983,7.0
Built-up  Area,Kudlu,1030.0,2.0,2.0,75.0,2.0,7281.553398058252,4.0
Built-up  Area,Kambipura,883.0,2.0,1.0,39.0,2.0,4416.761041902605,4.0
Super built-up  Area,Other,550.0,1.0,1.0,16.0,1.0,2909.090909090909,2.0
Super built-up  Area,Anjanapura,1800.0,4.0,2.0,55.0,4.0,3055.5555555555557,8.0
Plot  Area,Other,10000.0,5.0,2.0,1950.0,5.0,19500.0,10.0
Super built-up  Area,Old Madras Road,1210.0,2.0,1.0,77.0,2.0,6363.636363636364,4.0
Plot  Area,Vishveshwarya Layout,2000.0,3.0,0.0,90.0,4.0,4500.0,7.0
Super built-up  Area,Kanakpura Road,1100.0,3.0,1.0,58.0,3.0,5272.727272727273,6.0
Super built-up  Area,Other,1780.0,3.0,1.0,100.0,3.0,5617.9775280898875,6.0
Built-up  Area,Panathur,1050.0,2.0,2.0,60.0,2.0,5714.285714285715,4.0
Super built-up  Area,Hosur Road,1370.0,3.0,3.0,38.36,3.0,2800.0,6.0
Super built-up  Area,Marathahalli,3951.0,4.0,3.0,230.0,4.0,5821.311060491015,8.0
Super built-up  Area,Bellandur,2500.0,4.0,2.0,112.0,3.0,4480.0,7.0
Built-up  Area,Other,1050.0,2.0,1.0,49.5,2.0,4714.285714285715,4.0
Super built-up  Area,Anjanapura,1843.0,3.0,1.0,87.54,3.0,4749.864351600651,6.0
Plot  Area,Other,1200.0,4.0,1.0,175.0,4.0,14583.333333333334,8.0
Super built-up  Area,Somasundara Palya,1186.0,2.0,1.0,76.0,2.0,6408.0944350758855,4.0
Super built-up  Area,Haralur Road,560.0,1.0,1.0,45.0,1.0,8035.714285714285,2.0
Plot  Area,Mahalakshmi Layout,1200.0,3.0,1.0,160.0,4.0,13333.333333333334,7.0
Super built-up  Area,Yelahanka,1823.0,3.0,2.0,103.0,3.0,5650.027427317608,6.0
Built-up  Area,Other,1310.0,3.0,3.0,90.0,3.0,6870.229007633588,6.0
Super built-up  Area,Varthur,1520.0,2.0,2.0,60.0,3.0,3947.3684210526317,5.0
Super built-up  Area,Bhoganhalli,1610.0,3.0,1.0,74.03,3.0,4598.1366459627325,6.0
Plot  Area,Whitefield,1500.0,3.0,1.0,78.57,3.0,5237.999999999999,6.0
Super built-up  Area,LB Shastri Nagar,1400.0,2.0,2.0,80.0,3.0,5714.285714285715,5.0
Super built-up  Area,HRBR Layout,1625.0,3.0,2.0,120.0,3.0,7384.615384615385,6.0
Plot  Area,Chikkalasandra,1500.0,5.0,3.0,265.0,5.0,17666.666666666668,10.0
Built-up  Area,Other,900.0,2.0,1.0,24.0,2.0,2666.6666666666665,4.0
Built-up  Area,Talaghattapura,1100.0,2.0,0.0,32.0,2.0,2909.090909090909,4.0
Super built-up  Area,Bannerghatta Road,1000.0,2.0,1.0,50.0,2.0,5000.0,4.0
Super built-up  Area,Old Airport Road,2774.0,4.0,3.0,197.0,4.0,7101.658255227109,8.0
Super built-up  Area,Yeshwanthpur,994.0,2.0,0.0,54.67,1.0,5500.0,3.0
Super built-up  Area,Kaggadasapura,1455.0,3.0,3.0,75.0,3.0,5154.639175257732,6.0
Built-up  Area,Lakshminarayana Pura,1172.0,2.0,1.0,75.0,2.0,6399.317406143345,4.0
Super built-up  Area,Hennur,1935.0,3.0,2.0,102.0,3.0,5271.3178294573645,6.0
Super built-up  Area,Rachenahalli,1856.0,3.0,3.0,106.0,3.0,5711.206896551724,6.0
Super built-up  Area,Old Airport Road,2392.0,3.0,2.0,249.0,3.0,10409.69899665552,6.0
Super built-up  Area,Uttarahalli,900.0,2.0,2.0,35.0,2.0,3888.8888888888887,4.0
Built-up  Area,Raja Rajeshwari Nagar,1757.0,3.0,3.0,98.0,3.0,5577.689243027889,6.0
Super built-up  Area,Kudlu,1027.0,2.0,2.0,44.0,2.0,4284.323271665044,4.0
Super built-up  Area,Whitefield,1626.0,3.0,3.0,85.0,3.0,5227.552275522755,6.0
Super built-up  Area,Other,1200.0,2.0,1.0,54.0,2.0,4500.0,4.0
Super built-up  Area,Hoodi,1559.0,3.0,1.0,81.55,3.0,5230.917254650417,6.0
Super built-up  Area,Amruthahalli,1190.0,2.0,2.0,50.0,2.0,4201.680672268908,4.0
Super built-up  Area,KR Puram,1200.0,2.0,1.0,72.0,2.0,6000.0,4.0
Super built-up  Area,Harlur,1174.0,2.0,1.0,74.0,2.0,6303.236797274276,4.0
Built-up  Area,Kanakpura Road,1140.0,2.0,1.0,65.0,2.0,5701.754385964912,4.0
Built-up  Area,Other,1603.0,2.0,0.0,125.0,3.0,7797.878976918279,5.0
Super built-up  Area,Subramanyapura,1278.0,3.0,2.0,70.0,3.0,5477.308294209703,6.0
Super built-up  Area,Other,2180.0,3.0,2.0,285.0,3.0,13073.394495412844,6.0
Super built-up  Area,Banashankari Stage III,1085.0,2.0,1.0,50.0,2.0,4608.294930875576,4.0
Super built-up  Area,Whitefield,1195.0,2.0,1.0,61.36,2.0,5134.728033472803,4.0
Plot  Area,Other,450.0,1.0,0.0,30.0,1.0,6666.666666666667,2.0
Super built-up  Area,Rajaji Nagar,6500.0,5.0,2.0,1400.0,4.0,21538.46153846154,9.0
Super built-up  Area,Attibele,550.0,1.0,1.0,11.5,1.0,2090.909090909091,2.0
Super built-up  Area,Kenchenahalli,1165.0,2.0,2.0,45.0,2.0,3862.6609442060085,4.0
Super built-up  Area,Other,3000.0,4.0,2.0,301.0,4.0,10033.333333333334,8.0
Super built-up  Area,Kanakpura Road,1452.0,3.0,3.0,60.0,3.0,4132.231404958678,6.0
Super built-up  Area,Sarjapur  Road,702.0,1.0,1.0,52.0,1.0,7407.407407407408,2.0
Super built-up  Area,Banashankari,1020.0,2.0,1.0,42.83,2.0,4199.019607843137,4.0
Super built-up  Area,Devanahalli,1340.0,2.0,1.0,65.0,2.0,4850.746268656716,4.0
Super built-up  Area,Marathahalli,1125.0,2.0,1.0,54.8,2.0,4871.111111111111,4.0
Super built-up  Area,Other,1160.0,2.0,1.0,40.53,2.0,3493.9655172413795,4.0
Built-up  Area,Vidyaranyapura,1050.0,2.0,1.0,50.0,2.0,4761.9047619047615,4.0
Super built-up  Area,JP Nagar,1960.0,3.0,1.0,138.0,3.0,7040.816326530612,6.0
Built-up  Area,Other,1200.0,3.0,2.0,52.0,2.0,4333.333333333333,5.0
Plot  Area,Judicial Layout,1200.0,4.0,1.0,220.0,3.0,18333.333333333332,7.0
Super built-up  Area,Old Airport Road,3496.0,4.0,2.0,262.0,4.0,7494.279176201373,8.0
Super built-up  Area,Electronic City,975.0,2.0,1.0,32.0,2.0,3282.051282051282,4.0
Super built-up  Area,Kudlu,1700.0,3.0,3.0,125.0,3.0,7352.941176470588,6.0
Built-up  Area,8th Phase JP Nagar,1800.0,4.0,0.0,230.0,4.0,12777.777777777777,8.0
Built-up  Area,Other,1275.0,2.0,3.0,69.0,2.0,5411.764705882353,4.0
Built-up  Area,Yeshwanthpur,650.0,1.0,0.0,40.0,1.0,6153.846153846154,2.0
Super built-up  Area,Kasavanhalli,1495.0,2.0,2.0,110.0,2.0,7357.859531772575,4.0
Super built-up  Area,Hebbal,1200.0,2.0,2.0,48.0,2.0,4000.0,4.0
Plot  Area,Sarjapura - Attibele Road,3750.0,6.0,2.0,295.0,5.0,7866.666666666667,11.0
Super built-up  Area,Hennur Road,1679.0,3.0,2.0,94.86,3.0,5649.791542584872,6.0
Super built-up  Area,Kaval Byrasandra,1450.0,3.0,2.0,75.0,3.0,5172.413793103448,6.0
Super built-up  Area,Balagere,1210.0,2.0,1.0,82.0,2.0,6776.859504132231,4.0
Super built-up  Area,Other,1300.0,2.0,1.0,51.0,3.0,3923.076923076923,5.0
Super built-up  Area,Judicial Layout,1165.0,2.0,1.0,49.61,2.0,4258.369098712446,4.0
Super built-up  Area,Other,1623.0,3.0,3.0,155.0,3.0,9550.215650030807,6.0
Super built-up  Area,Channasandra,1115.0,2.0,1.0,35.8,2.0,3210.7623318385645,4.0
Super built-up  Area,BTM Layout,450.0,1.0,1.0,20.0,1.0,4444.444444444444,2.0
Super built-up  Area,Electronics City Phase 1,1170.0,2.0,1.0,62.0,2.0,5299.145299145299,4.0
Built-up  Area,KR Puram,2065.0,4.0,0.0,248.0,4.0,12009.685230024214,8.0
Built-up  Area,Marathahalli,1700.0,3.0,2.0,126.0,3.0,7411.764705882353,6.0
Super built-up  Area,Malleshpalya,1245.0,2.0,1.0,55.0,2.0,4417.6706827309235,4.0
Built-up  Area,Kanakapura,1017.0,2.0,1.0,66.0,2.0,6489.675516224189,4.0
Super built-up  Area,Sarjapur  Road,1242.0,2.0,1.0,75.0,2.0,6038.647342995169,4.0
Super built-up  Area,Yelahanka,1792.0,3.0,1.0,104.0,3.0,5803.571428571428,6.0
Super built-up  Area,Other,1275.0,3.0,2.0,55.0,3.0,4313.725490196079,6.0
Plot  Area,Other,2400.0,3.0,0.0,408.0,3.0,17000.0,6.0
Super built-up  Area,Electronic City,605.0,1.0,1.0,22.0,1.0,3636.3636363636365,2.0
Plot  Area,HBR Layout,1200.0,4.0,2.0,115.0,4.0,9583.333333333334,8.0
Super built-up  Area,Electronics City Phase 1,1450.0,3.0,2.0,79.0,3.0,5448.275862068966,6.0
Plot  Area,Bommenahalli,1232.0,3.0,1.0,96.0,3.0,7792.207792207792,6.0
Plot  Area,Laggere,1800.0,5.0,0.0,70.0,5.0,3888.8888888888887,10.0
Built-up  Area,Other,900.0,1.0,1.0,52.3,1.0,5811.111111111111,2.0
Super built-up  Area,Kaggadasapura,1200.0,2.0,2.0,40.0,2.0,3333.3333333333335,4.0
Super built-up  Area,Kadugodi,2100.0,3.0,2.0,204.0,4.0,9714.285714285714,7.0
Super built-up  Area,Uttarahalli,1065.0,2.0,1.0,42.6,2.0,4000.0,4.0
Super built-up  Area,Other,1075.0,2.0,1.0,48.38,2.0,4500.46511627907,4.0
Super built-up  Area,Other,780.0,2.0,1.0,31.0,2.0,3974.358974358974,4.0
Super built-up  Area,Ramagondanahalli,1910.0,3.0,2.0,150.0,3.0,7853.4031413612565,6.0
Built-up  Area,Cox Town,1280.0,2.0,1.0,120.0,2.0,9375.0,4.0
Super built-up  Area,Raja Rajeshwari Nagar,1530.0,3.0,2.0,64.0,3.0,4183.006535947712,6.0
Built-up  Area,Bhoganhalli,2439.0,5.0,2.0,170.0,4.0,6970.069700697007,9.0
Super built-up  Area,Other,1088.0,2.0,2.0,43.5,2.0,3998.1617647058824,4.0
Super built-up  Area,Raja Rajeshwari Nagar,1587.0,3.0,1.0,73.8,3.0,4650.283553875236,6.0
Built-up  Area,Kaggadasapura,1045.0,2.0,2.0,55.0,2.0,5263.1578947368425,4.0
Super built-up  Area,Yelahanka,1304.0,2.0,1.0,69.97,2.0,5365.79754601227,4.0
Super built-up  Area,Whitefield,1100.0,2.0,2.0,65.0,2.0,5909.090909090909,4.0
Super built-up  Area,Hennur Road,1482.0,2.0,1.0,68.9,3.0,4649.122807017545,5.0
Built-up  Area,Devanahalli,2125.0,3.0,1.0,107.0,3.0,5035.294117647059,6.0
Super built-up  Area,Other,1194.0,2.0,2.0,45.0,2.0,3768.8442211055276,4.0
Super built-up  Area,Kengeri,1200.0,2.0,3.0,42.0,2.0,3500.0,4.0
Super built-up  Area,Other,1070.0,2.0,2.0,32.99,2.0,3083.177570093458,4.0
Super built-up  Area,Whitefield,1100.0,2.0,1.0,46.5,2.0,4227.272727272727,4.0
Built-up  Area,Whitefield,1270.0,2.0,2.0,65.0,3.0,5118.110236220473,5.0
Super built-up  Area,Other,1000.0,2.0,1.0,31.0,2.0,3100.0,4.0
Super built-up  Area,Vittasandra,1246.0,2.0,1.0,69.0,2.0,5537.720706260032,4.0
Super built-up  Area,Raja Rajeshwari Nagar,1529.0,3.0,3.0,51.77,3.0,3385.8731196860695,6.0
Super built-up  Area,Thanisandra,1185.0,2.0,2.0,42.0,2.0,3544.3037974683543,4.0
Super built-up  Area,Gubbalala,1060.0,2.0,1.0,46.0,2.0,4339.622641509434,4.0
Super built-up  Area,Ananth Nagar,1319.0,3.0,1.0,37.75,3.0,2862.016679302502,6.0
Super built-up  Area,Kaikondrahalli,991.0,2.0,0.0,64.0,2.0,6458.123107971745,4.0
Super built-up  Area,Thanisandra,662.0,1.0,0.0,38.0,1.0,5740.181268882176,2.0
Built-up  Area,Other,1200.0,2.0,1.0,110.0,2.0,9166.666666666666,4.0
Plot  Area,Other,1400.0,2.0,1.0,78.0,3.0,5571.428571428572,5.0
Super built-up  Area,Talaghattapura,1575.0,3.0,2.0,80.0,3.0,5079.3650793650795,6.0
Plot  Area,Hosakerehalli,600.0,2.0,0.0,65.0,2.0,10833.333333333334,4.0
Super built-up  Area,Ananth Nagar,1319.0,3.0,1.0,42.0,3.0,3184.230477634572,6.0
Plot  Area,Brookefield,2000.0,3.0,2.0,300.0,3.0,15000.0,6.0
Super built-up  Area,Electronics City Phase 1,940.0,2.0,1.0,48.0,2.0,5106.382978723404,4.0
Super built-up  Area,Bharathi Nagar,1349.0,2.0,2.0,56.7,2.0,4203.113417346182,4.0
Built-up  Area,Whitefield,3117.0,3.0,2.0,261.0,3.0,8373.435996150145,6.0
Super built-up  Area,HSR Layout,1844.0,3.0,3.0,95.0,3.0,5151.843817787419,6.0
Super built-up  Area,Sarjapur  Road,2275.0,4.0,2.0,185.0,3.0,8131.868131868132,7.0
Super built-up  Area,Varthur Road,1140.0,2.0,2.0,49.11,2.0,4307.894736842105,4.0
Plot  Area,Banjara Layout,900.0,3.0,1.0,79.0,3.0,8777.777777777777,6.0
Super built-up  Area,Other,2648.0,3.0,3.0,238.0,3.0,8987.915407854985,6.0
Plot  Area,Judicial Layout,5400.0,4.0,2.0,700.0,5.0,12962.962962962964,9.0
Super built-up  Area,Banashankari,1372.0,2.0,2.0,48.02,3.0,3500.0,5.0
Built-up  Area,Other,1455.0,2.0,1.0,45.0,3.0,3092.783505154639,5.0
Super built-up  Area,Hebbal,1100.0,2.0,2.0,38.0,2.0,3454.5454545454545,4.0
Super built-up  Area,Other,1475.0,3.0,1.0,80.0,3.0,5423.728813559322,6.0
Super built-up  Area,Nagavarapalya,1788.0,3.0,1.0,164.0,3.0,9172.259507829978,6.0
Super built-up  Area,Kudlu Gate,1850.0,3.0,2.0,120.0,3.0,6486.486486486487,6.0
Super built-up  Area,Marathahalli,1315.0,2.0,2.0,60.0,3.0,4562.737642585551,5.0
Super built-up  Area,Other,1721.0,3.0,2.0,93.0,3.0,5403.834979662986,6.0
Super built-up  Area,Sonnenahalli,1059.0,2.0,1.0,62.0,2.0,5854.579792256846,4.0
Built-up  Area,Kadubeesanahalli,1184.0,2.0,1.0,55.0,2.0,4645.27027027027,4.0
Super built-up  Area,Koramangala,2223.0,3.0,2.0,300.0,3.0,13495.27665317139,6.0
Built-up  Area,Other,1480.0,3.0,2.0,75.0,3.0,5067.5675675675675,6.0
Super built-up  Area,Kodigehalli,635.0,1.0,1.0,28.0,2.0,4409.4488188976375,3.0
Plot  Area,Other,2400.0,2.0,1.0,228.0,2.0,9500.0,4.0
Built-up  Area,JP Nagar,1500.0,2.0,0.0,87.0,4.0,5800.0,6.0
Super built-up  Area,Hosa Road,1143.0,2.0,1.0,34.2,2.0,2992.125984251969,4.0
Plot  Area,Sarjapur  Road,3200.0,4.0,1.0,350.0,4.0,10937.5,8.0
Plot  Area,Kanakpura Road,3170.0,4.0,3.0,250.0,4.0,7886.435331230284,8.0
Built-up  Area,Other,4800.0,4.0,3.0,420.0,4.0,8750.0,8.0
Super built-up  Area,Kothannur,1485.0,2.0,2.0,59.4,3.0,4000.0,5.0
Super built-up  Area,Rajaji Nagar,1640.0,3.0,2.0,251.0,3.0,15304.878048780487,6.0
Super built-up  Area,Hennur,1655.0,2.0,1.0,70.5,3.0,4259.818731117824,5.0
Super built-up  Area,Other,900.0,2.0,2.0,41.0,2.0,4555.555555555556,4.0
Built-up  Area,Other,1163.0,2.0,2.0,68.0,2.0,5846.947549441101,4.0
Super built-up  Area,Hennur Road,1654.0,3.0,2.0,97.8,3.0,5912.938331318017,6.0
Super built-up  Area,Other,801.0,1.0,0.0,33.645,1.0,4200.374531835207,2.0
Built-up  Area,Other,2100.0,3.0,1.0,1000.0,4.0,47619.04761904762,7.0
Super built-up  Area,Bellandur,1685.0,3.0,3.0,101.0,3.0,5994.06528189911,6.0
Built-up  Area,Banashankari,1540.0,3.0,3.0,80.0,3.0,5194.805194805195,6.0
Super built-up  Area,Thanisandra,1265.0,2.0,1.0,72.0,2.0,5691.699604743083,4.0
Super built-up  Area,Kasavanhalli,1200.0,2.0,3.0,38.4,3.0,3200.0,5.0
Built-up  Area,Other,1300.0,2.0,1.0,80.0,3.0,6153.846153846154,5.0
Super built-up  Area,Sultan Palaya,1009.0,2.0,1.0,65.0,2.0,6442.021803766105,4.0
Super built-up  Area,Other,1540.0,3.0,2.0,65.0,3.0,4220.779220779221,6.0
Built-up  Area,Bellandur,1735.0,3.0,3.0,105.0,3.0,6051.873198847262,6.0
Plot  Area,HSR Layout,2500.0,4.0,3.0,300.0,4.0,12000.0,8.0
Super built-up  Area,Hosakerehalli,2480.0,4.0,1.0,265.0,3.0,10685.483870967742,7.0
Built-up  Area,Electronic City,1142.0,2.0,0.0,35.0,2.0,3064.7985989492117,4.0
Super built-up  Area,Other,1215.0,2.0,2.0,46.8,3.0,3851.8518518518517,5.0
Super built-up  Area,Electronic City,1070.0,2.0,1.0,48.0,2.0,4485.981308411215,4.0
Super built-up  Area,Electronic City Phase II,1125.0,2.0,1.0,32.49,2.0,2888.0,4.0
Built-up  Area,Bommasandra Industrial Area,1125.0,2.0,1.0,32.49,2.0,2888.0,4.0
Super built-up  Area,Kasavanhalli,1575.0,2.0,3.0,85.0,2.0,5396.825396825397,4.0
Super built-up  Area,Hosa Road,1360.0,2.0,1.0,77.61,2.0,5706.617647058823,4.0
Super built-up  Area,Haralur Road,1710.0,3.0,2.0,85.0,3.0,4970.7602339181285,6.0
Super built-up  Area,Electronic City Phase II,1200.0,2.0,1.0,34.65,2.0,2887.5,4.0
Super built-up  Area,Bannerghatta Road,2185.0,3.0,3.0,120.0,4.0,5491.990846681922,7.0
Built-up  Area,Other,2400.0,4.0,3.0,135.0,4.0,5625.0,8.0
Super built-up  Area,Banashankari,1195.0,2.0,1.0,35.84,2.0,2999.1631799163183,4.0
Super built-up  Area,Bannerghatta Road,1012.0,2.0,1.0,45.0,2.0,4446.640316205534,4.0
Super built-up  Area,Other,998.0,2.0,2.0,65.0,2.0,6513.026052104208,4.0
Plot  Area,Doddaballapur,2400.0,3.0,1.0,250.0,3.0,10416.666666666666,6.0
Super built-up  Area,7th Phase JP Nagar,1130.0,2.0,2.0,85.0,2.0,7522.123893805309,4.0
Super built-up  Area,Koramangala,1744.0,4.0,1.0,210.0,3.0,12041.284403669724,7.0
Super built-up  Area,Rajaji Nagar,2733.0,5.0,2.0,259.0,4.0,9476.765459202341,9.0
Super built-up  Area,Karuna Nagar,1354.0,2.0,1.0,98.0,3.0,7237.81388478582,5.0
Plot  Area,Other,3300.0,9.0,2.0,450.0,10.0,13636.363636363636,19.0
Super built-up  Area,Brookefield,1389.0,2.0,2.0,94.0,2.0,6767.458603311735,4.0
Plot  Area,Sarjapur,2970.0,3.0,3.0,130.0,4.0,4377.104377104377,7.0
Super built-up  Area,Cooke Town,2560.0,4.0,2.0,310.0,3.0,12109.375,7.0
Super built-up  Area,Lakshminarayana Pura,1172.0,2.0,2.0,75.0,2.0,6399.317406143345,4.0
Super built-up  Area,Kaggadasapura,1495.0,3.0,2.0,60.0,3.0,4013.3779264214045,6.0
Super built-up  Area,Varthur,1738.0,2.0,1.0,57.35,2.0,3299.7698504027617,4.0
Super built-up  Area,Dodda Nekkundi,1315.0,2.0,2.0,50.0,2.0,3802.2813688212927,4.0
Super built-up  Area,Marathahalli,1270.0,2.0,3.0,73.0,2.0,5748.031496062992,4.0
Super built-up  Area,Electronic City Phase II,1160.0,2.0,1.0,52.2,2.0,4500.0,4.0
Super built-up  Area,Raja Rajeshwari Nagar,1450.0,2.0,1.0,67.0,3.0,4620.689655172414,5.0
Built-up  Area,Rayasandra,470.0,1.0,1.0,21.0,1.0,4468.085106382979,2.0
Built-up  Area,Other,1040.0,2.0,2.0,78.0,2.0,7500.0,4.0
Super built-up  Area,Sarjapur,1205.0,2.0,2.0,29.0,2.0,2406.639004149378,4.0
Super built-up  Area,Other,1215.0,2.0,3.0,50.0,3.0,4115.22633744856,5.0
Super built-up  Area,Whitefield,1135.0,2.0,2.0,58.0,2.0,5110.132158590309,4.0
Super built-up  Area,8th Phase JP Nagar,1224.0,2.0,2.0,48.95,3.0,3999.1830065359477,5.0
Built-up  Area,Budigere,664.0,1.0,1.0,34.0,1.0,5120.481927710844,2.0
Super built-up  Area,Electronic City,1160.0,2.0,2.0,42.0,3.0,3620.689655172414,5.0
Plot  Area,Babusapalaya,1200.0,2.0,0.0,105.0,2.0,8750.0,4.0
Built-up  Area,Bommasandra Industrial Area,1220.0,2.0,1.0,35.2,3.0,2885.2459016393445,5.0
Super built-up  Area,Bharathi Nagar,1328.0,2.0,2.0,69.0,2.0,5195.78313253012,4.0
Super built-up  Area,Other,975.0,2.0,2.0,45.0,2.0,4615.384615384615,4.0
Built-up  Area,Other,1907.0,2.0,1.0,200.0,3.0,10487.676979549029,5.0
Built-up  Area,Malleshwaram,900.0,2.0,1.0,72.0,2.0,8000.0,4.0
Super built-up  Area,Other,1330.0,2.0,2.0,80.0,2.0,6015.037593984963,4.0
Super built-up  Area,Rajiv Nagar,2330.0,5.0,1.0,175.0,4.0,7510.729613733905,9.0
Built-up  Area,Munnekollal,1222.0,3.0,2.0,95.0,3.0,7774.140752864158,6.0
Plot  Area,Other,4446.0,3.0,2.0,410.0,3.0,9221.772379667116,6.0
Super built-up  Area,Sarjapur  Road,2100.0,3.0,1.0,135.0,3.0,6428.571428571428,6.0
Super built-up  Area,Sarjapur  Road,3335.0,4.0,3.0,290.0,4.0,8695.652173913044,8.0
Built-up  Area,Whitefield,3150.0,3.0,1.0,290.0,3.0,9206.349206349207,6.0
Plot  Area,Other,1320.0,2.0,1.0,95.0,3.0,7196.969696969697,5.0
Plot  Area,Other,8000.0,5.0,3.0,550.0,5.0,6875.0,10.0
Plot  Area,Hennur Road,2400.0,5.0,3.0,500.0,4.0,20833.333333333332,9.0
Plot  Area,Hosur Road,2000.0,4.0,1.0,130.0,4.0,6500.0,8.0
Super built-up  Area,Electronic City Phase II,1244.0,2.0,1.0,55.0,2.0,4421.221864951768,4.0
Super built-up  Area,Other,1000.0,2.0,1.0,50.0,2.0,5000.0,4.0
Super built-up  Area,Other,1400.0,3.0,2.0,45.0,3.0,3214.285714285714,6.0
Super built-up  Area,Other,1000.0,2.0,2.0,35.0,2.0,3500.0,4.0
Plot  Area,Rajaji Nagar,1056.0,1.0,0.0,250.0,2.0,23674.242424242424,3.0
Super built-up  Area,Hebbal,2630.0,5.0,0.0,188.0,4.0,7148.28897338403,9.0
Super built-up  Area,Other,1225.0,2.0,2.0,48.0,2.0,3918.3673469387754,4.0
Super built-up  Area,Hebbal,2790.0,5.0,3.0,198.0,4.0,7096.774193548387,9.0
Super built-up  Area,Indira Nagar,2800.0,4.0,3.0,365.0,4.0,13035.714285714286,8.0
Super built-up  Area,Seegehalli,1683.0,3.0,3.0,80.0,3.0,4753.416518122401,6.0
Built-up  Area,Yelahanka,1250.0,2.0,2.0,54.0,2.0,4320.0,4.0
Super built-up  Area,Hennur Road,1305.0,2.0,1.0,110.0,3.0,8429.11877394636,5.0
Plot  Area,Sarjapur  Road,3009.0,3.0,1.0,331.0,3.0,11000.33233632436,6.0
Super built-up  Area,Kaggalipura,1150.0,2.0,1.0,57.5,3.0,5000.0,5.0
Built-up  Area,Kaggadasapura,1654.0,3.0,3.0,70.0,3.0,4232.1644498186215,6.0
Carpet  Area,Other,4500.0,3.0,0.0,225.0,4.0,5000.0,7.0
Super built-up  Area,Kadugodi,1890.0,4.0,3.0,125.0,3.0,6613.756613756614,7.0
Super built-up  Area,Kasavanhalli,1069.0,2.0,2.0,55.0,2.0,5144.9953227315245,4.0
Super built-up  Area,Chandapura,750.0,1.0,1.0,18.5,2.0,2466.6666666666665,3.0
Built-up  Area,Hormavu,2400.0,3.0,1.0,177.0,3.0,7375.0,6.0
Plot  Area,Koramangala,1410.0,2.0,0.0,280.0,4.0,19858.156028368794,6.0
Super built-up  Area,7th Phase JP Nagar,1680.0,3.0,3.0,130.0,3.0,7738.0952380952385,6.0
Super built-up  Area,Other,3500.0,4.0,2.0,500.0,3.0,14285.714285714286,7.0
Super built-up  Area,Sarjapur  Road,1700.0,3.0,2.0,93.5,3.0,5500.0,6.0
Plot  Area,Other,2200.0,2.0,0.0,150.0,4.0,6818.181818181818,6.0
Super built-up  Area,Thanisandra,1595.0,3.0,1.0,105.0,3.0,6583.0721003134795,6.0
Super built-up  Area,Hennur Road,1480.0,3.0,2.0,100.0,3.0,6756.756756756757,6.0
Plot  Area,Other,1092.0,3.0,1.0,95.0,3.0,8699.6336996337,6.0
Super built-up  Area,Koramangala,1866.0,4.0,2.0,245.0,3.0,13129.689174705252,7.0
Super built-up  Area,Hebbal,3895.0,3.0,2.0,390.0,3.0,10012.836970474968,6.0
Super built-up  Area,Banashankari,1683.0,3.0,2.0,115.0,3.0,6833.036244800951,6.0
Super built-up  Area,Banaswadi,1340.0,2.0,2.0,73.0,2.0,5447.761194029851,4.0
Built-up  Area,Other,1100.0,3.0,2.0,53.0,3.0,4818.181818181818,6.0
Plot  Area,Akshaya Nagar,2000.0,1.0,0.0,200.0,1.0,10000.0,2.0
Super built-up  Area,Whitefield,1185.0,2.0,2.0,56.0,2.0,4725.738396624472,4.0
Super built-up  Area,Haralur Road,1730.0,3.0,1.0,95.0,3.0,5491.329479768786,6.0
Super built-up  Area,Hennur Road,1450.0,3.0,1.0,88.6,3.0,6110.3448275862065,6.0
Super built-up  Area,Sarjapur  Road,1862.0,4.0,1.0,110.0,3.0,5907.626208378088,7.0
Plot  Area,Sarjapur  Road,4000.0,5.0,1.0,578.0,4.0,14450.0,9.0
Built-up  Area,Old Madras Road,2430.0,5.0,2.0,180.0,3.0,7407.407407407408,8.0
Super built-up  Area,Hoodi,863.0,1.0,0.0,40.55,1.0,4698.725376593278,2.0
Super built-up  Area,Other,1170.0,2.0,3.0,50.0,2.0,4273.504273504273,4.0
Super built-up  Area,Other,1075.0,2.0,2.0,50.0,2.0,4651.162790697675,4.0
Super built-up  Area,Kodichikkanahalli,1060.0,2.0,1.0,34.0,2.0,3207.5471698113206,4.0
Super built-up  Area,Sarjapur,850.0,2.0,2.0,32.0,2.0,3764.705882352941,4.0
Super built-up  Area,Other,935.0,2.0,1.0,45.9,2.0,4909.090909090909,4.0
Built-up  Area,Gollarapalya Hosahalli,1905.0,3.0,2.0,86.0,4.0,4514.435695538058,7.0
Built-up  Area,Other,2000.0,6.0,3.0,300.0,6.0,15000.0,12.0
Built-up  Area,Chikkabanavar,1500.0,4.0,1.0,105.0,4.0,7000.0,8.0
Built-up  Area,Bannerghatta Road,1725.0,3.0,3.0,85.0,3.0,4927.536231884058,6.0
Super built-up  Area,Other,1120.0,2.0,3.0,36.0,2.0,3214.285714285714,4.0
Super built-up  Area,Brookefield,1750.0,2.0,2.0,75.0,3.0,4285.714285714285,5.0
Super built-up  Area,7th Phase JP Nagar,2000.0,3.0,2.0,77.0,3.0,3850.0,6.0
Built-up  Area,Koramangala,1745.0,3.0,3.0,98.0,3.0,5616.045845272206,6.0
Super built-up  Area,Uttarahalli,1270.0,2.0,2.0,55.25,3.0,4350.393700787402,5.0
Super built-up  Area,Iblur Village,5384.0,5.0,3.0,420.0,5.0,7800.891530460624,10.0
Super built-up  Area,Sahakara Nagar,1180.0,2.0,2.0,72.0,2.0,6101.6949152542375,4.0
Built-up  Area,Other,1130.0,2.0,1.0,75.0,2.0,6637.168141592921,4.0
Super built-up  Area,Ardendale,1723.0,3.0,2.0,95.0,3.0,5513.6390017411495,6.0
Built-up  Area,Mysore Road,1175.0,2.0,2.0,70.5,2.0,6000.0,4.0
Super built-up  Area,Ambalipura,1607.0,2.0,2.0,112.0,3.0,6969.508400746733,5.0
Built-up  Area,Other,1334.0,2.0,1.0,62.0,2.0,4647.67616191904,4.0
Built-up  Area,Vishwapriya Layout,2800.0,5.0,3.0,130.0,5.0,4642.857142857143,10.0
Super built-up  Area,Bannerghatta,1113.0,2.0,1.0,70.0,2.0,6289.308176100629,4.0
Built-up  Area,9th Phase JP Nagar,1300.0,2.0,2.0,58.0,3.0,4461.538461538462,5.0
Plot  Area,Judicial Layout,2400.0,4.0,2.0,350.0,4.0,14583.333333333334,8.0
Built-up  Area,Sahakara Nagar,1200.0,2.0,2.0,60.0,2.0,5000.0,4.0
Super built-up  Area,Other,1900.0,3.0,2.0,190.0,3.0,10000.0,6.0
Super built-up  Area,Jakkur,5150.0,4.0,3.0,559.0,4.0,10854.368932038835,8.0
Super built-up  Area,Whitefield,2956.0,5.0,2.0,234.0,4.0,7916.102841677944,9.0
Super built-up  Area,Panathur,1398.0,2.0,1.0,97.0,2.0,6938.483547925608,4.0
Plot  Area,Margondanahalli,1152.0,1.0,0.0,66.0,2.0,5729.166666666667,3.0
Plot  Area,Other,1200.0,5.0,2.0,325.0,4.0,27083.333333333332,9.0
Super built-up  Area,Nagavara,1110.0,2.0,2.0,44.95,2.0,4049.5495495495497,4.0
Built-up  Area,Devarachikkanahalli,1116.0,2.0,1.0,47.0,2.0,4211.469534050179,4.0
Super built-up  Area,Babusapalaya,1061.0,2.0,1.0,33.84,2.0,3189.4439208294066,4.0
Super built-up  Area,Malleshwaram,620.0,1.0,1.0,86.8,1.0,14000.0,2.0
Built-up  Area,Yelahanka,1270.0,2.0,2.0,57.0,2.0,4488.188976377953,4.0
Super built-up  Area,Other,966.0,2.0,2.0,50.0,2.0,5175.983436853002,4.0
Plot  Area,Other,1200.0,4.0,1.0,110.0,4.0,9166.666666666666,8.0
Plot  Area,Kodigehalli,1320.0,4.0,3.0,249.0,4.0,18863.636363636364,8.0
Super built-up  Area,Iblur Village,3596.0,5.0,1.0,297.0,4.0,8259.176863181312,9.0
Super built-up  Area,Other,1630.0,3.0,2.0,131.0,3.0,8036.80981595092,6.0
Super built-up  Area,Amruthahalli,1202.0,2.0,1.0,65.0,2.0,5407.65391014975,4.0
Plot  Area,Other,1200.0,4.0,2.0,250.0,4.0,20833.333333333332,8.0
Built-up  Area,Jakkur,1300.0,2.0,2.0,80.0,2.0,6153.846153846154,4.0
Super built-up  Area,Electronic City,1360.0,2.0,1.0,70.0,3.0,5147.058823529412,5.0
Super built-up  Area,Hennur Road,1155.0,2.0,1.0,69.18,2.0,5989.6103896103905,4.0
Super built-up  Area,Hosakerehalli,2378.0,3.0,1.0,310.0,3.0,13036.164844407065,6.0
Super built-up  Area,Hulimavu,1011.0,2.0,2.0,38.0,2.0,3758.6547972304647,4.0
Built-up  Area,HSR Layout,1203.0,2.0,2.0,72.0,2.0,5985.037406483791,4.0
Super built-up  Area,Hebbal,1645.0,3.0,2.0,113.0,3.0,6869.300911854103,6.0
Super built-up  Area,Horamavu Agara,1364.0,2.0,3.0,50.0,3.0,3665.689149560117,5.0
Built-up  Area,Other,1050.0,2.0,2.0,41.0,1.0,3904.7619047619046,3.0
Super built-up  Area,Kothanur,1365.0,3.0,3.0,66.0,3.0,4835.1648351648355,6.0
Super built-up  Area,Jigani,1252.0,3.0,3.0,70.0,3.0,5591.054313099042,6.0
Built-up  Area,Panathur,1065.0,2.0,1.0,58.0,2.0,5446.0093896713615,4.0
Super built-up  Area,Uttarahalli,1270.0,2.0,1.0,55.25,3.0,4350.393700787402,5.0
Built-up  Area,Sahakara Nagar,1032.0,2.0,2.0,45.0,2.0,4360.46511627907,4.0
Super built-up  Area,Frazer Town,2900.0,4.0,2.0,325.0,4.0,11206.896551724138,8.0
Super built-up  Area,Sector 2 HSR Layout,1515.0,2.0,3.0,69.0,3.0,4554.455445544554,5.0
Super built-up  Area,Other,1427.0,2.0,2.0,52.0,2.0,3644.008409250175,4.0
Super built-up  Area,Magadi Road,940.0,2.0,2.0,50.0,2.0,5319.148936170212,4.0
Super built-up  Area,Bannerghatta Road,1460.0,2.0,2.0,80.0,3.0,5479.45205479452,5.0
Super built-up  Area,Sarjapur  Road,2275.0,4.0,2.0,175.0,3.0,7692.307692307692,7.0
Super built-up  Area,9th Phase JP Nagar,1522.0,3.0,2.0,90.0,3.0,5913.272010512484,6.0
Plot  Area,Other,3210.0,4.0,2.0,380.0,3.0,11838.006230529594,7.0
Super built-up  Area,Thanisandra,1185.0,2.0,2.0,42.67,2.0,3600.84388185654,4.0
Super built-up  Area,Other,5425.0,13.0,0.0,275.0,13.0,5069.124423963133,26.0
Built-up  Area,Banashankari,1800.0,3.0,2.0,125.0,3.0,6944.444444444444,6.0
Super built-up  Area,Electronics City Phase 1,940.0,2.0,1.0,44.0,2.0,4680.851063829788,4.0
Plot  Area,Other,1200.0,4.0,2.0,135.0,4.0,11250.0,8.0
Super built-up  Area,Marathahalli,1530.0,3.0,2.0,71.0,3.0,4640.522875816993,6.0
Built-up  Area,Other,1050.0,2.0,1.0,48.0,2.0,4571.428571428572,4.0
Super built-up  Area,Subramanyapura,929.0,2.0,2.0,49.0,2.0,5274.48869752422,4.0
Built-up  Area,Banjara Layout,3750.0,5.0,3.0,145.0,4.0,3866.6666666666665,9.0
Super built-up  Area,Whitefield,1530.0,3.0,3.0,75.0,3.0,4901.9607843137255,6.0
Plot  Area,Other,900.0,2.0,1.0,48.0,2.0,5333.333333333333,4.0
Super built-up  Area,Other,978.0,2.0,1.0,34.22,2.0,3498.9775051124743,4.0
Built-up  Area,Other,4041.0,4.0,2.0,345.0,4.0,8537.490720118782,8.0
Super built-up  Area,Ambalipura,770.0,1.0,2.0,43.82,1.0,5690.909090909091,2.0
Built-up  Area,Kaval Byrasandra,1066.0,2.0,3.0,55.0,2.0,5159.474671669794,4.0
Super built-up  Area,Electronic City,635.0,1.0,0.0,28.0,1.0,4409.4488188976375,2.0
Super built-up  Area,Whitefield,1015.0,2.0,1.0,45.0,2.0,4433.4975369458125,4.0
Built-up  Area,Hebbal,1175.0,2.0,0.0,54.05,2.0,4600.0,4.0
Plot  Area,Chikkabanavar,1200.0,4.0,2.0,130.0,4.0,10833.333333333334,8.0
Super built-up  Area,Vidyaranyapura,1188.0,2.0,1.0,50.0,2.0,4208.754208754209,4.0
Plot  Area,Indira Nagar,2400.0,5.0,2.0,700.0,5.0,29166.666666666668,10.0
Super built-up  Area,Other,620.0,1.0,1.0,25.0,1.0,4032.2580645161293,2.0
Built-up  Area,Other,1210.0,2.0,0.0,75.0,2.0,6198.347107438017,4.0
Plot  Area,Attibele,1000.0,3.0,1.0,90.0,3.0,9000.0,6.0
Super built-up  Area,Rajaji Nagar,1500.0,2.0,2.0,99.0,3.0,6600.0,5.0
Plot  Area,Electronic City,1800.0,3.0,2.0,190.0,4.0,10555.555555555555,7.0
Super built-up  Area,Thanisandra,1185.0,2.0,2.0,43.66,2.0,3684.3881856540083,4.0
Built-up  Area,Basavangudi,1600.0,3.0,3.0,130.0,3.0,8125.0,6.0
Super built-up  Area,Gottigere,1100.0,2.0,1.0,28.0,2.0,2545.4545454545455,4.0
Super built-up  Area,Yelahanka,1300.0,2.0,2.0,69.23,2.0,5325.384615384615,4.0
Super built-up  Area,Kasavanhalli,1100.0,2.0,1.0,68.0,2.0,6181.818181818182,4.0
Super built-up  Area,Ambalipura,860.0,2.0,1.0,28.93,2.0,3363.953488372093,4.0
Super built-up  Area,Panathur,1007.0,2.0,1.0,64.0,2.0,6355.511420059583,4.0
Super built-up  Area,Akshaya Nagar,1100.0,2.0,2.0,48.0,2.0,4363.636363636364,4.0
Super built-up  Area,Whitefield,1187.0,2.0,1.0,38.0,2.0,3201.3479359730413,4.0
Super built-up  Area,R.T. Nagar,1150.0,2.0,2.0,72.0,2.0,6260.869565217391,4.0
Super built-up  Area,Nagavara,2400.0,3.0,2.0,252.0,3.0,10500.0,6.0
Super built-up  Area,Other,1180.0,2.0,3.0,41.94,2.0,3554.237288135593,4.0
Super built-up  Area,Budigere,1820.0,3.0,2.0,85.2,3.0,4681.318681318681,6.0
Super built-up  Area,KR Puram,3628.0,4.0,1.0,246.0,4.0,6780.595369349504,8.0
Built-up  Area,Other,1430.0,3.0,2.0,70.0,3.0,4895.104895104895,6.0
Super built-up  Area,Kanakpura Road,700.0,2.0,1.0,40.0,2.0,5714.285714285715,4.0
Plot  Area,Other,1200.0,1.0,0.0,70.0,2.0,5833.333333333333,3.0
Super built-up  Area,Old Madras Road,1165.0,2.0,1.0,40.77,2.0,3499.570815450644,4.0
Super built-up  Area,Jalahalli,1569.0,3.0,2.0,118.0,3.0,7520.713830465264,6.0
Super built-up  Area,Other,1950.0,4.0,3.0,95.0,3.0,4871.794871794872,7.0
Plot  Area,Other,1200.0,3.0,1.0,70.0,2.0,5833.333333333333,5.0
Super built-up  Area,Yelahanka New Town,2437.0,3.0,2.0,125.0,3.0,5129.257283545343,6.0
Super built-up  Area,Marathahalli,950.0,2.0,2.0,46.7,2.0,4915.789473684211,4.0
Built-up  Area,Bellandur,1685.0,3.0,3.0,115.0,3.0,6824.925816023739,6.0
Super built-up  Area,Green Glen Layout,3270.0,4.0,3.0,205.0,4.0,6269.113149847095,8.0
Super built-up  Area,Sarjapur  Road,1314.0,2.0,2.0,110.0,2.0,8371.38508371385,4.0
Super built-up  Area,Other,1250.0,3.0,2.0,40.0,3.0,3200.0,6.0
Built-up  Area,Other,1130.0,2.0,2.0,68.0,2.0,6017.699115044248,4.0
Super built-up  Area,Whitefield,2247.0,3.0,2.0,145.0,3.0,6453.048509123276,6.0
Super built-up  Area,Marathahalli,1550.0,3.0,2.0,85.0,3.0,5483.870967741936,6.0
Super built-up  Area,Hoodi,1715.0,2.0,2.0,100.0,3.0,5830.903790087464,5.0
Super built-up  Area,Hennur Road,1053.0,2.0,1.0,53.0,2.0,5033.2383665717,4.0
Plot  Area,Begur Road,1200.0,3.0,0.0,50.0,3.0,4166.666666666667,6.0
Plot  Area,HBR Layout,1800.0,2.0,1.0,230.0,3.0,12777.777777777777,5.0
Built-up  Area,Chikkabanavar,2400.0,4.0,0.0,97.0,5.0,4041.6666666666665,9.0
Super built-up  Area,Other,1245.0,1.0,3.0,60.0,2.0,4819.277108433735,3.0
Plot  Area,Whitefield,3940.0,5.0,3.0,265.0,4.0,6725.888324873096,9.0
Built-up  Area,Thanisandra,1241.0,2.0,1.0,65.0,3.0,5237.711522965351,5.0
Built-up  Area,7th Phase JP Nagar,2980.0,4.0,2.0,260.0,3.0,8724.832214765102,7.0
Super built-up  Area,Raja Rajeshwari Nagar,1090.0,2.0,2.0,57.0,2.0,5229.357798165138,4.0
Super built-up  Area,Other,1390.0,2.0,1.0,50.0,3.0,3597.122302158273,5.0
Super built-up  Area,Other,2750.0,5.0,2.0,275.0,3.0,10000.0,8.0
Super built-up  Area,Kanakpura Road,1100.0,2.0,1.0,52.97,3.0,4815.454545454545,5.0
Built-up  Area,Koramangala,1350.0,2.0,2.0,103.0,2.0,7629.62962962963,4.0
Built-up  Area,Other,800.0,2.0,2.0,55.0,2.0,6875.0,4.0
Super built-up  Area,Sarjapur  Road,1787.0,3.0,2.0,116.0,3.0,6491.326245103525,6.0
Built-up  Area,BTM Layout,2400.0,3.0,2.0,220.0,3.0,9166.666666666666,6.0
Super built-up  Area,Haralur Road,3700.0,4.0,2.0,325.0,4.0,8783.783783783783,8.0
Super built-up  Area,Sarjapur  Road,1691.0,3.0,2.0,93.01,3.0,5500.295683027794,6.0
Plot  Area,Chikka Tirupathi,2325.0,3.0,2.0,95.0,3.0,4086.021505376344,6.0
Super built-up  Area,Akshaya Nagar,1896.0,3.0,2.0,102.0,3.0,5379.7468354430375,6.0
Super built-up  Area,Banashankari Stage V,1540.0,3.0,2.0,48.51,3.0,3150.0,6.0
Super built-up  Area,Other,1244.0,2.0,2.0,95.0,2.0,7636.655948553054,4.0
Super built-up  Area,Hormavu,1365.0,2.0,2.0,65.0,3.0,4761.9047619047615,5.0
Super built-up  Area,Thanisandra,580.0,1.0,1.0,27.5,1.0,4741.379310344828,2.0
Plot  Area,Other,1500.0,4.0,2.0,180.0,3.0,12000.0,7.0
Super built-up  Area,8th Phase JP Nagar,1513.0,2.0,3.0,62.0,2.0,4097.818902842036,4.0
Super built-up  Area,Banashankari,1175.0,2.0,1.0,41.13,2.0,3500.4255319148942,4.0
Super built-up  Area,Thanisandra,2087.0,4.0,2.0,139.0,3.0,6660.277910876856,7.0
Super built-up  Area,Talaghattapura,2273.0,3.0,2.0,145.0,3.0,6379.234491860977,6.0
Super built-up  Area,Thanisandra,2050.0,3.0,2.0,150.0,3.0,7317.073170731707,6.0
Built-up  Area,Other,1200.0,2.0,1.0,75.0,2.0,6250.0,4.0
Super built-up  Area,Whitefield,1190.0,2.0,3.0,59.0,2.0,4957.983193277311,4.0
Super built-up  Area,Marathahalli,1019.0,2.0,2.0,49.86,2.0,4893.032384690873,4.0
Super built-up  Area,Thigalarapalya,1830.0,3.0,2.0,133.0,3.0,7267.75956284153,6.0
Plot  Area,Channasandra,4278.0,7.0,1.0,299.0,7.0,6989.247311827957,14.0
Super built-up  Area,Sarjapur  Road,1028.0,2.0,1.0,56.0,2.0,5447.470817120623,4.0
Built-up  Area,Old Madras Road,1300.0,2.0,2.0,100.0,2.0,7692.307692307692,4.0
Super built-up  Area,Whitefield,1160.0,2.0,1.0,67.0,2.0,5775.862068965517,4.0
Super built-up  Area,Mahadevpura,1505.0,3.0,2.0,78.0,3.0,5182.724252491695,6.0
Plot  Area,Other,400.0,2.0,1.0,50.0,1.0,12500.0,3.0
Super built-up  Area,Sarjapur,1175.0,2.0,1.0,41.68,2.0,3547.2340425531916,4.0
Super built-up  Area,Other,1100.0,2.0,2.0,57.6,2.0,5236.363636363636,4.0
Super built-up  Area,Other,2159.0,3.0,2.0,120.0,3.0,5558.12876331635,6.0
Super built-up  Area,Devanahalli,1230.0,2.0,1.0,56.45,2.0,4589.430894308943,4.0
Plot  Area,Other,1200.0,4.0,2.0,180.0,3.0,15000.0,7.0
Built-up  Area,Other,3100.0,6.0,1.0,165.0,5.0,5322.580645161291,11.0
Super built-up  Area,Old Madras Road,5020.0,7.0,0.0,287.0,5.0,5717.131474103586,12.0
Built-up  Area,Other,1200.0,1.0,0.0,48.0,1.0,4000.0,2.0
Super built-up  Area,Other,1340.0,2.0,1.0,71.0,2.0,5298.507462686567,4.0
Super built-up  Area,Banashankari,1750.0,2.0,2.0,89.0,3.0,5085.714285714285,5.0
Super built-up  Area,Banashankari Stage II,1400.0,2.0,1.0,100.0,2.0,7142.857142857143,4.0
Built-up  Area,Nagarbhavi,1350.0,3.0,0.0,60.0,3.0,4444.444444444444,6.0
Super built-up  Area,Other,1675.0,3.0,3.0,62.0,3.0,3701.492537313433,6.0
Super built-up  Area,Thanisandra,1340.0,2.0,1.0,66.33,2.0,4950.0,4.0
Built-up  Area,Malleshwaram,600.0,1.0,0.0,68.0,2.0,11333.333333333334,3.0
Super built-up  Area,Hulimavu,1276.0,2.0,2.0,76.0,2.0,5956.112852664577,4.0
Super built-up  Area,Ramagondanahalli,1738.0,2.0,3.0,76.0,3.0,4372.8423475258915,5.0
Super built-up  Area,Other,1190.0,2.0,2.0,59.9,2.0,5033.6134453781515,4.0
Super built-up  Area,Electronic City,1128.0,2.0,1.0,65.45,2.0,5802.304964539007,4.0
Super built-up  Area,Other,1250.0,2.0,1.0,55.0,2.0,4400.0,4.0
Built-up  Area,Other,1450.0,2.0,2.0,90.0,2.0,6206.896551724138,4.0
Super built-up  Area,Kudlu,1084.0,2.0,1.0,53.0,2.0,4889.29889298893,4.0
Built-up  Area,Kaggadasapura,2150.0,4.0,2.0,90.0,4.0,4186.046511627907,8.0
Built-up  Area,Koramangala,6000.0,4.0,0.0,625.0,4.0,10416.666666666666,8.0
Super built-up  Area,Hosur Road,1250.0,2.0,2.0,65.0,2.0,5200.0,4.0
Plot  Area,Seegehalli,2400.0,4.0,1.0,240.0,3.0,10000.0,7.0
Super built-up  Area,Begur,1304.0,3.0,0.0,65.0,3.0,4984.662576687117,6.0
Super built-up  Area,Rajaji Nagar,1640.0,3.0,2.0,268.0,3.0,16341.463414634147,6.0
Built-up  Area,7th Phase JP Nagar,980.0,2.0,1.0,77.44,2.0,7902.040816326531,4.0
Super built-up  Area,Other,1275.0,2.0,2.0,49.5,2.0,3882.3529411764707,4.0
Plot  Area,Other,10030.0,1.0,1.0,150.0,1.0,1495.5134596211367,2.0
Plot  Area,Banjara Layout,2500.0,4.0,0.0,140.0,3.0,5600.0,7.0
Built-up  Area,Other,3600.0,4.0,0.0,225.0,4.0,6250.0,8.0
Plot  Area,Anekal,2400.0,4.0,0.0,95.0,3.0,3958.3333333333335,7.0
Super built-up  Area,Other,2300.0,3.0,2.0,280.0,3.0,12173.91304347826,6.0
Super built-up  Area,Kanakpura Road,1450.0,2.0,2.0,70.18,3.0,4840.000000000001,5.0
Super built-up  Area,Electronic City,890.0,2.0,1.0,40.0,2.0,4494.38202247191,4.0
Super built-up  Area,Bannerghatta Road,1340.0,2.0,3.0,85.0,2.0,6343.2835820895525,4.0
Super built-up  Area,Vidyaranyapura,1100.0,2.0,1.0,75.0,3.0,6818.181818181818,5.0
Super built-up  Area,Kengeri,750.0,2.0,1.0,40.0,2.0,5333.333333333333,4.0
Super built-up  Area,Akshaya Nagar,1300.0,2.0,2.0,66.0,2.0,5076.923076923077,4.0
Super built-up  Area,HRBR Layout,1301.0,2.0,1.0,120.0,2.0,9223.674096848577,4.0
Built-up  Area,Other,3200.0,8.0,1.0,130.0,9.0,4062.5,17.0
Plot  Area,Other,1900.0,2.0,2.0,92.0,3.0,4842.105263157895,5.0
Super built-up  Area,Kanakpura Road,1299.0,2.0,1.0,105.0,2.0,8083.140877598153,4.0
Super built-up  Area,Other,1250.0,3.0,3.0,40.0,3.0,3200.0,6.0
Plot  Area,Whitefield,1600.0,4.0,2.0,300.0,4.0,18750.0,8.0
Super built-up  Area,Other,925.0,2.0,1.0,55.0,2.0,5945.945945945946,4.0
Plot  Area,Other,3900.0,3.0,3.0,250.0,3.0,6410.25641025641,6.0
Super built-up  Area,Uttarahalli,1107.0,2.0,1.0,45.0,2.0,4065.040650406504,4.0
Plot  Area,Other,1400.0,2.0,2.0,160.0,2.0,11428.57142857143,4.0
Super built-up  Area,Electronics City Phase 1,1300.0,2.0,1.0,67.0,2.0,5153.846153846154,4.0
Super built-up  Area,Other,1715.0,3.0,2.0,95.0,3.0,5539.35860058309,6.0
Built-up  Area,Uttarahalli,1200.0,2.0,1.0,55.0,2.0,4583.333333333333,4.0
Super built-up  Area,Other,703.0,2.0,1.0,60.0,2.0,8534.850640113798,4.0
Super built-up  Area,Talaghattapura,921.0,2.0,2.0,29.47,2.0,3199.782844733985,4.0
Super built-up  Area,Marathahalli,1144.0,2.0,2.0,65.0,2.0,5681.818181818182,4.0
Super built-up  Area,Kanakpura Road,525.0,1.0,1.0,26.01,1.0,4954.285714285715,2.0
Super built-up  Area,Other,1400.0,2.0,2.0,56.0,3.0,4000.0,5.0
Super built-up  Area,Balagere,661.0,1.0,1.0,33.0,1.0,4992.435703479577,2.0
Super built-up  Area,Yelahanka,1705.0,3.0,1.0,91.0,3.0,5337.243401759531,6.0
Super built-up  Area,Kadugodi,1430.0,2.0,0.0,55.0,3.0,3846.153846153846,5.0
Super built-up  Area,Marathahalli,1240.0,2.0,2.0,55.0,2.0,4435.4838709677415,4.0
Super built-up  Area,Electronics City Phase 1,1000.0,2.0,3.0,28.0,2.0,2800.0,4.0
Super built-up  Area,Uttarahalli,1330.0,2.0,2.0,46.45,3.0,3492.4812030075186,5.0
Super built-up  Area,Sarjapur  Road,3005.0,5.0,2.0,275.0,4.0,9151.414309484193,9.0
Super built-up  Area,Shivaji Nagar,1300.0,3.0,2.0,170.0,3.0,13076.923076923076,6.0
Super built-up  Area,Banashankari Stage III,1500.0,2.0,2.0,100.0,3.0,6666.666666666667,5.0
Plot  Area,Kodigehalli,1200.0,4.0,1.0,156.0,3.0,13000.0,7.0
Built-up  Area,Cox Town,1073.0,2.0,2.0,72.0,2.0,6710.158434296365,4.0
Built-up  Area,Kudlu,1300.0,2.0,2.0,56.0,2.0,4307.692307692308,4.0
Plot  Area,Sarjapur,4201.0,4.0,3.0,435.0,4.0,10354.677457748156,8.0
Super built-up  Area,Whitefield,1216.0,2.0,1.0,66.88,2.0,5500.0,4.0
Built-up  Area,Jigani,1252.0,3.0,2.0,59.0,3.0,4712.460063897764,6.0
Super built-up  Area,Hormavu,1196.0,2.0,1.0,44.8,2.0,3745.819397993311,4.0
Built-up  Area,Kudlu,1027.0,2.0,2.0,44.0,2.0,4284.323271665044,4.0
Super built-up  Area,Other,1270.0,2.0,2.0,57.15,3.0,4500.0,5.0
Super built-up  Area,Mico Layout,1171.0,2.0,2.0,39.0,2.0,3330.486763450043,4.0
Super built-up  Area,Kothannur,1215.0,2.0,3.0,48.6,3.0,4000.0,5.0
Plot  Area,Other,600.0,1.0,0.0,20.0,1.0,3333.3333333333335,2.0
Super built-up  Area,Whitefield,1180.0,2.0,1.0,77.0,2.0,6525.423728813559,4.0
Built-up  Area,Electronic City Phase II,1160.0,2.0,1.0,33.51,2.0,2888.793103448276,4.0
Plot  Area,Other,4382.0,4.0,3.0,400.0,4.0,9128.251939753538,8.0
Super built-up  Area,Whitefield,2140.0,3.0,2.0,139.0,3.0,6495.327102803738,6.0
Super built-up  Area,Yeshwanthpur,1500.0,3.0,1.0,100.0,3.0,6666.666666666667,6.0
Super built-up  Area,Banaswadi,1008.0,2.0,2.0,52.0,2.0,5158.730158730159,4.0
Super built-up  Area,Ambedkar Nagar,1921.0,4.0,3.0,129.0,3.0,6715.252472670484,7.0
Super built-up  Area,Electronic City,1127.0,2.0,2.0,32.0,2.0,2839.396628216504,4.0
Super built-up  Area,Rajaji Nagar,1621.0,3.0,1.0,124.0,3.0,7649.599012954966,6.0
Plot  Area,Other,2400.0,3.0,0.0,360.0,3.0,15000.0,6.0
Super built-up  Area,Other,1030.0,2.0,2.0,77.25,3.0,7500.0,5.0
Super built-up  Area,Whitefield,1314.0,2.0,1.0,84.0,2.0,6392.6940639269405,4.0
Super built-up  Area,Choodasandra,1220.0,3.0,1.0,56.0,3.0,4590.163934426229,6.0
Built-up  Area,JP Nagar,1590.0,2.0,3.0,85.0,3.0,5345.911949685535,5.0
Super built-up  Area,Shivaji Nagar,703.0,2.0,1.0,49.5,2.0,7041.251778093883,4.0
Super built-up  Area,Hosakerehalli,1795.0,3.0,2.0,64.62,3.0,3600.0,6.0
Built-up  Area,Gottigere,3000.0,3.0,0.0,132.0,4.0,4400.0,7.0
Super built-up  Area,Sarjapur  Road,4395.0,4.0,2.0,242.0,4.0,5506.257110352673,8.0
Super built-up  Area,Electronic City,825.0,2.0,1.0,35.0,2.0,4242.424242424242,4.0
Super built-up  Area,Yelahanka,4025.0,6.0,1.0,350.0,4.0,8695.652173913044,10.0
Super built-up  Area,Other,1254.0,2.0,1.0,70.0,3.0,5582.13716108453,5.0
Built-up  Area,Ramagondanahalli,2040.0,3.0,2.0,114.0,3.0,5588.235294117647,6.0
Super built-up  Area,Malleshwaram,2475.0,4.0,3.0,337.0,3.0,13616.161616161617,7.0
Super built-up  Area,Other,1669.0,3.0,2.0,298.0,3.0,17855.002995805873,6.0
Super built-up  Area,Other,1820.0,3.0,2.0,79.5,3.0,4368.131868131868,6.0
Super built-up  Area,Horamavu Agara,1623.0,3.0,1.0,89.0,3.0,5483.672211953173,6.0
Super built-up  Area,Electronic City,1200.0,2.0,2.0,40.5,2.0,3375.0,4.0
Super built-up  Area,Gottigere,1613.0,3.0,3.0,72.0,3.0,4463.732176069436,6.0
Super built-up  Area,Other,1293.0,2.0,2.0,80.0,2.0,6187.161639597834,4.0
Super built-up  Area,Hoskote,1065.0,2.0,2.0,28.5,2.0,2676.056338028169,4.0
Super built-up  Area,Kudlu Gate,940.0,2.0,1.0,69.57,2.0,7401.063829787233,4.0
Super built-up  Area,Sarjapur  Road,1181.0,2.0,1.0,65.0,3.0,5503.81033022862,5.0
Super built-up  Area,Malleshwaram,2215.0,3.0,2.0,275.0,3.0,12415.349887133183,6.0
Built-up  Area,Marathahalli,1100.0,2.0,2.0,75.0,1.0,6818.181818181818,3.0
Super built-up  Area,Other,1050.0,2.0,1.0,36.0,2.0,3428.5714285714284,4.0
Super built-up  Area,Subramanyapura,1260.0,2.0,1.0,75.0,3.0,5952.380952380952,5.0
Super built-up  Area,Banashankari Stage II,2800.0,3.0,2.0,425.0,5.0,15178.57142857143,8.0
Super built-up  Area,Other,1500.0,3.0,2.0,56.0,3.0,3733.3333333333335,6.0
Plot  Area,Other,1000.0,2.0,0.0,66.0,2.0,6600.0,4.0
Super built-up  Area,Whitefield,1530.0,3.0,3.0,73.0,3.0,4771.24183006536,6.0
Super built-up  Area,Other,1864.0,3.0,3.0,115.0,3.0,6169.527896995708,6.0
Built-up  Area,Sarjapur,1575.0,3.0,3.0,55.0,3.0,3492.063492063492,6.0
Plot  Area,Attibele,1200.0,3.0,2.0,105.0,3.0,8750.0,6.0
Super built-up  Area,Raja Rajeshwari Nagar,945.0,2.0,1.0,45.0,2.0,4761.9047619047615,4.0
Super built-up  Area,Sarjapur  Road,1691.0,3.0,2.0,100.0,3.0,5913.660555884092,6.0
Plot  Area,Other,1200.0,2.0,3.0,135.0,2.0,11250.0,4.0
Built-up  Area,Electronic City Phase II,1220.0,3.0,1.0,35.25,3.0,2889.344262295082,6.0
Built-up  Area,Kengeri,600.0,1.0,1.0,35.0,1.0,5833.333333333333,2.0
Super built-up  Area,Whitefield,1160.0,2.0,2.0,39.0,2.0,3362.0689655172414,4.0
Super built-up  Area,Other,1950.0,2.0,2.0,89.5,3.0,4589.74358974359,5.0
Super built-up  Area,Vittasandra,1650.0,3.0,1.0,85.0,3.0,5151.515151515152,6.0
Built-up  Area,Other,2400.0,4.0,1.0,150.0,4.0,6250.0,8.0
Super built-up  Area,Abbigere,795.0,1.0,1.0,32.6,2.0,4100.62893081761,3.0
Super built-up  Area,Kalyan nagar,2285.0,4.0,1.0,165.0,3.0,7221.006564551422,7.0
Super built-up  Area,Other,1263.0,2.0,1.0,51.5,2.0,4077.593032462391,4.0
Super built-up  Area,Hennur,1345.0,2.0,1.0,69.0,3.0,5130.111524163569,5.0
Built-up  Area,Other,4400.0,5.0,3.0,240.0,5.0,5454.545454545455,10.0
Super built-up  Area,Electronic City,1360.0,2.0,1.0,58.0,3.0,4264.705882352941,5.0
Super built-up  Area,Sarjapur  Road,1026.0,2.0,1.0,60.55,2.0,5901.559454191033,4.0
Super built-up  Area,Other,1050.0,2.0,2.0,38.0,2.0,3619.0476190476193,4.0
Super built-up  Area,Uttarahalli,1460.0,3.0,3.0,76.0,3.0,5205.479452054795,6.0
Super built-up  Area,Other,1525.0,2.0,2.0,91.48,3.0,5998.688524590164,5.0
Built-up  Area,Kanakpura Road,1843.0,3.0,2.0,85.0,3.0,4612.045577862181,6.0
Super built-up  Area,Ananth Nagar,1000.0,2.0,3.0,25.0,2.0,2500.0,4.0
Super built-up  Area,Koramangala,1642.0,2.0,1.0,115.0,3.0,7003.654080389769,5.0
Super built-up  Area,Other,975.0,2.0,1.0,60.0,2.0,6153.846153846154,4.0
Super built-up  Area,Bisuvanahalli,1075.0,2.0,1.0,44.0,3.0,4093.0232558139537,5.0
Super built-up  Area,Panathur,1210.0,2.0,1.0,77.93,2.0,6440.495867768595,4.0
Super built-up  Area,Other,2000.0,3.0,2.0,100.0,3.0,5000.0,6.0
Super built-up  Area,Akshaya Nagar,1225.0,2.0,0.0,68.0,2.0,5551.0204081632655,4.0
Super built-up  Area,Jakkur,1290.0,2.0,1.0,80.04,2.0,6204.651162790698,4.0
Built-up  Area,Other,1220.0,2.0,0.0,56.0,2.0,4590.163934426229,4.0
Plot  Area,Other,1500.0,2.0,0.0,85.0,1.0,5666.666666666667,3.0
Super built-up  Area,Kaggadasapura,1361.0,2.0,2.0,79.0,2.0,5804.555473916238,4.0
Plot  Area,Frazer Town,2801.25,4.0,1.0,462.0,5.0,16492.637215528783,9.0
Built-up  Area,1st Phase JP Nagar,1394.0,2.0,2.0,85.0,2.0,6097.5609756097565,4.0
Super built-up  Area,Yelahanka,870.0,2.0,1.0,27.0,2.0,3103.448275862069,4.0
Plot  Area,Other,5000.0,5.0,3.0,300.0,4.0,6000.0,9.0
Super built-up  Area,Rajaji Nagar,1222.0,2.0,2.0,98.0,2.0,8019.639934533551,4.0
Super built-up  Area,Bellandur,1846.0,3.0,2.0,135.0,3.0,7313.109425785482,6.0
Plot  Area,Benson Town,1688.12,2.0,1.0,270.0,2.0,15994.123640499492,4.0
Super built-up  Area,Yeshwanthpur,1167.0,2.0,2.0,64.08,2.0,5491.002570694088,4.0
Super built-up  Area,Ananth Nagar,902.0,2.0,2.0,25.0,2.0,2771.6186252771618,4.0
Super built-up  Area,Kannamangala,2422.0,4.0,3.0,135.0,4.0,5573.905862923204,8.0
Built-up  Area,Other,1000.0,2.0,0.0,50.0,2.0,5000.0,4.0
Built-up  Area,Kundalahalli,1260.0,2.0,0.0,58.0,2.0,4603.174603174603,4.0
Built-up  Area,Banashankari Stage II,3000.0,3.0,2.0,450.0,3.0,15000.0,6.0
Super built-up  Area,Jigani,939.0,2.0,2.0,39.0,2.0,4153.35463258786,4.0
Plot  Area,Jalahalli,600.0,1.0,0.0,37.0,1.0,6166.666666666667,2.0
Built-up  Area,8th Phase JP Nagar,1298.0,2.0,1.0,59.0,2.0,4545.454545454545,4.0
Super built-up  Area,Marathahalli,1710.0,3.0,2.0,135.0,3.0,7894.736842105263,6.0
Super built-up  Area,Subramanyapura,1000.0,2.0,1.0,45.0,2.0,4500.0,4.0
Super built-up  Area,Ramagondanahalli,3350.0,3.0,3.0,150.0,3.0,4477.611940298508,6.0
Plot  Area,Other,1200.0,4.0,1.0,138.0,2.0,11500.0,6.0
Built-up  Area,Other,1100.0,2.0,2.0,68.0,2.0,6181.818181818182,4.0
Super built-up  Area,Jalahalli,615.0,1.0,1.0,46.0,1.0,7479.674796747968,2.0
Super built-up  Area,Sarjapur  Road,1350.0,2.0,1.0,85.0,2.0,6296.2962962962965,4.0
Built-up  Area,Sultan Palaya,5000.0,5.0,2.0,325.0,4.0,6500.0,9.0
Super built-up  Area,Cunningham Road,2700.0,3.0,1.0,501.0,3.0,18555.555555555555,6.0
Plot  Area,Other,4000.0,6.0,2.0,460.0,6.0,11500.0,12.0
Super built-up  Area,Hegde Nagar,1718.0,3.0,2.0,130.0,3.0,7566.938300349243,6.0
Super built-up  Area,7th Phase JP Nagar,1680.0,3.0,2.0,112.0,3.0,6666.666666666667,6.0
Plot  Area,Hulimavu,1500.0,2.0,0.0,90.0,2.0,6000.0,4.0
Super built-up  Area,Sarjapur  Road,1157.0,2.0,1.0,72.0,3.0,6222.990492653414,5.0
Super built-up  Area,Akshaya Nagar,1179.0,2.0,1.0,51.0,2.0,4325.699745547074,4.0
Super built-up  Area,Hulimavu,1315.0,2.0,0.0,60.48,2.0,4599.239543726236,4.0
Super built-up  Area,Other,1105.0,2.0,2.0,28.18,2.0,2550.2262443438913,4.0
Super built-up  Area,Banashankari,1800.0,3.0,2.0,175.0,3.0,9722.222222222223,6.0
Super built-up  Area,Jalahalli East,1010.0,2.0,1.0,52.0,2.0,5148.514851485149,4.0
Super built-up  Area,Electronic City,630.0,1.0,1.0,46.0,1.0,7301.587301587301,2.0
Plot  Area,Anekal,1200.0,2.0,1.0,36.1,2.0,3008.3333333333335,4.0
Super built-up  Area,Kaval Byrasandra,1025.0,2.0,1.0,60.0,2.0,5853.658536585366,4.0
Super built-up  Area,Hennur Road,1195.0,2.0,2.0,59.0,2.0,4937.238493723849,4.0
Super built-up  Area,Whitefield,1012.0,2.0,1.0,58.0,2.0,5731.225296442688,4.0
Super built-up  Area,Hegde Nagar,1884.0,4.0,2.0,118.0,3.0,6263.2696390658175,7.0
Super built-up  Area,Sarjapura - Attibele Road,1090.0,2.0,1.0,37.0,2.0,3394.4954128440368,4.0
Super built-up  Area,Other,2950.0,4.0,2.0,250.0,4.0,8474.57627118644,8.0
Super built-up  Area,Harlur,1710.0,3.0,3.0,85.0,3.0,4970.7602339181285,6.0
Super built-up  Area,Uttarahalli,1500.0,3.0,1.0,68.0,3.0,4533.333333333333,6.0
Super built-up  Area,Kodichikkanahalli,1310.0,2.0,2.0,53.0,3.0,4045.8015267175574,5.0
Super built-up  Area,Dommasandra,674.0,1.0,1.0,19.9,2.0,2952.522255192878,3.0
Built-up  Area,Hoodi,1350.0,3.0,2.0,70.0,3.0,5185.185185185185,6.0
Built-up  Area,Other,1464.0,2.0,2.0,115.0,3.0,7855.191256830601,5.0
Built-up  Area,Electronic City,1400.0,2.0,1.0,40.45,3.0,2889.2857142857147,5.0
Super built-up  Area,Electronic City Phase II,1625.0,2.0,2.0,48.75,3.0,3000.0,5.0
Built-up  Area,Electronic City,1065.0,2.0,1.0,30.76,2.0,2888.262910798122,4.0
Super built-up  Area,Other,1385.0,3.0,3.0,90.0,3.0,6498.194945848375,6.0
Super built-up  Area,CV Raman Nagar,1040.0,2.0,1.0,50.0,2.0,4807.692307692308,4.0
Super built-up  Area,Haralur Road,1817.0,3.0,2.0,110.0,3.0,6053.935057787562,6.0
Super built-up  Area,Other,1205.0,2.0,1.0,47.0,2.0,3900.414937759336,4.0
Super built-up  Area,Other,1070.0,2.0,2.0,33.43,2.0,3124.299065420561,4.0
Super built-up  Area,Other,1070.0,2.0,1.0,52.0,2.0,4859.813084112149,4.0
Super built-up  Area,Amruthahalli,1340.0,2.0,1.0,75.0,2.0,5597.014925373134,4.0
Super built-up  Area,Kalena Agrahara,980.0,2.0,2.0,35.0,2.0,3571.4285714285716,4.0
Built-up  Area,8th Phase JP Nagar,1006.0,2.0,0.0,44.0,2.0,4373.75745526839,4.0
Super built-up  Area,Thanisandra,1098.0,2.0,1.0,71.0,2.0,6466.302367941712,4.0
Built-up  Area,Mico Layout,1200.0,2.0,1.0,53.5,2.0,4458.333333333333,4.0
Super built-up  Area,Thigalarapalya,4190.0,4.0,2.0,325.0,4.0,7756.563245823389,8.0
Super built-up  Area,Sarjapur  Road,1019.0,2.0,1.0,62.0,2.0,6084.396467124632,4.0
Super built-up  Area,Whitefield,1150.0,2.0,2.0,40.21,2.0,3496.521739130435,4.0
Plot  Area,Anekal,1733.5,3.0,1.0,120.0,3.0,6922.411306605134,6.0
Super built-up  Area,Other,1415.0,2.0,2.0,120.0,2.0,8480.565371024735,4.0
Built-up  Area,Other,1750.0,3.0,2.0,58.0,3.0,3314.285714285714,6.0
Super built-up  Area,Other,1537.0,3.0,2.0,81.0,3.0,5270.006506180872,6.0
Built-up  Area,Other,1050.0,2.0,2.0,45.0,2.0,4285.714285714285,4.0
Super built-up  Area,Kanakpura Road,1452.0,3.0,3.0,55.6,3.0,3829.2011019283746,6.0
Super built-up  Area,Domlur,1246.0,2.0,1.0,95.0,2.0,7624.398073836276,4.0
Built-up  Area,Yelahanka,1890.0,4.0,2.0,85.0,3.0,4497.354497354498,7.0
Super built-up  Area,Electronic City Phase II,972.0,2.0,1.0,40.0,2.0,4115.22633744856,4.0
Plot  Area,Other,10624.0,4.0,2.0,2340.0,4.0,22025.602409638555,8.0
Plot  Area,Brookefield,1500.0,5.0,3.0,160.0,4.0,10666.666666666666,9.0
Super built-up  Area,Electronic City,630.0,1.0,1.0,33.7,1.0,5349.20634920635,2.0
Built-up  Area,Other,1255.0,2.0,1.0,60.0,3.0,4780.876494023904,5.0
Plot  Area,Ramamurthy Nagar,1900.0,4.0,2.0,185.0,4.0,9736.842105263158,8.0
Plot  Area,Doddaballapur,2440.0,3.0,1.0,142.0,3.0,5819.672131147541,6.0
Super built-up  Area,Kanakpura Road,1938.0,3.0,3.0,92.69,3.0,4782.765737874097,6.0
Super built-up  Area,Bannerghatta Road,1711.0,3.0,2.0,125.0,3.0,7305.669199298656,6.0
Super built-up  Area,CV Raman Nagar,1392.0,2.0,1.0,95.0,2.0,6824.712643678161,4.0
Super built-up  Area,Haralur Road,1225.0,2.0,1.0,77.0,2.0,6285.714285714285,4.0
Super built-up  Area,Sarjapur  Road,3418.0,3.0,2.0,235.0,4.0,6875.365710942071,7.0
Super built-up  Area,Green Glen Layout,1750.0,3.0,2.0,120.0,3.0,6857.142857142857,6.0
Super built-up  Area,Subramanyapura,1260.0,2.0,1.0,80.0,3.0,6349.206349206349,5.0
Super built-up  Area,Sarjapur  Road,691.0,1.0,1.0,31.1,1.0,4500.723589001447,2.0
Plot  Area,BTM 2nd Stage,2400.0,3.0,2.0,400.0,4.0,16666.666666666668,7.0
Super built-up  Area,Haralur Road,1285.0,2.0,1.0,78.0,2.0,6070.038910505837,4.0
Built-up  Area,Hebbal,1590.0,3.0,2.0,96.0,3.0,6037.735849056604,6.0
Super built-up  Area,9th Phase JP Nagar,1571.0,3.0,2.0,65.0,3.0,4137.492043284532,6.0
Built-up  Area,Hebbal Kempapura,2800.0,5.0,1.0,220.0,5.0,7857.142857142857,10.0
Super built-up  Area,Garudachar Palya,1060.0,2.0,1.0,48.66,2.0,4590.566037735849,4.0
Super built-up  Area,Hennur,1255.0,2.0,1.0,58.0,2.0,4621.5139442231075,4.0
Plot  Area,Other,2400.0,2.0,2.0,185.0,3.0,7708.333333333333,5.0
Super built-up  Area,Bannerghatta Road,1520.0,2.0,3.0,81.0,3.0,5328.9473684210525,5.0
Super built-up  Area,Other,1170.0,2.0,1.0,45.51,2.0,3889.74358974359,4.0
Super built-up  Area,OMBR Layout,1580.0,3.0,2.0,75.0,3.0,4746.835443037975,6.0
Super built-up  Area,Ardendale,1777.26,3.0,2.0,89.0,3.0,5007.7084950991975,6.0
Super built-up  Area,Raja Rajeshwari Nagar,1303.0,2.0,2.0,55.78,2.0,4280.890253261704,4.0
Built-up  Area,Kodichikkanahalli,1680.0,2.0,3.0,59.0,2.0,3511.904761904762,4.0
Built-up  Area,Whitefield,1495.0,2.0,2.0,70.0,3.0,4682.274247491639,5.0
Super built-up  Area,Yelahanka,1835.0,3.0,1.0,108.0,3.0,5885.558583106267,6.0
Built-up  Area,Other,1080.0,2.0,2.0,38.0,2.0,3518.5185185185187,4.0
Built-up  Area,Electronic City,1025.0,2.0,1.0,29.61,2.0,2888.7804878048782,4.0
Super built-up  Area,Haralur Road,1225.0,2.0,1.0,67.48,2.0,5508.571428571428,4.0
Super built-up  Area,Balagere,656.0,1.0,1.0,34.77,1.0,5300.304878048782,2.0
Super built-up  Area,Sarjapur  Road,994.0,2.0,2.0,45.0,2.0,4527.162977867203,4.0
Super built-up  Area,Other,1025.0,2.0,1.0,65.0,2.0,6341.463414634146,4.0
Built-up  Area,Marathahalli,1156.0,2.0,2.0,52.0,2.0,4498.269896193771,4.0
Super built-up  Area,JP Nagar,1250.0,2.0,2.0,60.0,2.0,4800.0,4.0
Built-up  Area,Kundalahalli,3092.0,4.0,3.0,230.0,4.0,7438.551099611902,8.0
Super built-up  Area,Hegde Nagar,1930.0,4.0,2.0,122.0,3.0,6321.243523316062,7.0
Built-up  Area,Other,1020.0,2.0,1.0,70.0,2.0,6862.745098039216,4.0
Built-up  Area,Kumaraswami Layout,1310.0,2.0,1.0,70.0,3.0,5343.511450381679,5.0
Super built-up  Area,Jalahalli,612.5,1.0,0.0,27.565,1.0,4500.408163265306,2.0
Built-up  Area,Kanakpura Road,1322.0,2.0,3.0,70.0,2.0,5295.00756429652,4.0
Super built-up  Area,Kothanur,1160.0,2.0,2.0,57.0,2.0,4913.793103448276,4.0
Super built-up  Area,5th Block Hbr Layout,1100.0,2.0,2.0,48.0,2.0,4363.636363636364,4.0
Built-up  Area,Lakshminarayana Pura,1720.0,3.0,3.0,150.0,3.0,8720.93023255814,6.0
Super built-up  Area,Hosur Road,1689.0,3.0,2.0,103.0,3.0,6098.283007696862,6.0
Super built-up  Area,Chikkalasandra,1090.0,2.0,1.0,47.42,2.0,4350.45871559633,4.0
Super built-up  Area,KR Puram,2000.0,2.0,0.0,75.0,2.0,3750.0,4.0
Super built-up  Area,Other,1155.0,2.0,2.0,69.0,2.0,5974.025974025974,4.0
Built-up  Area,Vishveshwarya Layout,4000.0,6.0,0.0,230.0,6.0,5750.0,12.0
Built-up  Area,Sarjapur  Road,3913.0,5.0,0.0,176.0,4.0,4497.827753641707,9.0
Super built-up  Area,Hebbal,3520.0,5.0,2.0,320.0,3.0,9090.90909090909,8.0
Super built-up  Area,JP Nagar,1125.0,2.0,2.0,39.98,2.0,3553.7777777777774,4.0
Built-up  Area,Yelahanka,1847.0,3.0,3.0,92.0,3.0,4981.050351922036,6.0
Super built-up  Area,7th Phase JP Nagar,1515.0,2.0,1.0,76.0,3.0,5016.501650165016,5.0
Plot  Area,Raja Rajeshwari Nagar,3450.0,7.0,2.0,225.0,8.0,6521.739130434783,15.0
Plot  Area,Yelahanka,2500.0,3.0,1.0,120.0,5.0,4800.0,8.0
Built-up  Area,Sarjapur  Road,1130.0,2.0,2.0,55.0,2.0,4867.256637168141,4.0
Super built-up  Area,Bellandur,1049.0,2.0,1.0,51.0,2.0,4861.773117254528,4.0
Super built-up  Area,Amruthahalli,2650.0,4.0,0.0,175.0,3.0,6603.773584905661,7.0
Super built-up  Area,Varthur Road,850.0,2.0,1.0,25.4,2.0,2988.235294117647,4.0
Plot  Area,Other,2600.0,5.0,3.0,370.0,5.0,14230.76923076923,10.0
Super built-up  Area,Jakkur,1282.0,2.0,1.0,72.0,2.0,5616.224648985959,4.0
Super built-up  Area,Kalena Agrahara,800.0,2.0,1.0,40.0,2.0,5000.0,4.0
Plot  Area,Other,1200.0,4.0,2.0,240.0,4.0,20000.0,8.0
Super built-up  Area,Chandapura,1190.0,2.0,2.0,30.35,3.0,2550.4201680672268,5.0
Super built-up  Area,Magadi Road,1318.0,2.0,1.0,68.0,3.0,5159.332321699545,5.0
Super built-up  Area,Kanakpura Road,1698.0,2.0,1.0,105.0,2.0,6183.745583038869,4.0
Super built-up  Area,Other,2030.0,2.0,1.0,182.0,3.0,8965.51724137931,5.0
Super built-up  Area,Kammasandra,1276.0,2.0,1.0,31.9,3.0,2500.0,5.0
Super built-up  Area,Other,1555.0,2.0,1.0,67.0,3.0,4308.681672025724,5.0
Super built-up  Area,Sarjapur  Road,1881.0,3.0,2.0,145.0,3.0,7708.665603402445,6.0
Super built-up  Area,Other,2900.0,3.0,2.0,325.0,3.0,11206.896551724138,6.0
Super built-up  Area,Yelahanka,1890.0,3.0,2.0,109.0,3.0,5767.195767195767,6.0
Super built-up  Area,Old Madras Road,935.0,2.0,1.0,32.0,2.0,3422.4598930481284,4.0
Super built-up  Area,Cox Town,1000.0,2.0,3.0,58.0,2.0,5800.0,4.0
Super built-up  Area,Singasandra,1510.0,3.0,2.0,75.0,3.0,4966.887417218543,6.0
Built-up  Area,Uttarahalli,1120.0,2.0,1.0,50.0,2.0,4464.285714285715,4.0
Super built-up  Area,Ananth Nagar,930.0,2.0,1.0,25.99,2.0,2794.6236559139784,4.0
Super built-up  Area,Talaghattapura,1175.0,2.0,2.0,62.0,2.0,5276.595744680851,4.0
Built-up  Area,Bellandur,1350.0,2.0,1.0,63.0,3.0,4666.666666666667,5.0
Super built-up  Area,Malleshwaram,2215.0,3.0,2.0,330.0,3.0,14898.419864559819,6.0
Super built-up  Area,Attibele,996.0,2.0,1.0,24.9,2.0,2500.0,4.0
Super built-up  Area,Anjanapura,1076.0,2.0,1.0,30.13,2.0,2800.185873605948,4.0
Super built-up  Area,Other,2180.0,4.0,3.0,115.0,4.0,5275.229357798165,8.0
Super built-up  Area,Kasavanhalli,1715.0,3.0,3.0,112.0,3.0,6530.6122448979595,6.0
Super built-up  Area,Hebbal,1072.0,2.0,2.0,45.0,2.0,4197.761194029851,4.0
Super built-up  Area,Panathur,1230.0,2.0,1.0,80.0,2.0,6504.065040650406,4.0
Super built-up  Area,Murugeshpalya,1600.0,2.0,1.0,65.0,3.0,4062.5,5.0
Super built-up  Area,Thanisandra,1411.0,3.0,1.0,93.25,3.0,6608.788093550674,6.0
Built-up  Area,Rayasandra,3600.0,5.0,3.0,145.0,5.0,4027.777777777778,10.0
Super built-up  Area,Jalahalli,2404.0,3.0,2.0,138.0,3.0,5740.432612312812,6.0
Plot  Area,Sahakara Nagar,1200.0,4.0,2.0,190.0,4.0,15833.333333333334,8.0
Plot  Area,Nagarbhavi,1200.0,3.0,2.0,226.0,3.0,18833.333333333332,6.0
Built-up  Area,Doddathoguru,1208.0,3.0,1.0,45.0,3.0,3725.1655629139073,6.0
Plot  Area,Yeshwanthpur,1700.0,5.0,2.0,300.0,5.0,17647.058823529413,10.0
Super built-up  Area,Haralur Road,1225.0,2.0,1.0,69.84,2.0,5701.224489795918,4.0
Super built-up  Area,Hebbal,1162.0,2.0,1.0,69.0,2.0,5938.037865748709,4.0
Super built-up  Area,Thanisandra,1262.0,2.0,1.0,65.0,3.0,5150.5546751188585,5.0
Super built-up  Area,Other,1050.0,2.0,2.0,35.0,2.0,3333.3333333333335,4.0
Built-up  Area,Electronic City Phase II,1160.0,2.0,1.0,33.51,2.0,2888.793103448276,4.0
Plot  Area,Channasandra,1500.0,3.0,1.0,61.95,3.0,4130.0,6.0
Super built-up  Area,Other,1610.0,3.0,3.0,85.0,3.0,5279.503105590062,6.0
Super built-up  Area,Whitefield,1340.0,2.0,2.0,41.0,2.0,3059.7014925373132,4.0
Super built-up  Area,Sarjapur  Road,2275.0,4.0,2.0,182.0,3.0,8000.0,7.0
Built-up  Area,Other,1500.0,2.0,0.0,145.0,2.0,9666.666666666666,4.0
Plot  Area,Other,3150.0,3.0,1.0,135.0,4.0,4285.714285714285,7.0
Super built-up  Area,Hosa Road,1170.0,2.0,2.0,65.0,2.0,5555.555555555556,4.0
Super built-up  Area,Sarjapur  Road,980.0,2.0,1.0,25.0,2.0,2551.0204081632655,4.0
Built-up  Area,Channasandra,1800.0,3.0,2.0,60.0,3.0,3333.3333333333335,6.0
Super built-up  Area,Banashankari Stage VI,1423.0,2.0,1.0,71.73,3.0,5040.758959943781,5.0
Super built-up  Area,Kaggadasapura,1106.0,2.0,3.0,40.0,2.0,3616.6365280289333,4.0
Built-up  Area,Kereguddadahalli,1105.0,2.0,2.0,27.6,2.0,2497.737556561086,4.0
Plot  Area,Cunningham Road,7500.0,6.0,2.0,1800.0,4.0,24000.0,10.0
Super built-up  Area,Other,1255.0,2.0,1.0,56.7,2.0,4517.92828685259,4.0
Super built-up  Area,Babusapalaya,1061.0,2.0,1.0,38.95,2.0,3671.065032987748,4.0
Plot  Area,Other,600.0,2.0,2.0,29.5,2.0,4916.666666666667,4.0
Super built-up  Area,Electronic City Phase II,1400.0,2.0,2.0,40.45,3.0,2889.2857142857147,5.0
Super built-up  Area,Domlur,2100.0,3.0,2.0,145.0,3.0,6904.761904761905,6.0
Super built-up  Area,Electronic City,660.0,1.0,1.0,16.5,2.0,2500.0,3.0
Built-up  Area,Kengeri,633.0,1.0,1.0,18.0,2.0,2843.6018957345973,3.0
Super built-up  Area,Indira Nagar,1260.0,2.0,3.0,120.0,2.0,9523.809523809523,4.0
Super built-up  Area,ITPL,907.0,2.0,0.0,55.43,2.0,6111.35611907387,4.0
Super built-up  Area,Hennur Road,2047.0,3.0,2.0,67.55,3.0,3299.9511480214946,6.0
Built-up  Area,Other,2597.0,4.0,3.0,189.0,4.0,7277.628032345014,8.0
Built-up  Area,Bellandur,1211.0,2.0,1.0,63.0,2.0,5202.312138728324,4.0
Super built-up  Area,Hennur Road,1904.0,3.0,2.0,129.0,3.0,6775.210084033613,6.0
Super built-up  Area,Balagere,1205.0,2.0,1.0,73.87,2.0,6130.290456431535,4.0
Super built-up  Area,Yeshwanthpur,1164.0,2.0,2.0,64.08,2.0,5505.154639175258,4.0
Super built-up  Area,Other,1410.0,2.0,2.0,73.0,2.0,5177.304964539007,4.0
Built-up  Area,Other,1150.0,2.0,1.0,42.0,2.0,3652.1739130434785,4.0
Super built-up  Area,Other,1170.0,2.0,2.0,53.11,2.0,4539.316239316239,4.0
Built-up  Area,Hennur,1420.0,2.0,1.0,62.0,2.0,4366.197183098591,4.0
Super built-up  Area,Panathur,1125.0,2.0,2.0,45.0,2.0,4000.0,4.0
Built-up  Area,NRI Layout,1789.0,3.0,3.0,75.0,3.0,4192.286193404137,6.0
Super built-up  Area,Hulimavu,1021.0,2.0,1.0,76.0,2.0,7443.682664054848,4.0
Super built-up  Area,Ananth Nagar,1074.0,2.0,2.0,26.85,2.0,2500.0,4.0
Super built-up  Area,Kalena Agrahara,1222.0,2.0,3.0,48.0,2.0,3927.986906710311,4.0
Super built-up  Area,Hennur Road,1981.0,3.0,1.0,134.0,3.0,6764.260474507824,6.0
Built-up  Area,Yelachenahalli,1103.0,2.0,2.0,55.0,2.0,4986.400725294651,4.0
Super built-up  Area,Other,1201.0,2.0,1.0,65.0,2.0,5412.156536219817,4.0
Super built-up  Area,Sarjapur  Road,970.0,2.0,1.0,36.0,2.0,3711.340206185567,4.0
Super built-up  Area,Sarjapur,920.0,2.0,2.0,33.0,2.0,3586.9565217391305,4.0
Super built-up  Area,Yeshwanthpur,1520.0,3.0,3.0,85.0,3.0,5592.105263157895,6.0
Super built-up  Area,Sonnenahalli,1268.0,2.0,1.0,75.0,3.0,5914.826498422713,5.0
Super built-up  Area,Other,660.0,1.0,0.0,30.0,1.0,4545.454545454545,2.0
Super built-up  Area,Harlur,1755.0,3.0,2.0,115.0,3.0,6552.706552706552,6.0
Super built-up  Area,Hoskote,945.0,2.0,1.0,35.0,2.0,3703.703703703704,4.0
Carpet  Area,8th Phase JP Nagar,500.0,1.0,1.0,33.0,1.0,6600.0,2.0
Super built-up  Area,Harlur,2820.0,4.0,0.0,153.5,4.0,5443.262411347518,8.0
Built-up  Area,Bommenahalli,1632.0,3.0,0.0,140.0,4.0,8578.43137254902,7.0
Super built-up  Area,Rachenahalli,1167.0,2.0,2.0,37.5,2.0,3213.367609254499,4.0
Super built-up  Area,Domlur,1276.0,2.0,2.0,80.0,2.0,6269.592476489028,4.0
Built-up  Area,Thanisandra,1234.0,2.0,2.0,51.0,2.0,4132.90113452188,4.0
Super built-up  Area,Lakshminarayana Pura,1180.0,2.0,1.0,75.0,2.0,6355.932203389831,4.0
Super built-up  Area,ISRO Layout,1370.0,2.0,2.0,87.0,3.0,6350.36496350365,5.0
Built-up  Area,Electronic City,1400.0,3.0,1.0,90.0,3.0,6428.571428571428,6.0
Plot  Area,Whitefield,1500.0,6.0,3.0,155.0,5.0,10333.333333333334,11.0
Plot  Area,Other,1050.0,2.0,0.0,40.0,2.0,3809.5238095238096,4.0
Super built-up  Area,Ramagondanahalli,1251.0,2.0,1.0,46.0,2.0,3677.0583533173462,4.0
Super built-up  Area,Yeshwanthpur,1677.0,3.0,2.0,92.13,3.0,5493.738819320215,6.0
Super built-up  Area,Sarjapur  Road,1346.0,2.0,1.0,67.38,2.0,5005.94353640416,4.0
Built-up  Area,Electronic City Phase II,1090.0,2.0,1.0,31.48,2.0,2888.0733944954127,4.0
Super built-up  Area,Kanakapura,1290.0,2.0,3.0,51.1,3.0,3961.2403100775196,5.0
Super built-up  Area,Rajaji Nagar,7514.0,7.0,2.0,1500.0,5.0,19962.736225712004,12.0
Super built-up  Area,Sarjapur  Road,1881.0,3.0,2.0,145.0,3.0,7708.665603402445,6.0
Super built-up  Area,Garudachar Palya,1150.0,2.0,2.0,52.0,2.0,4521.739130434783,4.0
Built-up  Area,Sarjapur,2690.0,3.0,2.0,295.0,3.0,10966.542750929368,6.0
Super built-up  Area,Kanakpura Road,1200.0,2.0,2.0,42.0,3.0,3500.0,5.0
Super built-up  Area,Other,2735.0,4.0,2.0,340.0,3.0,12431.44424131627,7.0
Built-up  Area,Other,950.0,2.0,0.0,65.0,2.0,6842.105263157895,4.0
Built-up  Area,Bommasandra Industrial Area,1491.0,3.0,3.0,40.5,3.0,2716.2977867203217,6.0
Super built-up  Area,Ramamurthy Nagar,1050.0,2.0,1.0,51.66,2.0,4920.0,4.0
Super built-up  Area,Hoodi,1660.0,3.0,2.0,131.0,3.0,7891.566265060241,6.0
Super built-up  Area,Nagavarapalya,1134.0,2.0,2.0,55.0,2.0,4850.088183421517,4.0
Built-up  Area,Hebbal,1100.0,2.0,1.0,60.0,2.0,5454.545454545455,4.0
Plot  Area,Anekal,1200.0,2.0,1.0,36.1,2.0,3008.3333333333335,4.0
Plot  Area,Nagarbhavi,1200.0,4.0,3.0,240.0,4.0,20000.0,8.0
Plot  Area,Other,980.0,3.0,1.0,80.0,3.0,8163.265306122449,6.0
Super built-up  Area,Other,1080.0,2.0,1.0,37.8,2.0,3499.9999999999995,4.0
Super built-up  Area,CV Raman Nagar,705.0,2.0,1.0,50.0,1.0,7092.198581560284,3.0
Super built-up  Area,Other,1200.0,2.0,2.0,35.0,3.0,2916.6666666666665,5.0
Super built-up  Area,Anandapura,1200.0,2.0,1.0,50.0,2.0,4166.666666666667,4.0
Super built-up  Area,Talaghattapura,1804.0,3.0,2.0,127.0,3.0,7039.911308203991,6.0
Built-up  Area,Other,750.0,2.0,0.0,20.0,2.0,2666.6666666666665,4.0
Built-up  Area,Malleshwaram,2800.0,4.0,2.0,252.0,4.0,9000.0,8.0
Super built-up  Area,Battarahalli,1090.0,2.0,2.0,38.37,2.0,3520.1834862385317,4.0
Plot  Area,R.T. Nagar,1500.0,2.0,0.0,230.0,2.0,15333.333333333334,4.0
Built-up  Area,Electronic City,1287.0,3.0,1.0,55.0,3.0,4273.504273504273,6.0
Super built-up  Area,Thigalarapalya,2215.0,4.0,2.0,157.0,3.0,7088.03611738149,7.0
Plot  Area,Kadubeesanahalli,2800.0,4.0,2.0,375.0,4.0,13392.857142857143,8.0
Built-up  Area,Sarjapur  Road,1045.0,2.0,2.0,42.15,2.0,4033.492822966507,4.0
Super built-up  Area,Hormavu,1263.0,2.0,1.0,47.36,2.0,3749.802058590657,4.0
Super built-up  Area,Whitefield,1431.0,3.0,2.0,85.0,3.0,5939.902166317261,6.0
Super built-up  Area,Dommasandra,999.0,2.0,2.0,32.9,2.0,3293.293293293293,4.0
Super built-up  Area,Other,1535.0,3.0,1.0,72.0,3.0,4690.553745928339,6.0
Super built-up  Area,Marathahalli,2524.0,5.0,2.0,180.0,4.0,7131.537242472266,9.0
Super built-up  Area,Kanakpura Road,1300.0,3.0,2.0,69.0,3.0,5307.692307692308,6.0
Super built-up  Area,7th Phase JP Nagar,2095.0,3.0,2.0,150.0,3.0,7159.904534606205,6.0
Super built-up  Area,Other,1265.0,2.0,2.0,68.0,2.0,5375.494071146245,4.0
Super built-up  Area,Kudlu Gate,1215.0,2.0,1.0,44.96,2.0,3700.411522633745,4.0
Plot  Area,Yelahanka New Town,2200.0,2.0,0.0,180.0,2.0,8181.818181818182,4.0
Built-up  Area,Electronics City Phase 1,1028.0,2.0,1.0,51.0,2.0,4961.089494163424,4.0
Super built-up  Area,Hegde Nagar,1835.0,2.0,2.0,92.0,3.0,5013.623978201635,5.0
Super built-up  Area,Munnekollal,1800.0,3.0,3.0,65.0,3.0,3611.1111111111113,6.0
Super built-up  Area,1st Phase JP Nagar,2077.0,3.0,3.0,175.0,3.0,8425.613866153106,6.0
Plot  Area,Sarjapur  Road,2880.0,3.0,2.0,211.0,4.0,7326.388888888889,7.0
Super built-up  Area,Dasanapura,708.0,2.0,1.0,31.15,2.0,4399.717514124294,4.0
Super built-up  Area,Basavangudi,1200.0,2.0,3.0,120.0,2.0,10000.0,4.0
Built-up  Area,Hosakerehalli,925.0,2.0,1.0,46.25,2.0,5000.0,4.0
Built-up  Area,Bannerghatta Road,2826.0,3.0,1.0,148.0,3.0,5237.0842179759375,6.0
Carpet  Area,Kanakpura Road,458.0,1.0,0.0,33.66,1.0,7349.344978165938,2.0
Built-up  Area,Other,3500.0,4.0,0.0,150.0,4.0,4285.714285714285,8.0
Plot  Area,Other,5400.0,4.0,2.0,250.0,4.0,4629.62962962963,8.0
Built-up  Area,Amruthahalli,1450.0,2.0,1.0,90.0,3.0,6206.896551724138,5.0
Super built-up  Area,Kasavanhalli,1100.0,2.0,1.0,65.0,2.0,5909.090909090909,4.0
Super built-up  Area,Kadubeesanahalli,1185.0,2.0,3.0,55.0,2.0,4641.350210970464,4.0
Built-up  Area,9th Phase JP Nagar,1900.0,4.0,2.0,80.0,4.0,4210.526315789473,8.0
Plot  Area,TC Palaya,1200.0,2.0,1.0,70.0,2.0,5833.333333333333,4.0
Super built-up  Area,Other,660.0,1.0,1.0,35.0,1.0,5303.030303030303,2.0
Super built-up  Area,Ambedkar Nagar,1920.0,4.0,2.0,121.0,3.0,6302.083333333333,7.0
Plot  Area,Jalahalli,1200.0,2.0,0.0,130.0,2.0,10833.333333333334,4.0
Super built-up  Area,1st Phase JP Nagar,4550.0,2.0,1.0,240.0,4.0,5274.725274725275,6.0
Super built-up  Area,Bhoganhalli,1205.0,2.0,1.0,68.32,2.0,5669.709543568464,4.0
Super built-up  Area,Haralur Road,1200.0,2.0,2.0,46.0,2.0,3833.3333333333335,4.0
Super built-up  Area,Akshaya Nagar,1421.0,2.0,2.0,73.0,3.0,5137.227304714989,5.0
Super built-up  Area,6th Phase JP Nagar,1250.0,3.0,3.0,48.9,3.0,3912.0,6.0
Super built-up  Area,Whitefield,524.0,1.0,1.0,29.0,1.0,5534.3511450381675,2.0
Built-up  Area,HSR Layout,4200.0,5.0,2.0,245.0,5.0,5833.333333333333,10.0
Super built-up  Area,Thubarahalli,1540.0,3.0,2.0,90.0,3.0,5844.1558441558445,6.0
Super built-up  Area,Rachenahalli,985.0,2.0,1.0,50.17,2.0,5093.401015228426,4.0
Built-up  Area,Whitefield,2830.0,4.0,3.0,161.0,4.0,5689.04593639576,8.0
Super built-up  Area,Other,1140.0,2.0,3.0,60.0,2.0,5263.1578947368425,4.0
Built-up  Area,5th Block Hbr Layout,3600.0,5.0,3.0,130.0,5.0,3611.1111111111113,10.0
Super built-up  Area,Raja Rajeshwari Nagar,1700.0,2.0,2.0,86.0,3.0,5058.823529411765,5.0
Super built-up  Area,Devanahalli,1360.0,2.0,0.0,62.425,2.0,4590.073529411765,4.0
Plot  Area,Electronic City,1800.0,3.0,2.0,700.0,4.0,38888.88888888889,7.0
Super built-up  Area,Dasarahalli,1333.0,2.0,1.0,86.65,2.0,6500.375093773443,4.0
Super built-up  Area,Electronic City,1258.0,2.0,1.0,85.5,2.0,6796.502384737679,4.0
Super built-up  Area,Other,1458.0,2.0,2.0,87.0,3.0,5967.078189300411,5.0
Built-up  Area,Electronic City,1386.0,2.0,1.0,85.0,2.0,6132.7561327561325,4.0
Built-up  Area,Electronic City Phase II,1140.0,2.0,1.0,32.92,2.0,2887.719298245614,4.0
Built-up  Area,Electronic City,550.0,1.0,1.0,27.0,1.0,4909.090909090909,2.0
Super built-up  Area,Lakshminarayana Pura,1200.0,2.0,3.0,83.0,2.0,6916.666666666667,4.0
Super built-up  Area,Other,1081.0,2.0,1.0,39.0,2.0,3607.7705827937093,4.0
Super built-up  Area,Whitefield,2135.0,3.0,2.0,149.0,4.0,6978.922716627635,7.0
Built-up  Area,Whitefield,2500.0,4.0,0.0,100.0,4.0,4000.0,8.0
Super built-up  Area,Other,1178.0,2.0,1.0,80.0,2.0,6791.171477079796,4.0
Super built-up  Area,Devarachikkanahalli,991.0,2.0,2.0,40.0,2.0,4036.326942482341,4.0
Super built-up  Area,Gottigere,1493.0,2.0,3.0,90.0,3.0,6028.131279303416,5.0
Super built-up  Area,Subramanyapura,2495.0,3.0,3.0,130.0,3.0,5210.420841683367,6.0
Super built-up  Area,Kammasandra,1080.0,2.0,1.0,31.99,2.0,2962.037037037037,4.0
Super built-up  Area,Dasanapura,814.0,2.0,1.0,53.0,2.0,6511.056511056511,4.0
Super built-up  Area,Electronic City,1025.0,2.0,1.0,50.0,2.0,4878.048780487805,4.0
Super built-up  Area,Whitefield,3075.0,2.0,3.0,188.0,4.0,6113.821138211382,6.0
Super built-up  Area,Whitefield,1760.0,3.0,2.0,160.0,3.0,9090.90909090909,6.0
Super built-up  Area,Other,4000.0,8.0,1.0,150.0,7.0,3750.0,15.0
Built-up  Area,Marathahalli,3090.0,4.0,2.0,350.0,4.0,11326.860841423948,8.0
Built-up  Area,Other,2700.0,4.0,3.0,295.0,4.0,10925.925925925925,8.0
Super built-up  Area,Other,1175.0,2.0,2.0,52.86,2.0,4498.723404255319,4.0
Super built-up  Area,Hebbal,4235.0,5.0,3.0,364.0,4.0,8595.04132231405,9.0
Super built-up  Area,KR Puram,1100.0,2.0,2.0,45.0,2.0,4090.909090909091,4.0
Super built-up  Area,Banashankari,1450.0,2.0,2.0,50.75,2.0,3500.0,4.0
Super built-up  Area,6th Phase JP Nagar,1810.0,3.0,3.0,131.0,3.0,7237.5690607734805,6.0
Super built-up  Area,Other,1426.0,2.0,3.0,71.0,3.0,4978.962131837307,5.0
Built-up  Area,Sector 7 HSR Layout,2400.0,2.0,3.0,195.0,3.0,8125.0,5.0
Built-up  Area,Kalyan nagar,1100.0,2.0,1.0,70.0,2.0,6363.636363636364,4.0
Super built-up  Area,Electronic City Phase II,650.0,1.0,1.0,35.0,1.0,5384.615384615385,2.0
Super built-up  Area,Kaikondrahalli,900.0,2.0,1.0,27.0,2.0,3000.0,4.0
Super built-up  Area,Billekahalli,1360.0,2.0,3.0,110.0,2.0,8088.235294117647,4.0
Super built-up  Area,Yeshwanthpur,674.0,1.0,1.0,36.85,1.0,5467.359050445104,2.0
Super built-up  Area,Whitefield,1655.0,3.0,2.0,110.0,3.0,6646.525679758308,6.0
Plot  Area,Other,1300.0,2.0,2.0,95.0,2.0,7307.692307692308,4.0
Built-up  Area,Other,936.0,1.0,0.0,53.0,1.0,5662.393162393162,2.0
Super built-up  Area,Other,1277.0,2.0,2.0,92.0,2.0,7204.385277995301,4.0
Super built-up  Area,Other,1200.0,2.0,1.0,54.0,2.0,4500.0,4.0
Super built-up  Area,Hormavu,1015.0,2.0,1.0,39.08,2.0,3850.246305418719,4.0
Super built-up  Area,Budigere,1153.0,2.0,2.0,60.0,2.0,5203.816131830009,4.0
Super built-up  Area,Kengeri,1035.0,2.0,1.0,51.5,2.0,4975.84541062802,4.0
Built-up  Area,KR Puram,3300.0,3.0,1.0,255.0,5.0,7727.272727272727,8.0
Super built-up  Area,Uttarahalli,1150.0,2.0,1.0,46.0,2.0,4000.0,4.0
Super built-up  Area,Malleshwaram,1020.0,2.0,1.0,80.0,2.0,7843.137254901961,4.0
Super built-up  Area,Old Madras Road,3715.0,6.0,0.0,212.5,4.0,5720.053835800808,10.0
Super built-up  Area,8th Phase JP Nagar,1160.0,2.0,1.0,95.0,2.0,8189.6551724137935,4.0
Built-up  Area,Brookefield,1225.0,2.0,2.0,72.0,2.0,5877.551020408163,4.0
Plot  Area,Benson Town,5000.0,5.0,3.0,950.0,4.0,19000.0,9.0
Plot  Area,Other,1600.0,2.0,1.0,160.0,2.0,10000.0,4.0
Plot  Area,Malleshwaram,600.0,1.0,0.0,90.0,2.0,15000.0,3.0
Built-up  Area,Other,1350.0,3.0,2.0,60.0,3.0,4444.444444444444,6.0
Super built-up  Area,Kanakpura Road,1300.0,3.0,1.0,69.0,3.0,5307.692307692308,6.0
Super built-up  Area,Channasandra,830.0,2.0,1.0,36.28,2.0,4371.084337349397,4.0
Super built-up  Area,Hennur Road,1155.0,2.0,1.0,69.18,2.0,5989.6103896103905,4.0
Super built-up  Area,Sarakki Nagar,3126.0,5.0,3.0,345.0,4.0,11036.468330134358,9.0
Super built-up  Area,Jalahalli,905.0,2.0,2.0,55.0,2.0,6077.348066298343,4.0
Super built-up  Area,Vijayanagar,1375.0,2.0,0.0,75.0,3.0,5454.545454545455,5.0
Super built-up  Area,Electronic City,1140.0,2.0,2.0,33.84,2.0,2968.421052631579,4.0
Super built-up  Area,Hormavu,1550.0,2.0,2.0,60.0,3.0,3870.967741935484,5.0
Super built-up  Area,Kannamangala,957.0,2.0,1.0,55.0,2.0,5747.126436781609,4.0
Built-up  Area,9th Phase JP Nagar,890.0,2.0,2.0,45.0,2.0,5056.179775280899,4.0
Super built-up  Area,KR Puram,3000.0,4.0,2.0,235.0,4.0,7833.333333333333,8.0
Plot  Area,Other,2400.0,5.0,1.0,150.0,5.0,6250.0,10.0
Plot  Area,Other,2400.0,4.0,2.0,595.0,4.0,24791.666666666668,8.0
Super built-up  Area,Rachenahalli,925.0,2.0,1.0,37.0,2.0,4000.0,4.0
Built-up  Area,Kammasandra,1415.0,2.0,2.0,60.0,2.0,4240.282685512368,4.0
Plot  Area,Other,500.0,2.0,0.0,80.0,1.0,16000.0,3.0
Super built-up  Area,Thanisandra,1225.0,2.0,1.0,37.0,2.0,3020.408163265306,4.0
Built-up  Area,Hennur Road,2000.0,4.0,0.0,90.0,4.0,4500.0,8.0
Super built-up  Area,Whitefield,840.0,1.0,1.0,57.0,1.0,6785.714285714285,2.0
Super built-up  Area,Thanisandra,1732.0,3.0,1.0,112.0,3.0,6466.512702078522,6.0
Plot  Area,Other,1200.0,1.0,0.0,45.0,1.0,3750.0,2.0
Super built-up  Area,Bhoganhalli,1260.0,2.0,1.0,69.9,2.0,5547.619047619049,4.0
Super built-up  Area,Other,1092.0,2.0,1.0,49.0,2.0,4487.179487179487,4.0
Super built-up  Area,Other,827.0,2.0,0.0,34.0,2.0,4111.24546553809,4.0
Super built-up  Area,Chamrajpet,650.0,1.0,1.0,40.0,2.0,6153.846153846154,3.0
Super built-up  Area,7th Phase JP Nagar,1370.0,2.0,1.0,54.79,3.0,3999.2700729927005,5.0
Super built-up  Area,Whitefield,1725.0,3.0,2.0,106.0,3.0,6144.927536231884,6.0
Built-up  Area,Jalahalli,1000.0,2.0,0.0,70.0,2.0,7000.0,4.0
Plot  Area,TC Palaya,1350.0,1.0,0.0,55.0,1.0,4074.074074074074,2.0
Plot  Area,7th Phase JP Nagar,3200.0,4.0,2.0,350.0,4.0,10937.5,8.0
Super built-up  Area,Bellandur,1717.0,3.0,2.0,110.0,3.0,6406.523005241701,6.0
Super built-up  Area,Kanakpura Road,700.0,2.0,1.0,34.0,2.0,4857.142857142857,4.0
Super built-up  Area,Other,800.0,2.0,1.0,32.0,2.0,4000.0,4.0
Super built-up  Area,Rajaji Nagar,2367.0,4.0,3.0,340.0,3.0,14364.17405999155,7.0
Super built-up  Area,Sonnenahalli,1415.0,2.0,1.0,65.0,3.0,4593.639575971732,5.0
Super built-up  Area,7th Phase JP Nagar,1976.0,3.0,1.0,145.0,3.0,7338.056680161943,6.0
Super built-up  Area,Kambipura,883.0,2.0,1.0,37.01,2.0,4191.392978482446,4.0
Super built-up  Area,Yelahanka,700.0,1.0,1.0,38.0,1.0,5428.571428571428,2.0
Super built-up  Area,Sarjapur,1445.0,3.0,1.0,50.0,3.0,3460.2076124567475,6.0
Super built-up  Area,Battarahalli,2082.0,3.0,2.0,104.0,3.0,4995.1969260326605,6.0
Super built-up  Area,Thanisandra,933.0,2.0,1.0,66.0,2.0,7073.954983922829,4.0
Built-up  Area,Electronic City Phase II,1155.0,2.0,1.0,57.0,2.0,4935.064935064935,4.0
Super built-up  Area,Bannerghatta,1200.0,2.0,2.0,73.2,2.0,6100.0,4.0
Super built-up  Area,Other,1055.0,2.0,1.0,43.0,2.0,4075.829383886256,4.0
Super built-up  Area,Rajaji Nagar,1555.0,3.0,2.0,125.0,3.0,8038.585209003216,6.0
Super built-up  Area,Bellandur,1420.0,3.0,2.0,62.0,3.0,4366.197183098591,6.0
Super built-up  Area,Other,2214.0,3.0,2.0,350.0,3.0,15808.491418247515,6.0
Super built-up  Area,Devanahalli,658.0,1.0,1.0,26.91,1.0,4089.665653495441,2.0
Carpet  Area,Bhoganhalli,896.9,2.0,1.0,78.74,2.0,8779.128107927305,4.0
Plot  Area,Giri Nagar,4000.0,3.0,2.0,750.0,4.0,18750.0,7.0
Built-up  Area,KR Puram,1035.0,2.0,2.0,40.0,2.0,3864.7342995169083,4.0
Plot  Area,Whitefield,2064.0,5.0,2.0,225.0,4.0,10901.162790697674,9.0
Super built-up  Area,Other,1839.0,3.0,3.0,160.0,3.0,8700.380641653072,6.0
Built-up  Area,Yelahanka New Town,488.0,1.0,1.0,20.0,1.0,4098.360655737705,2.0
Built-up  Area,Banashankari Stage II,1200.0,2.0,1.0,198.0,3.0,16500.0,5.0
Built-up  Area,Other,2760.0,5.0,2.0,140.0,5.0,5072.463768115942,10.0
Super built-up  Area,Other,993.0,2.0,2.0,42.0,2.0,4229.607250755287,4.0
Super built-up  Area,Hoodi,1225.0,2.0,1.0,45.0,2.0,3673.469387755102,4.0
Built-up  Area,Sompura,825.0,2.0,1.0,32.0,2.0,3878.787878787879,4.0
Super built-up  Area,Bellandur,3596.0,4.0,2.0,359.0,4.0,9983.314794215796,8.0
Super built-up  Area,Electronic City Phase II,1800.0,3.0,3.0,92.0,3.0,5111.111111111111,6.0
Super built-up  Area,Other,925.0,2.0,1.0,100.0,2.0,10810.81081081081,4.0
Super built-up  Area,Kanakpura Road,1167.0,2.0,1.0,63.0,2.0,5398.457583547558,4.0
Super built-up  Area,Sarjapur,1150.0,2.0,1.0,41.0,2.0,3565.217391304348,4.0
Super built-up  Area,Other,650.0,1.0,1.0,50.0,1.0,7692.307692307692,2.0
Built-up  Area,Sarjapur  Road,675.0,1.0,1.0,27.0,1.0,4000.0,2.0
Plot  Area,Other,2260.0,3.0,1.0,90.0,2.0,3982.3008849557523,5.0
Super built-up  Area,Other,720.0,1.0,0.0,32.39,1.0,4498.611111111111,2.0
Plot  Area,Whitefield,4800.0,4.0,2.0,600.0,3.0,12500.0,7.0
Super built-up  Area,Yelahanka New Town,1100.0,2.0,1.0,58.0,2.0,5272.727272727273,4.0
Super built-up  Area,Uttarahalli,1330.0,2.0,1.0,58.0,3.0,4360.902255639097,5.0
Super built-up  Area,Ulsoor,1685.0,4.0,2.0,185.0,3.0,10979.228486646884,7.0
Super built-up  Area,Other,2400.0,5.0,2.0,75.0,6.0,3125.0,11.0
Super built-up  Area,Banashankari,1770.0,3.0,3.0,108.0,3.0,6101.6949152542375,6.0
Super built-up  Area,Prithvi Layout,2100.0,3.0,3.0,125.0,3.0,5952.380952380952,6.0
Super built-up  Area,Pai Layout,1000.0,2.0,3.0,42.0,2.0,4200.0,4.0
Plot  Area,Ramamurthy Nagar,2916.0,5.0,1.0,230.0,4.0,7887.517146776406,9.0
Super built-up  Area,Kanakpura Road,1419.59,2.0,1.0,65.0,3.0,4578.786832817927,5.0
Super built-up  Area,Kodihalli,1400.0,3.0,2.0,81.0,3.0,5785.714285714285,6.0
Built-up  Area,Horamavu Agara,750.0,2.0,1.0,37.49,2.0,4998.666666666667,4.0
Super built-up  Area,Bannerghatta,1070.0,2.0,1.0,87.0,2.0,8130.841121495327,4.0
Super built-up  Area,Kannamangala,1536.0,3.0,1.0,107.0,3.0,6966.145833333333,6.0
Built-up  Area,Koramangala,1710.0,3.0,2.0,210.0,3.0,12280.701754385966,6.0
Carpet  Area,JP Nagar,2400.0,3.0,3.0,196.0,3.0,8166.666666666667,6.0
Super built-up  Area,Electronic City,1342.0,2.0,1.0,72.0,2.0,5365.126676602086,4.0
Super built-up  Area,Other,1600.0,3.0,2.0,130.0,3.0,8125.0,6.0
Super built-up  Area,Kanakapura,938.0,1.0,1.0,50.0,1.0,5330.490405117271,2.0
Super built-up  Area,Budigere,1820.0,3.0,2.0,99.0,3.0,5439.56043956044,6.0
Super built-up  Area,Bhoganhalli,2439.0,4.0,3.0,170.0,4.0,6970.069700697007,8.0
Super built-up  Area,Kanakpura Road,1665.0,3.0,2.0,78.0,3.0,4684.684684684685,6.0
Super built-up  Area,Basavangudi,1850.0,3.0,2.0,150.0,3.0,8108.108108108108,6.0
Built-up  Area,Bommanahalli,1091.0,2.0,1.0,40.0,2.0,3666.3611365719526,4.0
Super built-up  Area,Sarjapur  Road,1346.0,2.0,1.0,74.03,2.0,5500.0,4.0
Super built-up  Area,Rajaji Nagar,1720.0,3.0,2.0,224.0,3.0,13023.255813953489,6.0
Built-up  Area,Brookefield,3675.0,4.0,3.0,176.0,4.0,4789.115646258503,8.0
Super built-up  Area,JP Nagar,1060.0,2.0,2.0,33.95,2.0,3202.8301886792456,4.0
Built-up  Area,Whitefield,1059.0,2.0,1.0,57.0,2.0,5382.43626062323,4.0
Super built-up  Area,Hebbal,1299.0,2.0,1.0,97.0,2.0,7467.282525019245,4.0
Super built-up  Area,Yelahanka,1491.0,3.0,2.0,85.0,3.0,5700.871898054997,6.0
Built-up  Area,Basaveshwara Nagar,1200.0,2.0,2.0,85.0,2.0,7083.333333333333,4.0
Built-up  Area,Yelahanka,2088.0,5.0,0.0,110.0,4.0,5268.199233716475,9.0
Super built-up  Area,Hulimavu,581.0,1.0,1.0,29.0,1.0,4991.394148020654,2.0
Super built-up  Area,Other,1296.0,2.0,2.0,70.0,2.0,5401.234567901234,4.0
Super built-up  Area,Other,1125.0,2.0,1.0,55.0,2.0,4888.888888888889,4.0
Built-up  Area,Electronic City,1275.0,3.0,1.0,70.0,3.0,5490.196078431372,6.0
Super built-up  Area,Kothanur,1095.0,2.0,2.0,55.0,2.0,5022.83105022831,4.0
Plot  Area,Sarjapur  Road,10000.0,4.0,2.0,975.0,5.0,9750.0,9.0
Super built-up  Area,Old Madras Road,1330.0,2.0,2.0,74.0,2.0,5563.909774436091,4.0
Super built-up  Area,Marathahalli,1135.0,2.0,2.0,60.0,2.0,5286.343612334802,4.0
Super built-up  Area,Whitefield,516.0,1.0,1.0,39.0,1.0,7558.139534883721,2.0
Super built-up  Area,Other,1194.0,2.0,1.0,51.0,2.0,4271.356783919598,4.0
Plot  Area,Banaswadi,2250.0,5.0,2.0,240.0,5.0,10666.666666666666,10.0
Super built-up  Area,Electronic City,770.0,1.0,1.0,38.0,2.0,4935.064935064935,3.0
Super built-up  Area,Sarjapur  Road,3930.0,5.0,2.0,330.0,4.0,8396.946564885497,9.0
Super built-up  Area,Chikkalasandra,1355.0,3.0,2.0,54.2,3.0,4000.0,6.0
Built-up  Area,Abbigere,3000.0,8.0,0.0,150.0,8.0,5000.0,16.0
Built-up  Area,Harlur,2569.0,4.0,1.0,175.0,4.0,6811.989100817439,8.0
Built-up  Area,Hebbal,3758.0,4.0,2.0,450.0,4.0,11974.454497072911,8.0
Super built-up  Area,Bhoganhalli,1707.0,3.0,2.0,115.0,3.0,6736.965436438196,6.0
Super built-up  Area,Sultan Palaya,1070.0,2.0,2.0,49.0,2.0,4579.439252336449,4.0
Built-up  Area,Whitefield,6000.0,4.0,2.0,410.0,4.0,6833.333333333333,8.0
Super built-up  Area,Tumkur Road,1240.0,2.0,1.0,83.0,3.0,6693.548387096775,5.0
Super built-up  Area,JP Nagar,1300.0,2.0,1.0,91.65,2.0,7050.0,4.0
Super built-up  Area,Ambalipura,1700.0,2.0,2.0,76.0,2.0,4470.588235294118,4.0
Super built-up  Area,Yeshwanthpur,1383.0,2.0,2.0,76.18,3.0,5508.315256688359,5.0
Built-up  Area,Other,3000.0,4.0,3.0,170.0,5.0,5666.666666666667,9.0
Super built-up  Area,Hulimavu,935.0,2.0,3.0,45.0,2.0,4812.834224598931,4.0
Super built-up  Area,Thigalarapalya,2072.0,4.0,2.0,151.0,3.0,7287.644787644787,7.0
Built-up  Area,Other,2200.0,3.0,1.0,225.0,4.0,10227.272727272728,7.0
Super built-up  Area,KR Puram,1116.0,2.0,1.0,45.0,2.0,4032.2580645161293,4.0
Super built-up  Area,Whitefield,1639.0,3.0,2.0,107.0,3.0,6528.370957901159,6.0
Super built-up  Area,Marathahalli,1839.0,3.0,2.0,130.0,3.0,7069.0592713431215,6.0
Super built-up  Area,Other,1300.0,2.0,2.0,63.0,2.0,4846.153846153846,4.0
Super built-up  Area,Horamavu Agara,625.0,1.0,1.0,27.0,1.0,4320.0,2.0
Super built-up  Area,Thanisandra,933.0,1.0,1.0,61.0,1.0,6538.049303322615,2.0
Super built-up  Area,Hosur Road,2289.0,3.0,3.0,180.0,3.0,7863.695937090432,6.0
Built-up  Area,Ramamurthy Nagar,2316.0,3.0,0.0,125.0,3.0,5397.2366148531955,6.0
Super built-up  Area,Electronic City,1005.0,2.0,1.0,39.77,2.0,3957.213930348259,4.0
Built-up  Area,Horamavu Agara,1080.0,2.0,1.0,38.0,2.0,3518.5185185185187,4.0
Super built-up  Area,Vishwapriya Layout,910.0,2.0,3.0,36.0,2.0,3956.043956043956,4.0
Plot  Area,Hormavu,1200.0,2.0,0.0,73.0,2.0,6083.333333333333,4.0
Super built-up  Area,Electronic City,1110.0,2.0,1.0,39.9,2.0,3594.5945945945946,4.0
Super built-up  Area,Kothanur,1142.0,2.0,2.0,56.0,2.0,4903.6777583187395,4.0
Carpet  Area,2nd Stage Nagarbhavi,4000.0,4.0,3.0,240.0,5.0,6000.0,9.0
Plot  Area,Hormavu,1800.0,3.0,1.0,204.0,3.0,11333.333333333334,6.0
Super built-up  Area,AECS Layout,1005.0,2.0,1.0,55.0,2.0,5472.636815920398,4.0
Built-up  Area,Other,1626.6,3.0,1.0,133.0,3.0,8176.564613303824,6.0
Super built-up  Area,Kothanur,1074.0,2.0,2.0,54.0,2.0,5027.932960893855,4.0
Carpet  Area,Basavangudi,1230.0,2.0,0.0,80.0,2.0,6504.065040650406,4.0
Super built-up  Area,Electronic City,660.0,1.0,1.0,23.0,2.0,3484.848484848485,3.0
Built-up  Area,Other,1007.0,2.0,2.0,48.0,2.0,4766.633565044687,4.0
Built-up  Area,Whitefield,1820.0,3.0,2.0,113.0,3.0,6208.791208791209,6.0
Plot  Area,Other,1348.0,2.0,0.0,100.0,2.0,7418.39762611276,4.0
Super built-up  Area,Kasavanhalli,1230.0,2.0,2.0,66.25,2.0,5386.178861788618,4.0
Super built-up  Area,Horamavu Agara,1176.0,2.0,1.0,37.62,3.0,3198.9795918367345,5.0
Built-up  Area,Frazer Town,1200.0,2.0,1.0,78.0,2.0,6500.0,4.0
Built-up  Area,Other,1298.0,2.0,1.0,65.0,2.0,5007.704160246533,4.0
Plot  Area,Other,1350.0,4.0,0.0,175.0,4.0,12962.962962962964,8.0
Super built-up  Area,Kothanur,1285.0,2.0,1.0,60.0,2.0,4669.260700389105,4.0
Super built-up  Area,Electronic City,1644.0,3.0,2.0,92.59,3.0,5631.995133819952,6.0
Super built-up  Area,Kasavanhalli,1819.0,3.0,1.0,150.0,3.0,8246.289169873557,6.0
Super built-up  Area,1st Phase JP Nagar,1205.0,2.0,1.0,85.0,2.0,7053.941908713693,4.0
Super built-up  Area,Raja Rajeshwari Nagar,1270.0,2.0,2.0,62.0,2.0,4881.889763779527,4.0
Super built-up  Area,9th Phase JP Nagar,1240.0,2.0,2.0,39.89,3.0,3216.935483870968,5.0
Super built-up  Area,Jigani,1221.0,3.0,3.0,70.0,3.0,5733.005733005733,6.0
Super built-up  Area,Kanakpura Road,1339.0,2.0,2.0,63.0,2.0,4705.003734129948,4.0
Super built-up  Area,Thigalarapalya,4303.0,5.0,2.0,300.0,4.0,6971.880083662561,9.0
Super built-up  Area,Haralur Road,1315.0,2.0,1.0,85.0,2.0,6463.878326996198,4.0
Super built-up  Area,Raja Rajeshwari Nagar,1250.0,2.0,2.0,68.0,2.0,5440.0,4.0
Super built-up  Area,Bisuvanahalli,850.0,2.0,1.0,27.0,2.0,3176.470588235294,4.0
Super built-up  Area,7th Phase JP Nagar,1600.0,2.0,2.0,110.0,3.0,6875.0,5.0
Built-up  Area,Electronic City,1250.0,2.0,1.0,62.0,2.0,4960.0,4.0
Super built-up  Area,Other,1312.0,2.0,1.0,56.5,3.0,4306.40243902439,5.0
Super built-up  Area,Kadugodi,3000.0,4.0,0.0,134.0,4.0,4466.666666666667,8.0
Built-up  Area,Electronic City Phase II,1300.0,2.0,2.0,28.0,2.0,2153.846153846154,4.0
Built-up  Area,Whitefield,1990.0,3.0,3.0,98.0,3.0,4924.62311557789,6.0
Super built-up  Area,Other,760.0,2.0,2.0,38.5,2.0,5065.789473684211,4.0
Plot  Area,Ambedkar Nagar,5000.0,4.0,2.0,536.0,4.0,10720.0,8.0
Super built-up  Area,Kadugodi,1614.0,2.0,2.0,59.0,3.0,3655.5142503097895,5.0
Plot  Area,Judicial Layout,1500.0,3.0,2.0,162.0,4.0,10800.0,7.0
Super built-up  Area,Other,1182.0,2.0,1.0,60.1,3.0,5084.602368866328,5.0
Super built-up  Area,Other,1053.0,2.0,1.0,46.29,2.0,4396.011396011396,4.0
Built-up  Area,6th Phase JP Nagar,750.0,1.0,1.0,105.0,1.0,14000.0,2.0
Super built-up  Area,Gubbalala,2000.0,3.0,3.0,125.0,3.0,6250.0,6.0
Built-up  Area,Electronic City Phase II,1940.0,4.0,3.0,116.0,3.0,5979.381443298969,7.0
Super built-up  Area,Hennur Road,1590.0,3.0,2.0,105.0,3.0,6603.773584905661,6.0
Super built-up  Area,Other,1035.0,2.0,2.0,52.79,2.0,5100.48309178744,4.0
Super built-up  Area,Kothanur,1075.0,2.0,2.0,53.0,2.0,4930.232558139535,4.0
Super built-up  Area,Raja Rajeshwari Nagar,1260.0,2.0,1.0,62.0,3.0,4920.6349206349205,5.0
Super built-up  Area,Thanisandra,1702.0,3.0,2.0,107.0,3.0,6286.721504112808,6.0
Super built-up  Area,Bisuvanahalli,1080.0,2.0,2.0,65.0,3.0,6018.518518518518,5.0
Built-up  Area,Kasavanhalli,1189.0,2.0,1.0,45.0,2.0,3784.6930193439866,4.0
Super built-up  Area,Tumkur Road,1035.0,2.0,1.0,39.0,2.0,3768.1159420289855,4.0
Super built-up  Area,Hennur Road,1200.0,2.0,1.0,36.0,2.0,3000.0,4.0
Plot  Area,Mahalakshmi Layout,4482.0,6.0,2.0,852.0,8.0,19009.37081659973,14.0
Plot  Area,Other,1200.0,3.0,0.0,200.0,3.0,16666.666666666668,6.0
Super built-up  Area,Kanakpura Road,1300.0,3.0,1.0,69.0,3.0,5307.692307692308,6.0
Super built-up  Area,Yelahanka,1330.0,2.0,1.0,93.65,2.0,7041.353383458647,4.0
Super built-up  Area,Kaggalipura,1210.0,2.0,1.0,65.0,3.0,5371.900826446281,5.0
Built-up  Area,Chikkalasandra,1350.0,2.0,2.0,54.2,3.0,4014.814814814815,5.0
Super built-up  Area,Kaval Byrasandra,1900.0,2.0,2.0,65.0,3.0,3421.0526315789475,5.0
Super built-up  Area,Ambedkar Nagar,1935.0,4.0,2.0,125.0,3.0,6459.948320413437,7.0
Super built-up  Area,Other,1410.0,3.0,3.0,90.0,3.0,6382.978723404255,6.0
Super built-up  Area,Other,1469.0,2.0,2.0,99.14,2.0,6748.8087134104835,4.0
Super built-up  Area,Varthur,986.0,2.0,1.0,30.0,2.0,3042.5963488843813,4.0
Super built-up  Area,Other,1460.0,2.0,2.0,87.0,3.0,5958.904109589041,5.0
Super built-up  Area,Chandapura,1345.0,2.0,2.0,39.5,3.0,2936.8029739776953,5.0
Super built-up  Area,Panathur,980.0,2.0,1.0,57.0,2.0,5816.326530612245,4.0
Built-up  Area,Kudlu Gate,1164.0,2.0,2.0,75.0,2.0,6443.298969072165,4.0
Super built-up  Area,Subramanyapura,929.0,1.0,2.0,51.0,2.0,5489.773950484392,3.0
Built-up  Area,Kundalahalli,1065.0,2.0,1.0,70.0,2.0,6572.769953051643,4.0
Super built-up  Area,Budigere,1172.0,2.0,0.0,56.725,2.0,4840.017064846416,4.0
Super built-up  Area,Other,3000.0,3.0,1.0,265.0,3.0,8833.333333333334,6.0
Super built-up  Area,Electronic City,1020.0,2.0,1.0,30.27,2.0,2967.6470588235293,4.0
Super built-up  Area,Gunjur,1362.0,3.0,1.0,62.63,3.0,4598.384728340676,6.0
Super built-up  Area,Yeshwanthpur,672.0,1.0,1.0,36.85,1.0,5483.630952380952,2.0
Super built-up  Area,Brookefield,1746.0,3.0,3.0,115.0,3.0,6586.483390607102,6.0
Super built-up  Area,Harlur,1532.0,2.0,1.0,65.0,2.0,4242.819843342037,4.0
Super built-up  Area,Other,1200.0,2.0,2.0,120.0,3.0,10000.0,5.0
Super built-up  Area,Other,1250.0,2.0,2.0,65.0,2.0,5200.0,4.0
Super built-up  Area,Thanisandra,1188.0,2.0,1.0,39.0,2.0,3282.8282828282827,4.0
Built-up  Area,Whitefield,3565.0,4.0,0.0,218.0,4.0,6115.007012622721,8.0
Super built-up  Area,Marathahalli,1170.0,2.0,2.0,85.0,2.0,7264.957264957265,4.0
Super built-up  Area,Other,1800.0,3.0,2.0,150.0,3.0,8333.333333333334,6.0
Plot  Area,Other,1000.0,2.0,1.0,35.0,2.0,3500.0,4.0
Plot  Area,Cooke Town,2600.0,3.0,1.0,375.0,3.0,14423.076923076924,6.0
Super built-up  Area,Kasturi Nagar,2507.0,4.0,2.0,155.0,4.0,6182.688472277623,8.0
Super built-up  Area,Babusapalaya,1061.0,2.0,1.0,34.0,2.0,3204.5240339302545,4.0
Super built-up  Area,KR Puram,1290.0,2.0,2.0,69.0,2.0,5348.837209302325,4.0
Super built-up  Area,Sarjapur,1200.0,2.0,1.0,42.6,2.0,3550.0,4.0
Super built-up  Area,Bharathi Nagar,1120.0,2.0,2.0,39.29,2.0,3508.035714285714,4.0
Super built-up  Area,Electronic City,418.0,1.0,1.0,12.0,1.0,2870.813397129187,2.0
Super built-up  Area,Sarjapur,1333.0,3.0,1.0,50.0,3.0,3750.9377344336085,6.0
Super built-up  Area,Thanisandra,747.0,1.0,0.0,34.355,1.0,4599.062918340026,2.0
Super built-up  Area,Koramangala,1700.0,3.0,3.0,250.0,3.0,14705.882352941177,6.0
Super built-up  Area,Thanisandra,2030.0,4.0,1.0,125.0,3.0,6157.635467980295,7.0
Super built-up  Area,Balagere,1012.0,2.0,1.0,70.0,2.0,6916.99604743083,4.0
Carpet  Area,Kudlu,1245.0,2.0,1.0,60.0,3.0,4819.277108433735,5.0
Super built-up  Area,7th Phase JP Nagar,1765.0,3.0,2.0,118.0,3.0,6685.552407932011,6.0
Super built-up  Area,Gottigere,1110.0,2.0,2.0,36.25,2.0,3265.765765765766,4.0
Built-up  Area,Other,967.0,2.0,1.0,47.8,2.0,4943.1230610134435,4.0
Super built-up  Area,Sarjapur,1044.0,2.0,2.0,36.0,2.0,3448.2758620689656,4.0
Super built-up  Area,Brookefield,1518.0,3.0,3.0,80.0,3.0,5270.092226613966,6.0
Super built-up  Area,KR Puram,1300.0,2.0,2.0,57.0,3.0,4384.615384615385,5.0
Super built-up  Area,Other,1798.0,3.0,3.0,73.0,3.0,4060.066740823137,6.0
Carpet  Area,KR Puram,866.28,2.0,0.0,36.38,2.0,4199.565960197628,4.0
Super built-up  Area,Whitefield,3410.0,5.0,3.0,253.0,4.0,7419.354838709677,9.0
Super built-up  Area,Singasandra,1179.0,2.0,2.0,56.0,2.0,4749.787955894826,4.0
Super built-up  Area,Rajaji Nagar,3600.0,5.0,2.0,510.0,5.0,14166.666666666666,10.0
Super built-up  Area,Other,2098.0,3.0,1.0,210.0,3.0,10009.532888465204,6.0
Super built-up  Area,Other,2400.0,3.0,1.0,270.0,3.0,11250.0,6.0
Built-up  Area,Haralur Road,1976.0,3.0,2.0,92.0,3.0,4655.87044534413,6.0
Built-up  Area,5th Phase JP Nagar,1190.0,2.0,2.0,61.8,2.0,5193.27731092437,4.0
Super built-up  Area,Other,1800.0,3.0,3.0,192.0,3.0,10666.666666666666,6.0
Super built-up  Area,Jakkur,1761.0,3.0,1.0,84.52,3.0,4799.545712663259,6.0
Super built-up  Area,Cooke Town,1700.0,3.0,3.0,120.0,3.0,7058.823529411765,6.0
Super built-up  Area,Electronic City,1128.0,2.0,1.0,64.8,2.0,5744.68085106383,4.0
Built-up  Area,Electronic City,1220.0,2.0,1.0,35.25,3.0,2889.344262295082,5.0
Super built-up  Area,Other,509.0,1.0,1.0,20.0,1.0,3929.2730844793714,2.0
Super built-up  Area,Ambedkar Nagar,1852.0,4.0,2.0,122.0,3.0,6587.473002159827,7.0
Super built-up  Area,Varthur,1045.0,2.0,1.0,40.65,2.0,3889.9521531100477,4.0
Super built-up  Area,Other,3535.0,4.0,2.0,215.0,4.0,6082.036775106082,8.0
Super built-up  Area,Other,1800.0,3.0,2.0,82.0,4.0,4555.555555555556,7.0
Super built-up  Area,Hebbal Kempapura,1436.0,2.0,2.0,75.0,3.0,5222.841225626741,5.0
Super built-up  Area,Other,1397.0,2.0,2.0,52.0,3.0,3722.2619899785254,5.0
Super built-up  Area,Kothanur,1140.0,2.0,2.0,56.0,2.0,4912.2807017543855,4.0
Super built-up  Area,Balagere,645.0,1.0,1.0,55.0,1.0,8527.131782945737,2.0
Plot  Area,Other,2350.0,5.0,2.0,325.0,5.0,13829.787234042553,10.0
Plot  Area,Nagarbhavi,1200.0,3.0,2.0,225.0,3.0,18750.0,6.0
Carpet  Area,Other,2050.0,3.0,2.0,135.0,3.0,6585.365853658536,6.0
Super built-up  Area,Sarjapur  Road,1335.0,2.0,1.0,95.0,2.0,7116.104868913858,4.0
Plot  Area,Other,2100.0,1.0,1.0,200.0,2.0,9523.809523809523,3.0
Super built-up  Area,Thanisandra,1140.0,2.0,1.0,59.0,2.0,5175.438596491228,4.0
Super built-up  Area,Hosakerehalli,2376.0,3.0,1.0,240.0,3.0,10101.0101010101,6.0
Super built-up  Area,Thanisandra,663.0,1.0,1.0,46.0,1.0,6938.15987933635,2.0
Super built-up  Area,Other,1276.0,2.0,0.0,146.0,2.0,11442.006269592477,4.0
Super built-up  Area,Kanakpura Road,1450.0,3.0,3.0,60.9,3.0,4200.0,6.0
Super built-up  Area,Kodichikkanahalli,1400.0,3.0,3.0,66.0,3.0,4714.285714285715,6.0
Super built-up  Area,Other,1339.0,2.0,1.0,53.56,2.0,4000.0,4.0
Built-up  Area,Electronic City,1220.0,2.0,1.0,35.23,3.0,2887.7049180327863,5.0
Built-up  Area,Malleshwaram,2200.0,3.0,2.0,275.0,3.0,12500.0,6.0
Built-up  Area,Other,1305.0,2.0,2.0,52.0,2.0,3984.6743295019155,4.0
Built-up  Area,Green Glen Layout,1740.0,3.0,3.0,80.0,3.0,4597.701149425287,6.0
Super built-up  Area,Anekal,680.0,1.0,1.0,21.0,2.0,3088.235294117647,3.0
Super built-up  Area,Bannerghatta Road,1154.0,2.0,2.0,47.0,2.0,4072.790294627383,4.0
Built-up  Area,Munnekollal,1200.0,2.0,2.0,40.0,2.0,3333.3333333333335,4.0
Super built-up  Area,Hennur,1155.0,2.0,2.0,54.5,2.0,4718.614718614718,4.0
Super built-up  Area,Sarjapur  Road,1525.0,2.0,3.0,63.0,3.0,4131.147540983607,5.0
Built-up  Area,Giri Nagar,600.0,1.0,1.0,125.0,1.0,20833.333333333332,2.0
Super built-up  Area,Hebbal,2470.0,5.0,2.0,192.0,4.0,7773.27935222672,9.0
Super built-up  Area,Padmanabhanagar,1100.0,2.0,1.0,60.0,2.0,5454.545454545455,4.0
Super built-up  Area,Hormavu,1250.0,2.0,2.0,65.0,2.0,5200.0,4.0
Super built-up  Area,Kothanur,1400.0,2.0,1.0,70.0,2.0,5000.0,4.0
Super built-up  Area,Other,1600.0,3.0,2.0,100.0,3.0,6250.0,6.0
Built-up  Area,Electronic City,1060.0,2.0,1.0,55.0,2.0,5188.679245283019,4.0
Super built-up  Area,Horamavu Banaswadi,1272.0,2.0,2.0,50.0,2.0,3930.817610062893,4.0
Super built-up  Area,Kanakpura Road,1296.0,2.0,2.0,105.0,2.0,8101.851851851852,4.0
Built-up  Area,Other,2100.0,3.0,2.0,280.0,4.0,13333.333333333334,7.0
Super built-up  Area,Karuna Nagar,1945.0,3.0,3.0,115.0,3.0,5912.596401028278,6.0
Super built-up  Area,Chandapura,1033.0,2.0,2.0,30.47,3.0,2949.6611810261375,5.0
Super built-up  Area,Other,2300.0,2.0,2.0,69.0,3.0,3000.0,5.0
Super built-up  Area,Other,1235.0,2.0,2.0,52.76,2.0,4272.064777327935,4.0
Super built-up  Area,Other,2100.0,3.0,1.0,270.0,3.0,12857.142857142857,6.0
Super built-up  Area,Other,850.0,2.0,1.0,42.5,2.0,5000.0,4.0
Super built-up  Area,Subramanyapura,1880.0,3.0,2.0,110.0,3.0,5851.063829787234,6.0
Super built-up  Area,1st Block Jayanagar,2450.0,4.0,2.0,368.0,4.0,15020.408163265307,8.0
Super built-up  Area,Kenchenahalli,1060.0,2.0,2.0,52.0,2.0,4905.66037735849,4.0
Super built-up  Area,Hennur Road,2041.0,3.0,3.0,138.0,3.0,6761.391474767271,6.0
Built-up  Area,Hulimavu,1050.0,2.0,2.0,125.0,2.0,11904.761904761905,4.0
Built-up  Area,Other,1150.0,2.0,1.0,39.0,2.0,3391.304347826087,4.0
Super built-up  Area,LB Shastri Nagar,1184.0,2.0,1.0,62.0,2.0,5236.486486486487,4.0
Built-up  Area,Sarjapur  Road,1680.0,3.0,2.0,126.0,3.0,7500.0,6.0
Super built-up  Area,Thanisandra,1411.0,3.0,2.0,100.0,3.0,7087.172218284904,6.0
Super built-up  Area,Kanakpura Road,900.0,2.0,2.0,41.0,2.0,4555.555555555556,4.0
Built-up  Area,Other,3500.0,4.0,3.0,320.0,4.0,9142.857142857143,8.0
Super built-up  Area,Thanisandra,1702.0,3.0,2.0,120.0,3.0,7050.5287896592245,6.0
Super built-up  Area,Yelahanka,1185.0,2.0,2.0,45.0,2.0,3797.46835443038,4.0
Super built-up  Area,Kanakpura Road,1300.0,3.0,1.0,64.0,3.0,4923.076923076923,6.0
Super built-up  Area,Other,1545.0,3.0,2.0,65.0,3.0,4207.119741100324,6.0
Super built-up  Area,6th Phase JP Nagar,1515.0,2.0,2.0,135.0,3.0,8910.89108910891,5.0
Super built-up  Area,Jigani,1300.0,3.0,3.0,55.0,3.0,4230.7692307692305,6.0
Super built-up  Area,JP Nagar,1107.0,2.0,1.0,57.0,2.0,5149.051490514905,4.0
Super built-up  Area,Old Madras Road,1720.0,3.0,2.0,106.0,3.0,6162.790697674419,6.0
Super built-up  Area,Other,1540.0,3.0,2.0,150.0,3.0,9740.25974025974,6.0
Super built-up  Area,Bannerghatta Road,1000.0,2.0,1.0,44.5,2.0,4450.0,4.0
Super built-up  Area,Electronic City,710.0,1.0,1.0,40.42,1.0,5692.957746478874,2.0
Built-up  Area,Other,3200.0,4.0,0.0,270.0,4.0,8437.5,8.0
Plot  Area,Other,900.0,2.0,2.0,160.0,2.0,17777.777777777777,4.0
Built-up  Area,Bannerghatta Road,1250.0,2.0,0.0,48.0,2.0,3840.0,4.0
Built-up  Area,Kaggadasapura,2400.0,4.0,3.0,130.0,5.0,5416.666666666667,9.0
Super built-up  Area,Hegde Nagar,1584.01,3.0,1.0,104.0,3.0,6565.615116066187,6.0
Plot  Area,Kammasandra,1200.0,6.0,3.0,60.0,4.0,5000.0,10.0
Super built-up  Area,Kaggadasapura,1485.0,2.0,2.0,70.0,3.0,4713.804713804714,5.0
Built-up  Area,Hennur Road,1100.0,2.0,1.0,78.0,3.0,7090.909090909091,5.0
Super built-up  Area,8th Phase JP Nagar,1245.0,2.0,1.0,59.0,2.0,4738.955823293173,4.0
Built-up  Area,Hennur Road,1880.0,4.0,0.0,154.0,4.0,8191.489361702128,8.0
Super built-up  Area,Frazer Town,2214.0,3.0,3.0,350.0,3.0,15808.491418247515,6.0
Built-up  Area,Other,1050.0,2.0,2.0,45.0,2.0,4285.714285714285,4.0
Super built-up  Area,Bannerghatta Road,1640.0,3.0,2.0,105.0,3.0,6402.4390243902435,6.0
Super built-up  Area,Other,1165.0,2.0,1.0,65.0,2.0,5579.399141630901,4.0
Built-up  Area,Kengeri Satellite Town,1110.0,2.0,1.0,43.0,2.0,3873.873873873874,4.0
Built-up  Area,Other,4000.0,4.0,2.0,630.0,4.0,15750.0,8.0
Built-up  Area,Uttarahalli,4500.0,4.0,0.0,150.0,4.0,3333.3333333333335,8.0
Plot  Area,Other,1200.0,1.0,0.0,42.0,2.0,3500.0,3.0
Super built-up  Area,Hennur Road,1232.0,2.0,1.0,69.61,2.0,5650.162337662337,4.0
Super built-up  Area,Jalahalli,1704.0,3.0,2.0,94.36,3.0,5537.55868544601,6.0
Built-up  Area,7th Phase JP Nagar,1275.0,2.0,2.0,88.0,3.0,6901.9607843137255,5.0
Super built-up  Area,Sarjapur  Road,1222.0,2.0,1.0,68.0,3.0,5564.648117839607,5.0
Super built-up  Area,Electronic City,1000.0,2.0,1.0,29.95,2.0,2995.0,4.0
Super built-up  Area,Yelahanka,1517.0,3.0,2.0,71.28,3.0,4698.7475280158205,6.0
Super built-up  Area,Horamavu Agara,1166.0,2.0,1.0,37.29,2.0,3198.1132075471696,4.0
Built-up  Area,Electronic City,870.0,2.0,2.0,24.0,2.0,2758.6206896551726,4.0
Super built-up  Area,5th Phase JP Nagar,4000.0,5.0,2.0,170.0,5.0,4250.0,10.0
Plot  Area,Rajaji Nagar,1350.0,4.0,1.0,230.0,4.0,17037.037037037036,8.0
Super built-up  Area,Yelahanka,3019.0,6.0,2.0,190.0,4.0,6293.474660483604,10.0
Super built-up  Area,Whitefield,1345.0,3.0,1.0,58.0,3.0,4312.267657992565,6.0
Plot  Area,Dommasandra,900.0,3.0,1.0,75.0,3.0,8333.333333333334,6.0
Super built-up  Area,EPIP Zone,3800.0,5.0,2.0,170.0,4.0,4473.684210526316,9.0
Super built-up  Area,Chandapura,971.0,2.0,2.0,38.0,3.0,3913.491246138002,5.0
Built-up  Area,EPIP Zone,1810.0,2.0,2.0,65.0,2.0,3591.160220994475,4.0
Built-up  Area,Other,1300.0,2.0,1.0,58.0,2.0,4461.538461538462,4.0
Super built-up  Area,Thanisandra,1185.0,2.0,2.0,45.0,2.0,3797.46835443038,4.0
Super built-up  Area,Other,1350.0,2.0,3.0,68.0,2.0,5037.037037037037,4.0
Super built-up  Area,Budigere,1590.0,3.0,0.0,76.16,3.0,4789.937106918239,6.0
Super built-up  Area,Other,3000.0,6.0,3.0,180.0,7.0,6000.0,13.0
Plot  Area,Brookefield,1560.0,3.0,2.0,149.0,4.0,9551.28205128205,7.0
Super built-up  Area,Somasundara Palya,1650.0,3.0,2.0,126.0,3.0,7636.363636363636,6.0
Super built-up  Area,Other,1645.0,3.0,2.0,87.0,3.0,5288.753799392097,6.0
Super built-up  Area,Hennur Road,1748.0,3.0,2.0,103.0,3.0,5892.448512585813,6.0
Plot  Area,Channasandra,1200.0,3.0,1.0,67.77,3.0,5647.5,6.0
Built-up  Area,Kengeri Satellite Town,1170.0,2.0,3.0,50.0,2.0,4273.504273504273,4.0
Built-up  Area,Sarjapur  Road,3420.0,4.0,2.0,225.0,4.0,6578.9473684210525,8.0
Built-up  Area,Hulimavu,1320.0,2.0,2.0,65.0,3.0,4924.242424242424,5.0
Super built-up  Area,Bhoganhalli,1610.0,3.0,2.0,84.53,3.0,5250.310559006211,6.0
Super built-up  Area,Frazer Town,1870.0,3.0,3.0,180.0,3.0,9625.668449197861,6.0
Super built-up  Area,Sarjapur  Road,1510.0,2.0,1.0,110.0,3.0,7284.76821192053,5.0
Built-up  Area,Other,2700.0,7.0,3.0,110.0,6.0,4074.074074074074,13.0
Super built-up  Area,Other,1305.0,2.0,1.0,45.68,3.0,3500.383141762452,5.0
Super built-up  Area,Mahadevpura,1500.0,2.0,1.0,70.0,3.0,4666.666666666667,5.0
Super built-up  Area,Indira Nagar,1149.0,2.0,1.0,130.0,2.0,11314.186248912098,4.0
Built-up  Area,Thanisandra,1948.0,4.0,2.0,129.0,4.0,6622.17659137577,8.0
Plot  Area,Margondanahalli,1448.0,3.0,1.0,70.0,3.0,4834.254143646409,6.0
Super built-up  Area,Sarjapur  Road,1242.0,2.0,1.0,78.0,2.0,6280.193236714976,4.0
Super built-up  Area,Sonnenahalli,1268.0,2.0,1.0,58.0,2.0,4574.132492113565,4.0
Super built-up  Area,Ramamurthy Nagar,1101.0,2.0,1.0,50.0,2.0,4541.326067211626,4.0
Super built-up  Area,Other,1255.0,2.0,3.0,65.0,2.0,5179.282868525896,4.0
Super built-up  Area,Sarjapur  Road,984.0,3.0,2.0,140.0,3.0,14227.642276422765,6.0
Super built-up  Area,Hosa Road,1089.0,2.0,1.0,32.67,2.0,3000.0,4.0
Built-up  Area,Other,800.0,1.0,3.0,95.0,2.0,11875.0,3.0
Plot  Area,Thanisandra,3600.0,9.0,3.0,125.0,8.0,3472.222222222222,17.0
Plot  Area,Other,1650.0,2.0,1.0,140.0,4.0,8484.848484848484,6.0
Super built-up  Area,Kaggalipura,950.0,2.0,1.0,45.0,2.0,4736.8421052631575,4.0
Super built-up  Area,HBR Layout,1068.0,2.0,1.0,43.0,2.0,4026.2172284644193,4.0
Built-up  Area,Yelahanka New Town,860.0,1.0,2.0,31.0,2.0,3604.6511627906975,3.0
Built-up  Area,Kengeri,3000.0,5.0,2.0,130.0,8.0,4333.333333333333,13.0
Super built-up  Area,Yelahanka,1756.0,3.0,2.0,66.73,3.0,3800.113895216401,6.0
Super built-up  Area,Whitefield,1205.0,2.0,1.0,41.0,2.0,3402.4896265560164,4.0
Super built-up  Area,Banashankari,1800.0,3.0,2.0,125.0,3.0,6944.444444444444,6.0
Super built-up  Area,Other,8321.0,5.0,2.0,2912.0,4.0,34995.79377478668,9.0
Built-up  Area,Hormavu,1604.0,3.0,0.0,68.0,3.0,4239.401496259352,6.0
Super built-up  Area,Old Airport Road,2732.0,4.0,3.0,204.0,4.0,7467.0571010248905,8.0
Super built-up  Area,Chandapura,1015.0,2.0,2.0,25.88,2.0,2549.753694581281,4.0
Super built-up  Area,Ananth Nagar,1010.0,2.0,2.0,38.0,2.0,3762.3762376237623,4.0
Built-up  Area,Nagarbhavi,1250.0,3.0,0.0,170.0,2.0,13600.0,5.0
Super built-up  Area,Doddakallasandra,1010.0,2.0,1.0,41.0,2.0,4059.4059405940593,4.0
Super built-up  Area,Yelahanka,1050.0,2.0,2.0,33.1,2.0,3152.3809523809523,4.0
Super built-up  Area,Harlur,1710.0,3.0,2.0,85.0,3.0,4970.7602339181285,6.0
Super built-up  Area,Mysore Road,1248.52,3.0,2.0,115.0,3.0,9210.90571236344,6.0
Built-up  Area,Attibele,410.0,1.0,1.0,10.0,1.0,2439.0243902439024,2.0
Super built-up  Area,Bannerghatta Road,1656.0,2.0,1.0,62.93,3.0,3800.1207729468597,5.0
Super built-up  Area,Other,1451.0,3.0,1.0,68.0,3.0,4686.423156443831,6.0
Super built-up  Area,JP Nagar,1250.0,2.0,2.0,93.0,2.0,7440.0,4.0
Plot  Area,Other,4395.0,3.0,3.0,240.0,3.0,5460.750853242321,6.0
Super built-up  Area,Hebbal,4600.0,6.0,2.0,650.0,4.0,14130.434782608696,10.0
Built-up  Area,Sonnenahalli,1340.0,2.0,3.0,42.0,3.0,3134.3283582089553,5.0
Super built-up  Area,Other,1100.0,2.0,2.0,38.5,2.0,3500.0,4.0
Super built-up  Area,Whitefield,6000.0,6.0,2.0,700.0,4.0,11666.666666666666,10.0
Super built-up  Area,Devarachikkanahalli,1700.0,3.0,1.0,71.0,3.0,4176.470588235294,6.0
Super built-up  Area,KR Puram,1096.0,2.0,1.0,43.0,2.0,3923.3576642335765,4.0
Built-up  Area,Other,1936.0,3.0,2.0,139.0,3.0,7179.752066115702,6.0
Super built-up  Area,Nehru Nagar,1269.0,2.0,2.0,63.0,3.0,4964.5390070921985,5.0
Super built-up  Area,Other,3500.0,3.0,1.0,630.0,3.0,18000.0,6.0
Super built-up  Area,Panathur,1586.0,3.0,1.0,125.0,3.0,7881.462799495586,6.0
Super built-up  Area,Rajaji Nagar,1376.0,2.0,1.0,124.0,2.0,9011.627906976744,4.0
Super built-up  Area,Kanakpura Road,1452.0,3.0,3.0,56.5,3.0,3891.184573002755,6.0
Super built-up  Area,Hosa Road,1538.0,3.0,1.0,107.0,3.0,6957.087126137842,6.0
Super built-up  Area,Hosur Road,1427.0,2.0,1.0,130.0,3.0,9110.021023125439,5.0
Built-up  Area,Other,935.0,2.0,0.0,40.0,2.0,4278.07486631016,4.0
Built-up  Area,Other,1220.0,2.0,3.0,65.0,2.0,5327.868852459016,4.0
Super built-up  Area,Harlur,1197.0,2.0,1.0,77.0,2.0,6432.748538011696,4.0
Super built-up  Area,Varthur,674.0,1.0,1.0,19.9,2.0,2952.522255192878,3.0
Built-up  Area,Kengeri,410.0,1.0,1.0,15.0,1.0,3658.5365853658536,2.0
Built-up  Area,Thanisandra,1573.0,3.0,1.0,90.0,3.0,5721.551176096631,6.0
Super built-up  Area,Dodda Nekkundi,1135.0,2.0,2.0,58.0,2.0,5110.132158590309,4.0
Built-up  Area,Other,1400.0,2.0,1.0,40.43,3.0,2887.8571428571427,5.0
Super built-up  Area,Other,1200.0,1.0,0.0,65.0,1.0,5416.666666666667,2.0
Plot  Area,Other,1800.0,3.0,0.0,95.0,3.0,5277.777777777777,6.0
Built-up  Area,Other,2045.0,3.0,2.0,108.0,3.0,5281.173594132029,6.0
Super built-up  Area,Sonnenahalli,1268.0,2.0,1.0,56.0,2.0,4416.403785488959,4.0
Super built-up  Area,Yelahanka,1600.0,3.0,3.0,100.0,3.0,6250.0,6.0
Super built-up  Area,Thanisandra,1056.0,2.0,2.0,70.0,2.0,6628.787878787879,4.0
Plot  Area,Whitefield,4500.0,4.0,2.0,330.0,4.0,7333.333333333333,8.0
Super built-up  Area,KR Puram,1204.0,2.0,2.0,58.0,2.0,4817.275747508305,4.0
Super built-up  Area,Other,1410.0,2.0,1.0,54.0,3.0,3829.7872340425533,5.0
Built-up  Area,Hennur Road,1460.0,2.0,1.0,80.3,2.0,5500.0,4.0
Super built-up  Area,Dodda Nekkundi,1100.0,2.0,1.0,41.18,2.0,3743.6363636363635,4.0
Super built-up  Area,Other,1310.0,2.0,1.0,88.0,2.0,6717.557251908397,4.0
Super built-up  Area,Sector 2 HSR Layout,1600.0,3.0,2.0,90.0,3.0,5625.0,6.0
Super built-up  Area,Other,1250.0,2.0,2.0,55.0,2.0,4400.0,4.0
Super built-up  Area,Sarjapur  Road,1665.0,3.0,2.0,74.93,3.0,4500.3003003003005,6.0
Built-up  Area,Other,2000.0,5.0,2.0,240.0,5.0,12000.0,10.0
Super built-up  Area,Singasandra,1416.0,2.0,2.0,67.0,2.0,4731.6384180790965,4.0
Built-up  Area,Munnekollal,7200.0,10.0,3.0,200.0,10.0,2777.777777777778,20.0
Built-up  Area,Jigani,1231.0,3.0,2.0,58.0,3.0,4711.6165718927705,6.0
Super built-up  Area,Yelahanka,1664.0,3.0,0.0,73.95,3.0,4444.110576923077,6.0
Built-up  Area,TC Palaya,2000.0,3.0,1.0,76.0,3.0,3800.0,6.0
Built-up  Area,Rajiv Nagar,972.0,2.0,2.0,43.0,2.0,4423.868312757201,4.0
Built-up  Area,Other,4500.0,4.0,3.0,345.0,4.0,7666.666666666667,8.0
Super built-up  Area,Bellandur,1185.0,2.0,1.0,47.39,2.0,3999.15611814346,4.0
Built-up  Area,Green Glen Layout,1750.0,3.0,2.0,81.0,3.0,4628.571428571428,6.0
Built-up  Area,Other,3155.0,4.0,2.0,316.0,3.0,10015.847860538826,7.0
Super built-up  Area,Balagere,1007.0,2.0,1.0,68.0,2.0,6752.730883813307,4.0
Super built-up  Area,Rajaji Nagar,1700.0,3.0,2.0,200.0,3.0,11764.70588235294,6.0
Super built-up  Area,Whitefield,1250.0,2.0,2.0,85.0,2.0,6800.0,4.0
Super built-up  Area,Other,1200.0,2.0,1.0,54.0,2.0,4500.0,4.0
Super built-up  Area,Horamavu Agara,994.0,2.0,1.0,42.28,2.0,4253.521126760564,4.0
Super built-up  Area,Ramamurthy Nagar,1150.0,2.0,2.0,40.0,2.0,3478.2608695652175,4.0
Super built-up  Area,Thanisandra,1220.0,2.0,2.0,46.0,2.0,3770.4918032786886,4.0
Super built-up  Area,Other,1441.0,2.0,1.0,115.0,2.0,7980.569049271339,4.0
Super built-up  Area,Old Madras Road,1157.0,2.0,2.0,47.32,2.0,4089.887640449438,4.0
Super built-up  Area,Thigalarapalya,1400.0,2.0,2.0,105.0,2.0,7500.0,4.0
Built-up  Area,Tindlu,1370.07,3.0,1.0,65.0,3.0,4744.283138817725,6.0
Super built-up  Area,Judicial Layout,900.0,2.0,1.0,40.0,2.0,4444.444444444444,4.0
Super built-up  Area,Other,418.0,1.0,1.0,17.0,1.0,4066.9856459330144,2.0
Plot  Area,Other,1200.0,3.0,1.0,80.0,3.0,6666.666666666667,6.0
Built-up  Area,ISRO Layout,1200.0,2.0,3.0,43.0,2.0,3583.3333333333335,4.0
Super built-up  Area,Talaghattapura,1062.0,2.0,1.0,42.48,2.0,4000.0,4.0
Super built-up  Area,Kanakpura Road,1120.0,2.0,1.0,51.0,2.0,4553.571428571428,4.0
Super built-up  Area,Bannerghatta Road,1012.0,2.0,1.0,44.0,2.0,4347.826086956522,4.0
Plot  Area,Other,1500.0,2.0,1.0,200.0,3.0,13333.333333333334,5.0
Super built-up  Area,Other,675.0,2.0,2.0,13.5,2.0,2000.0,4.0
Super built-up  Area,Kanakpura Road,1430.0,2.0,2.0,78.0,2.0,5454.545454545455,4.0
Super built-up  Area,Channasandra,1195.0,2.0,1.0,56.0,3.0,4686.192468619247,5.0
Super built-up  Area,Old Madras Road,2640.0,5.0,1.0,150.0,3.0,5681.818181818182,8.0
Super built-up  Area,Hennur Road,1570.0,3.0,0.0,75.99,3.0,4840.127388535031,6.0
Built-up  Area,Sonnenahalli,1011.0,2.0,1.0,59.0,2.0,5835.806132542038,4.0
Super built-up  Area,7th Phase JP Nagar,1450.0,2.0,1.0,102.0,3.0,7034.482758620689,5.0
Super built-up  Area,Sarjapur  Road,1129.0,2.0,1.0,69.0,2.0,6111.603188662533,4.0
Super built-up  Area,Sarjapura - Attibele Road,1126.0,2.0,1.0,36.0,2.0,3197.158081705151,4.0
Plot  Area,Attibele,1200.0,3.0,2.0,110.0,3.0,9166.666666666666,6.0
Super built-up  Area,Sarjapur  Road,1180.0,2.0,2.0,45.0,3.0,3813.5593220338983,5.0
Super built-up  Area,Hennur Road,1933.0,3.0,2.0,140.0,3.0,7242.628039317124,6.0
Built-up  Area,TC Palaya,1082.0,2.0,2.0,64.0,2.0,5914.972273567468,4.0
Plot  Area,LB Shastri Nagar,2400.0,8.0,1.0,250.0,8.0,10416.666666666666,16.0
Super built-up  Area,Other,610.0,1.0,0.0,28.0,1.0,4590.163934426229,2.0
Plot  Area,Raja Rajeshwari Nagar,1560.0,4.0,1.0,160.0,4.0,10256.410256410256,8.0
Super built-up  Area,Kathriguppe,1300.0,3.0,3.0,77.99,3.0,5999.230769230769,6.0
Built-up  Area,Kudlu Gate,3850.0,6.0,0.0,205.0,4.0,5324.675324675325,10.0
Built-up  Area,CV Raman Nagar,1125.0,2.0,1.0,46.0,2.0,4088.8888888888887,4.0
Plot  Area,Other,2400.0,7.0,2.0,107.0,6.0,4458.333333333333,13.0
Super built-up  Area,Kengeri Satellite Town,777.4,2.0,0.0,25.0,2.0,3215.8476974530486,4.0
Super built-up  Area,Battarahalli,2500.0,3.0,1.0,65.0,4.0,2600.0,7.0
Super built-up  Area,Old Airport Road,1798.0,3.0,2.0,150.0,3.0,8342.602892102335,6.0
Built-up  Area,Other,1864.0,3.0,2.0,120.0,3.0,6437.768240343347,6.0
Super built-up  Area,Whitefield,1115.0,2.0,1.0,51.91,2.0,4655.605381165919,4.0
Super built-up  Area,Kengeri,400.0,1.0,1.0,25.0,1.0,6250.0,2.0
Super built-up  Area,Rajaji Nagar,1200.0,2.0,1.0,70.0,2.0,5833.333333333333,4.0
Super built-up  Area,Ananth Nagar,992.0,2.0,2.0,24.8,2.0,2500.0,4.0
Built-up  Area,Other,950.0,2.0,3.0,57.0,2.0,6000.0,4.0
Plot  Area,R.T. Nagar,1500.0,4.0,3.0,185.0,4.0,12333.333333333334,8.0
Super built-up  Area,Bellandur,1200.0,2.0,1.0,62.0,2.0,5166.666666666667,4.0
Built-up  Area,GM Palaya,1735.0,3.0,2.0,70.0,3.0,4034.5821325648417,6.0
Built-up  Area,BTM 2nd Stage,1750.0,3.0,3.0,172.0,3.0,9828.57142857143,6.0
Super built-up  Area,Jalahalli,1470.0,2.0,3.0,102.0,3.0,6938.775510204082,5.0
Super built-up  Area,Bannerghatta Road,1527.0,3.0,2.0,115.0,3.0,7531.106745252128,6.0
Built-up  Area,Other,985.0,2.0,1.0,45.0,2.0,4568.527918781726,4.0
Built-up  Area,Chandapura,3300.0,4.0,2.0,135.0,4.0,4090.909090909091,8.0
Super built-up  Area,Whitefield,1277.0,2.0,1.0,77.0,2.0,6029.757243539546,4.0
Super built-up  Area,Other,1100.0,2.0,1.0,62.0,2.0,5636.363636363636,4.0
Super built-up  Area,Whitefield,1820.0,3.0,2.0,140.0,3.0,7692.307692307692,6.0
Super built-up  Area,Other,1530.0,3.0,3.0,87.0,4.0,5686.274509803921,7.0
Super built-up  Area,Banashankari,1886.0,3.0,2.0,205.0,3.0,10869.565217391304,6.0
Plot  Area,Other,1200.0,2.0,0.0,190.0,3.0,15833.333333333334,5.0
Super built-up  Area,Jakkur,1880.0,4.0,2.0,110.0,3.0,5851.063829787234,7.0
Super built-up  Area,Hennur,1255.0,2.0,2.0,52.35,2.0,4171.314741035857,4.0
Super built-up  Area,Somasundara Palya,1140.0,2.0,2.0,46.0,2.0,4035.0877192982457,4.0
Built-up  Area,Electronic City Phase II,1025.0,2.0,1.0,29.6,2.0,2887.8048780487807,4.0
Built-up  Area,Whitefield,3453.0,4.0,2.0,247.0,4.0,7153.200115841298,8.0
Plot  Area,Other,1200.0,4.0,2.0,165.0,4.0,13750.0,8.0
Super built-up  Area,Sarjapur  Road,1850.0,3.0,2.0,140.0,3.0,7567.5675675675675,6.0
Super built-up  Area,Kaikondrahalli,1250.0,2.0,1.0,78.0,2.0,6240.0,4.0
Super built-up  Area,Other,2400.0,3.0,1.0,108.0,4.0,4500.0,7.0
Super built-up  Area,Kodihalli,3522.0,5.0,3.0,716.0,4.0,20329.358319136853,9.0
Super built-up  Area,Jalahalli,1244.0,2.0,2.0,88.0,2.0,7073.954983922829,4.0
Super built-up  Area,Kengeri Satellite Town,1025.0,2.0,1.0,28.57,2.0,2787.317073170732,4.0
Super built-up  Area,Sarjapur  Road,1034.0,2.0,1.0,38.0,2.0,3675.0483558994197,4.0
Super built-up  Area,Kengeri Satellite Town,1191.0,2.0,2.0,33.34,3.0,2799.3282955499585,5.0
Super built-up  Area,Kasavanhalli,1719.0,3.0,2.0,71.0,3.0,4130.308318789994,6.0
Plot  Area,2nd Stage Nagarbhavi,1500.0,3.0,2.0,230.0,4.0,15333.333333333334,7.0
Super built-up  Area,Hosa Road,1470.0,2.0,2.0,84.22,3.0,5729.251700680272,5.0
Super built-up  Area,Yelahanka,1140.0,2.0,1.0,50.66,2.0,4443.859649122807,4.0
Super built-up  Area,Harlur,1752.12,3.0,2.0,125.0,3.0,7134.214551514737,6.0
Super built-up  Area,Old Madras Road,2990.0,3.0,2.0,170.0,3.0,5685.61872909699,6.0
Super built-up  Area,Bannerghatta Road,1660.0,3.0,2.0,85.0,3.0,5120.481927710844,6.0
Super built-up  Area,Electronic City,1275.0,3.0,3.0,63.43,3.0,4974.901960784314,6.0
Super built-up  Area,Bommasandra Industrial Area,1365.0,3.0,1.0,52.81,3.0,3868.864468864469,6.0
Plot  Area,Other,1200.0,2.0,0.0,90.0,3.0,7500.0,5.0
Super built-up  Area,Kanakpura Road,2546.0,3.0,2.0,170.0,3.0,6677.140612725844,6.0
Super built-up  Area,Banashankari Stage VI,1392.0,3.0,1.0,69.46,3.0,4989.942528735632,6.0
Super built-up  Area,Whitefield,1245.0,2.0,1.0,59.76,2.0,4800.0,4.0
Super built-up  Area,Yeshwanthpur,1162.0,2.0,2.0,64.08,2.0,5514.629948364888,4.0
Super built-up  Area,Singasandra,1476.0,2.0,1.0,73.0,3.0,4945.79945799458,5.0
Built-up  Area,KR Puram,700.0,1.0,1.0,21.5,1.0,3071.4285714285716,2.0
Built-up  Area,Other,3600.0,6.0,1.0,170.0,6.0,4722.222222222223,12.0
Built-up  Area,Jigani,943.0,2.0,2.0,48.0,2.0,5090.1378579003185,4.0
Plot  Area,Pai Layout,1150.0,2.0,1.0,170.0,2.0,14782.608695652174,4.0
Super built-up  Area,Sarjapur  Road,1113.0,2.0,1.0,44.5,2.0,3998.2030548068283,4.0
Super built-up  Area,Varthur,1615.0,3.0,2.0,69.43,3.0,4299.071207430341,6.0
Super built-up  Area,Other,1279.0,2.0,3.0,100.0,2.0,7818.608287724785,4.0
Built-up  Area,Benson Town,1805.0,3.0,2.0,280.0,3.0,15512.465373961219,6.0
Built-up  Area,Sompura,1350.0,3.0,1.0,65.0,3.0,4814.814814814815,6.0
Super built-up  Area,Other,1525.0,3.0,2.0,68.63,3.0,4500.327868852459,6.0
Super built-up  Area,Rajaji Nagar,1357.0,2.0,1.0,123.0,2.0,9064.112011790714,4.0
Super built-up  Area,Ardendale,1777.26,3.0,2.0,92.0,3.0,5176.507657855351,6.0
Super built-up  Area,Bisuvanahalli,845.0,2.0,2.0,32.0,2.0,3786.98224852071,4.0
Built-up  Area,Other,900.0,2.0,0.0,25.0,2.0,2777.777777777778,4.0
Super built-up  Area,Varthur,1210.0,2.0,1.0,64.15,2.0,5301.652892561984,4.0
Super built-up  Area,Electronic City Phase II,829.0,2.0,1.0,22.8,2.0,2750.301568154403,4.0
Super built-up  Area,Sarjapur  Road,1879.0,3.0,2.0,155.0,3.0,8249.068653539116,6.0
Super built-up  Area,Hosur Road,1250.0,2.0,2.0,50.0,3.0,4000.0,5.0
Built-up  Area,Other,1200.0,2.0,2.0,35.0,4.0,2916.6666666666665,6.0
Super built-up  Area,Marathahalli,1108.0,2.0,1.0,60.0,3.0,5415.162454873646,5.0
Super built-up  Area,Kanakpura Road,1401.0,3.0,2.0,69.0,3.0,4925.0535331905785,6.0
Super built-up  Area,Sarjapur  Road,1157.0,2.0,1.0,75.0,3.0,6482.281763180639,5.0
Built-up  Area,Other,1185.0,2.0,1.0,42.66,2.0,3600.0,4.0
Super built-up  Area,Green Glen Layout,1751.0,3.0,2.0,115.0,3.0,6567.6756139348945,6.0
Plot  Area,Other,1550.0,3.0,1.0,250.0,5.0,16129.032258064517,8.0
Super built-up  Area,Bannerghatta Road,1880.0,3.0,2.0,96.5,3.0,5132.978723404255,6.0
Super built-up  Area,Whitefield,1322.5,3.0,0.0,40.985,3.0,3099.054820415879,6.0
Super built-up  Area,Channasandra,1175.0,2.0,2.0,38.0,2.0,3234.0425531914893,4.0
Built-up  Area,Jalahalli,1407.0,2.0,1.0,98.49,2.0,7000.0,4.0
Super built-up  Area,Yelachenahalli,1000.0,2.0,2.0,50.0,2.0,5000.0,4.0
Super built-up  Area,Electronic City,1518.0,3.0,3.0,75.0,3.0,4940.711462450593,6.0
Plot  Area,Other,3600.0,4.0,2.0,300.0,4.0,8333.333333333334,8.0
Super built-up  Area,Tumkur Road,1027.0,2.0,1.0,67.0,2.0,6523.855890944498,4.0
Super built-up  Area,Other,3730.0,6.0,2.0,430.0,4.0,11528.150134048257,10.0
Built-up  Area,HSR Layout,1145.0,2.0,2.0,46.0,2.0,4017.467248908297,4.0
Super built-up  Area,Rajaji Nagar,1260.0,2.0,2.0,113.0,2.0,8968.253968253968,4.0
Super built-up  Area,Begur Road,1500.0,2.0,3.0,47.25,3.0,3150.0,5.0
Super built-up  Area,Varthur,1737.0,2.0,1.0,57.32,3.0,3299.9424294761084,5.0
Plot  Area,Other,1600.0,4.0,1.0,120.0,3.0,7500.0,7.0
Built-up  Area,Hegde Nagar,1500.0,3.0,2.0,135.0,3.0,9000.0,6.0
Plot  Area,Other,1120.0,2.0,0.0,60.0,2.0,5357.142857142857,4.0
Plot  Area,Banashankari Stage V,1200.0,4.0,1.0,240.0,3.0,20000.0,7.0
Super built-up  Area,Hennur Road,1030.0,2.0,1.0,46.5,2.0,4514.563106796117,4.0
Built-up  Area,Gubbalala,2500.0,6.0,1.0,88.0,6.0,3520.0,12.0
Super built-up  Area,Kammasandra,1057.0,2.0,1.0,35.0,2.0,3311.2582781456954,4.0
Super built-up  Area,Thanisandra,1460.0,2.0,2.0,38.5,2.0,2636.986301369863,4.0
Super built-up  Area,Hormavu,1075.0,2.0,1.0,53.7,2.0,4995.3488372093025,4.0
Super built-up  Area,Mysore Road,1080.0,2.0,1.0,60.0,3.0,5555.555555555556,5.0
Super built-up  Area,Kodihalli,3626.0,5.0,3.0,788.0,4.0,21731.936017650303,9.0
Super built-up  Area,Other,5100.0,7.0,2.0,225.0,6.0,4411.764705882353,13.0
Super built-up  Area,Singasandra,1139.7,2.0,1.0,45.0,2.0,3948.407475651487,4.0
Super built-up  Area,Whitefield,1074.0,2.0,1.0,42.8,2.0,3985.102420856611,4.0
Plot  Area,Whitefield,1200.0,2.0,1.0,46.13,2.0,3844.1666666666665,4.0
Super built-up  Area,Sarjapur  Road,2425.0,5.0,1.0,175.0,4.0,7216.494845360825,9.0
Super built-up  Area,Sarjapur  Road,1323.0,2.0,2.0,74.0,2.0,5593.348450491308,4.0
Super built-up  Area,Kalena Agrahara,900.0,2.0,1.0,40.0,2.0,4444.444444444444,4.0
Super built-up  Area,Sarjapura - Attibele Road,740.0,1.0,1.0,23.65,1.0,3195.945945945946,2.0
Super built-up  Area,Bannerghatta Road,1550.0,3.0,2.0,96.0,3.0,6193.548387096775,6.0
Super built-up  Area,Gunjur,1588.0,2.0,3.0,90.0,3.0,5667.506297229219,5.0
Built-up  Area,Rajaji Nagar,2300.0,4.0,1.0,240.0,3.0,10434.782608695652,7.0
Built-up  Area,R.T. Nagar,3600.0,8.0,2.0,165.0,9.0,4583.333333333333,17.0
Built-up  Area,Other,1308.0,2.0,1.0,86.0,2.0,6574.923547400612,4.0
Super built-up  Area,Hennur,1340.0,2.0,2.0,54.27,3.0,4050.0,5.0
Plot  Area,Kogilu,3280.0,9.0,3.0,450.0,10.0,13719.512195121952,19.0
Built-up  Area,Other,2170.0,3.0,2.0,265.0,4.0,12211.981566820277,7.0
Super built-up  Area,Thanisandra,1719.0,3.0,2.0,135.0,3.0,7853.4031413612565,6.0
Plot  Area,Whitefield,1200.0,2.0,1.0,45.84,2.0,3820.0,4.0
Built-up  Area,Electronic City,1090.0,2.0,1.0,31.48,1.0,2888.0733944954127,3.0
Plot  Area,Other,1500.0,5.0,2.0,210.0,5.0,14000.0,10.0
Super built-up  Area,Jakkur,1660.0,3.0,2.0,104.0,3.0,6265.060240963855,6.0
Super built-up  Area,Nagavara,1247.0,2.0,1.0,58.56,2.0,4696.0705693664795,4.0
Super built-up  Area,Thanisandra,1595.0,3.0,2.0,96.0,3.0,6018.808777429467,6.0
Super built-up  Area,Kaggadasapura,1175.0,2.0,2.0,50.0,2.0,4255.31914893617,4.0
Super built-up  Area,Old Airport Road,1184.0,2.0,1.0,78.0,2.0,6587.8378378378375,4.0
Super built-up  Area,Other,1100.0,2.0,2.0,55.0,2.0,5000.0,4.0
Plot  Area,Kaval Byrasandra,935.0,2.0,0.0,78.0,2.0,8342.245989304813,4.0
Built-up  Area,Yelahanka,1200.0,2.0,2.0,60.0,2.0,5000.0,4.0
Plot  Area,Rajaji Nagar,2400.0,5.0,1.0,408.0,5.0,17000.0,10.0
Super built-up  Area,Other,1000.0,2.0,1.0,45.0,2.0,4500.0,4.0
Built-up  Area,Uttarahalli,1000.0,2.0,0.0,52.0,2.0,5200.0,4.0
Super built-up  Area,Yelahanka,1705.0,3.0,2.0,85.0,3.0,4985.337243401759,6.0
Built-up  Area,Tumkur Road,1060.0,2.0,2.0,58.3,3.0,5500.0,5.0
Super built-up  Area,Other,1347.0,2.0,2.0,55.0,3.0,4083.147735708983,5.0
Super built-up  Area,Varthur,1402.0,2.0,2.0,95.0,2.0,6776.034236804565,4.0
Super built-up  Area,Whitefield,2280.0,4.0,2.0,125.0,3.0,5482.456140350877,7.0
Super built-up  Area,Other,1225.0,2.0,2.0,71.05,2.0,5800.0,4.0
Super built-up  Area,5th Phase JP Nagar,1080.0,2.0,1.0,53.0,2.0,4907.407407407408,4.0
Built-up  Area,Other,4000.0,7.0,2.0,90.0,7.0,2250.0,14.0
Super built-up  Area,Other,1919.0,3.0,0.0,300.0,3.0,15633.142261594581,6.0
Built-up  Area,Begur Road,1100.0,2.0,2.0,42.6,2.0,3872.7272727272725,4.0
Super built-up  Area,Sarjapur  Road,2500.0,4.0,3.0,225.0,4.0,9000.0,8.0
Super built-up  Area,Bannerghatta Road,1200.0,2.0,2.0,78.0,2.0,6500.0,4.0
Plot  Area,Other,1200.0,3.0,0.0,78.0,2.0,6500.0,5.0
Super built-up  Area,Kothanur,1581.0,3.0,3.0,76.0,3.0,4807.084123972169,6.0
Super built-up  Area,Whitefield,2882.0,5.0,1.0,200.0,4.0,6939.625260235947,9.0
Super built-up  Area,Other,2180.0,3.0,3.0,273.0,3.0,12522.935779816513,6.0
Super built-up  Area,Abbigere,985.0,2.0,1.0,38.92,2.0,3951.269035532995,4.0
Built-up  Area,Sarjapur,950.0,2.0,2.0,35.0,2.0,3684.2105263157896,4.0
Super built-up  Area,Other,1339.0,2.0,2.0,55.0,2.0,4107.542942494399,4.0
Super built-up  Area,Other,1449.0,3.0,1.0,72.0,3.0,4968.944099378882,6.0
Plot  Area,Other,1200.0,4.0,2.0,180.0,4.0,15000.0,8.0
Super built-up  Area,Other,1100.0,2.0,2.0,38.68,2.0,3516.3636363636365,4.0
Super built-up  Area,Hoskote,1003.5,2.0,0.0,28.095,2.0,2799.701046337818,4.0
Built-up  Area,Kaval Byrasandra,2700.0,3.0,2.0,200.0,3.0,7407.407407407408,6.0
Super built-up  Area,Other,1100.0,2.0,3.0,55.0,2.0,5000.0,4.0
Built-up  Area,Electronic City,1140.0,2.0,1.0,32.92,2.0,2887.719298245614,4.0
Plot  Area,Sarjapur,3009.0,3.0,2.0,330.0,3.0,10967.098703888336,6.0
Super built-up  Area,Other,3300.0,8.0,3.0,310.0,8.0,9393.939393939394,16.0
Built-up  Area,Chandapura,800.0,1.0,2.0,30.0,2.0,3750.0,3.0
Built-up  Area,Chikkabanavar,2000.0,4.0,0.0,65.0,5.0,3250.0,9.0
Plot  Area,Other,1200.0,4.0,1.0,190.0,4.0,15833.333333333334,8.0
Built-up  Area,Other,1300.0,2.0,3.0,95.0,2.0,7307.692307692308,4.0
Super built-up  Area,Kanakpura Road,1220.0,2.0,2.0,60.0,2.0,4918.0327868852455,4.0
Super built-up  Area,Sarjapur  Road,2289.0,3.0,2.0,178.0,3.0,7776.321537789428,6.0
Super built-up  Area,Whitefield,1170.0,2.0,1.0,56.0,2.0,4786.324786324786,4.0
Super built-up  Area,Other,1350.0,2.0,2.0,89.5,2.0,6629.62962962963,4.0
Built-up  Area,Thanisandra,1698.0,3.0,2.0,125.0,3.0,7361.601884570083,6.0
Super built-up  Area,Electronic City Phase II,2187.5,4.0,0.0,105.0,4.0,4800.0,8.0
Super built-up  Area,Ambalipura,1060.0,2.0,1.0,58.5,2.0,5518.867924528302,4.0
Super built-up  Area,Somasundara Palya,1185.0,2.0,2.0,75.0,2.0,6329.113924050633,4.0
Super built-up  Area,Padmanabhanagar,2051.0,3.0,1.0,180.0,3.0,8776.206728425159,6.0
Super built-up  Area,Vittasandra,1404.0,2.0,1.0,72.0,2.0,5128.205128205128,4.0
Super built-up  Area,Electronic City Phase II,1252.0,2.0,1.0,67.0,2.0,5351.437699680511,4.0
Super built-up  Area,Bannerghatta Road,1885.0,3.0,1.0,125.0,3.0,6631.29973474801,6.0
Built-up  Area,Kaikondrahalli,3381.0,6.0,3.0,225.0,6.0,6654.835847382431,12.0
Super built-up  Area,Hormavu,980.0,2.0,2.0,42.0,2.0,4285.714285714285,4.0
Super built-up  Area,Rajaji Nagar,2500.0,3.0,3.0,340.0,3.0,13600.0,6.0
Super built-up  Area,Banashankari,1420.0,3.0,1.0,66.0,3.0,4647.887323943662,6.0
Built-up  Area,Other,2312.0,3.0,2.0,156.0,3.0,6747.404844290658,6.0
Super built-up  Area,Kaggadasapura,3000.0,4.0,2.0,130.0,4.0,4333.333333333333,8.0
Built-up  Area,Other,1175.0,2.0,1.0,70.0,2.0,5957.446808510638,4.0
Super built-up  Area,Other,1145.0,2.0,2.0,51.0,2.0,4454.14847161572,4.0
Built-up  Area,Bhoganhalli,970.0,2.0,1.0,52.5,2.0,5412.371134020618,4.0
Super built-up  Area,Whitefield,1639.5,3.0,0.0,92.63,3.0,5649.893260140287,6.0
Built-up  Area,9th Phase JP Nagar,5000.0,4.0,2.0,300.0,4.0,6000.0,8.0
Built-up  Area,Other,2150.0,3.0,3.0,240.0,3.0,11162.790697674418,6.0
Super built-up  Area,Ramagondanahalli,1635.0,3.0,1.0,57.0,3.0,3486.238532110092,6.0
Built-up  Area,Harlur,3425.0,3.0,1.0,320.0,3.0,9343.065693430657,6.0
Built-up  Area,Hennur Road,2950.0,4.0,3.0,253.0,4.0,8576.271186440677,8.0
Super built-up  Area,Jalahalli,1200.0,2.0,1.0,66.0,1.0,5500.0,3.0
Super built-up  Area,Kathriguppe,1335.0,2.0,2.0,73.43,3.0,5500.374531835207,5.0
Super built-up  Area,Hebbal,4450.0,6.0,0.0,449.0,4.0,10089.887640449439,10.0
Super built-up  Area,Yeshwanthpur,1166.0,2.0,1.0,64.08,2.0,5495.711835334477,4.0
Super built-up  Area,Rajaji Nagar,2390.0,3.0,1.0,372.0,3.0,15564.853556485356,6.0
Super built-up  Area,Shivaji Nagar,1460.0,2.0,1.0,90.0,3.0,6164.3835616438355,5.0
Super built-up  Area,Other,1690.0,3.0,3.0,50.0,3.0,2958.579881656805,6.0
Plot  Area,Other,1386.0,3.0,2.0,93.0,4.0,6709.95670995671,7.0
Super built-up  Area,Other,1090.0,2.0,2.0,32.0,2.0,2935.7798165137615,4.0
Super built-up  Area,Whitefield,1390.0,2.0,1.0,72.0,2.0,5179.856115107914,4.0
Built-up  Area,Sector 2 HSR Layout,1095.0,2.0,1.0,85.41,2.0,7800.0,4.0
Super built-up  Area,Kengeri,416.0,1.0,1.0,17.19,1.0,4132.211538461539,2.0
Super built-up  Area,Other,2400.0,2.0,3.0,50.0,3.0,2083.3333333333335,5.0
Built-up  Area,Yelahanka,1350.0,2.0,3.0,85.0,3.0,6296.2962962962965,5.0
Built-up  Area,Bannerghatta Road,1453.0,2.0,2.0,73.0,3.0,5024.088093599449,5.0
Super built-up  Area,Thanisandra,1226.0,2.0,1.0,65.0,2.0,5301.794453507341,4.0
Super built-up  Area,Hegde Nagar,1168.0,2.0,1.0,68.0,3.0,5821.917808219178,5.0
Super built-up  Area,Bannerghatta,1776.0,3.0,2.0,124.0,3.0,6981.981981981982,6.0
Built-up  Area,Whitefield,1634.0,3.0,2.0,68.0,3.0,4161.566707466341,6.0
Plot  Area,Hormavu,860.0,2.0,0.0,56.0,2.0,6511.627906976744,4.0
Plot  Area,Other,2800.0,3.0,1.0,400.0,3.0,14285.714285714286,6.0
Super built-up  Area,Nagasandra,1650.0,3.0,2.0,95.0,3.0,5757.575757575758,6.0
Super built-up  Area,Whitefield,1190.0,2.0,1.0,70.0,2.0,5882.35294117647,4.0
Super built-up  Area,JP Nagar,1133.0,2.0,1.0,33.99,2.0,3000.0,4.0
Super built-up  Area,Other,1559.0,3.0,2.0,62.0,3.0,3976.9082745349583,6.0
Plot  Area,Horamavu Banaswadi,1448.0,4.0,0.0,118.0,3.0,8149.171270718232,7.0
Super built-up  Area,Other,6652.0,6.0,1.0,510.0,4.0,7666.867107636801,10.0
Super built-up  Area,Kodichikkanahalli,976.0,2.0,1.0,50.0,2.0,5122.950819672131,4.0
Plot  Area,Other,1350.0,4.0,3.0,240.0,4.0,17777.777777777777,8.0
Super built-up  Area,Yelahanka,1590.0,2.0,2.0,54.0,3.0,3396.2264150943397,5.0
Super built-up  Area,Binny Pete,2940.0,6.0,2.0,201.0,4.0,6836.734693877551,10.0
Built-up  Area,Yelahanka,1633.0,3.0,2.0,110.0,3.0,6736.068585425597,6.0
Super built-up  Area,Ramagondanahalli,1151.0,2.0,2.0,46.0,2.0,3996.524761077324,4.0
Super built-up  Area,Kereguddadahalli,1400.0,2.0,2.0,42.0,3.0,3000.0,5.0
Super built-up  Area,Uttarahalli,1037.0,2.0,1.0,36.0,2.0,3471.552555448409,4.0
Super built-up  Area,Thanisandra,1188.0,2.0,1.0,36.0,2.0,3030.3030303030305,4.0
Super built-up  Area,Other,1060.0,2.0,1.0,52.0,2.0,4905.66037735849,4.0
Super built-up  Area,Thigalarapalya,2215.0,4.0,2.0,162.0,3.0,7313.769751693002,7.0
Super built-up  Area,Hennur,1255.0,2.0,2.0,54.5,2.0,4342.629482071713,4.0
Plot  Area,Other,2500.0,2.0,1.0,300.0,3.0,12000.0,5.0
Super built-up  Area,Harlur,2569.0,5.0,3.0,180.0,4.0,7006.617360840794,9.0
Super built-up  Area,ITPL,900.0,2.0,1.0,27.0,2.0,3000.0,4.0
Super built-up  Area,Kudlu Gate,1183.0,2.0,1.0,79.54,2.0,6723.584108199494,4.0
Super built-up  Area,HSR Layout,1100.0,2.0,2.0,44.0,2.0,4000.0,4.0
Super built-up  Area,GM Palaya,1643.0,2.0,2.0,70.0,3.0,4260.49908703591,5.0
Super built-up  Area,Other,1500.0,2.0,2.0,120.0,3.0,8000.0,5.0
Super built-up  Area,Jakkur,1291.0,2.0,1.0,75.0,2.0,5809.450038729667,4.0
Plot  Area,Hennur,1150.0,3.0,2.0,80.0,3.0,6956.521739130435,6.0
Super built-up  Area,Electronic City,1060.0,2.0,1.0,55.0,2.0,5188.679245283019,4.0
Built-up  Area,Other,1700.0,3.0,2.0,55.0,4.0,3235.294117647059,7.0
Super built-up  Area,Mahadevpura,1236.0,2.0,1.0,58.0,2.0,4692.556634304207,4.0
Built-up  Area,Ramamurthy Nagar,1350.0,2.0,2.0,39.0,3.0,2888.8888888888887,5.0
Built-up  Area,Pai Layout,3800.0,6.0,2.0,175.0,6.0,4605.263157894737,12.0
Built-up  Area,Haralur Road,4694.0,5.0,2.0,375.0,4.0,7988.9220281210055,9.0
Built-up  Area,Electronic City,1200.0,2.0,1.0,34.66,2.0,2888.333333333333,4.0
Plot  Area,Hulimavu,1200.0,4.0,1.0,75.0,4.0,6250.0,8.0
Built-up  Area,Harlur,1225.0,2.0,2.0,56.0,2.0,4571.428571428572,4.0
Super built-up  Area,Thanisandra,1056.0,2.0,1.0,75.0,2.0,7102.272727272727,4.0
Super built-up  Area,9th Phase JP Nagar,1240.0,2.0,2.0,42.85,3.0,3455.6451612903224,5.0
Super built-up  Area,Banashankari,1200.0,3.0,2.0,74.52,3.0,6210.0,6.0
Super built-up  Area,Kudlu Gate,1850.0,3.0,2.0,110.0,3.0,5945.945945945946,6.0
Super built-up  Area,Other,3150.0,4.0,3.0,180.0,4.0,5714.285714285715,8.0
Built-up  Area,Other,1200.0,1.0,0.0,39.82,1.0,3318.3333333333335,2.0
Built-up  Area,Other,3520.0,6.0,1.0,460.0,5.0,13068.181818181818,11.0
Super built-up  Area,Jigani,918.0,2.0,2.0,56.0,2.0,6100.217864923748,4.0
Super built-up  Area,Other,1330.0,2.0,2.0,68.0,3.0,5112.7819548872185,5.0
Built-up  Area,Munnekollal,1540.0,2.0,3.0,70.0,3.0,4545.454545454545,5.0
Super built-up  Area,Lakshminarayana Pura,1200.0,2.0,2.0,80.0,2.0,6666.666666666667,4.0
Super built-up  Area,Other,927.0,2.0,2.0,37.0,2.0,3991.3700107874865,4.0
Built-up  Area,Sarjapur,2585.5,4.0,0.0,115.0,4.0,4447.882421195127,8.0
Super built-up  Area,CV Raman Nagar,1400.0,2.0,2.0,78.0,3.0,5571.428571428572,5.0
Built-up  Area,1st Phase JP Nagar,1900.0,3.0,1.0,400.0,4.0,21052.63157894737,7.0
Super built-up  Area,8th Phase JP Nagar,1510.0,2.0,3.0,80.0,2.0,5298.013245033113,4.0
Plot  Area,ITPL,1500.0,3.0,1.0,61.52,3.0,4101.333333333333,6.0
Super built-up  Area,Yelahanka,827.5,1.0,0.0,42.535,1.0,5140.181268882176,2.0
Super built-up  Area,Vidyaranyapura,1100.0,2.0,2.0,72.0,3.0,6545.454545454545,5.0
Built-up  Area,Other,1200.0,3.0,1.0,68.0,3.0,5666.666666666667,6.0
Carpet  Area,Hormavu,2282.0,4.0,0.0,115.0,4.0,5039.439088518843,8.0
Built-up  Area,Other,760.0,2.0,1.0,37.49,2.0,4932.894736842105,4.0
Plot  Area,Sarjapur,2172.0,3.0,0.0,100.0,3.0,4604.051565377532,6.0
Super built-up  Area,Other,3800.0,6.0,2.0,390.0,6.0,10263.157894736842,12.0
Super built-up  Area,8th Phase JP Nagar,3300.0,3.0,2.0,165.0,3.0,5000.0,6.0
Super built-up  Area,Thubarahalli,1242.0,3.0,1.0,51.0,3.0,4106.280193236715,6.0
Plot  Area,Other,410.0,1.0,1.0,48.0,1.0,11707.317073170732,2.0
Super built-up  Area,Uttarahalli,1245.0,2.0,2.0,43.58,3.0,3500.401606425703,5.0
Built-up  Area,Kadugodi,1088.0,2.0,2.0,44.0,2.0,4044.1176470588234,4.0
Built-up  Area,Sahakara Nagar,1200.0,2.0,0.0,46.0,2.0,3833.3333333333335,4.0
Plot  Area,TC Palaya,1995.0,3.0,1.0,100.0,3.0,5012.5313283208025,6.0
Super built-up  Area,Haralur Road,1309.0,2.0,1.0,82.0,2.0,6264.323911382735,4.0
Super built-up  Area,Other,1717.0,3.0,2.0,200.0,3.0,11648.223645894,6.0
Super built-up  Area,7th Phase JP Nagar,2100.0,3.0,2.0,200.0,3.0,9523.809523809523,6.0
Plot  Area,Other,880.0,1.0,0.0,90.0,2.0,10227.272727272728,3.0
Super built-up  Area,Other,1250.0,3.0,2.0,42.0,3.0,3360.0,6.0
Super built-up  Area,Hebbal,3520.0,5.0,2.0,240.0,3.0,6818.181818181818,8.0
Super built-up  Area,5th Phase JP Nagar,1041.0,2.0,2.0,54.0,2.0,5187.319884726225,4.0
Super built-up  Area,Sarjapur  Road,1505.0,2.0,2.0,60.0,3.0,3986.7109634551493,5.0
Super built-up  Area,Bannerghatta,1776.0,3.0,2.0,150.0,3.0,8445.945945945947,6.0
Super built-up  Area,Bellandur,1767.0,3.0,2.0,89.0,3.0,5036.785512167516,6.0
Super built-up  Area,Kengeri,1320.0,2.0,1.0,50.0,2.0,3787.878787878788,4.0
Built-up  Area,Other,1280.0,2.0,2.0,68.48,2.0,5350.0,4.0
Super built-up  Area,Thanisandra,1245.0,2.0,1.0,83.05,2.0,6670.682730923695,4.0
Super built-up  Area,Haralur Road,1027.0,1.0,2.0,44.0,2.0,4284.323271665044,3.0
Built-up  Area,Yelenahalli,1200.0,2.0,2.0,46.17,2.0,3847.5,4.0
Super built-up  Area,Kanakpura Road,1100.0,3.0,2.0,58.0,3.0,5272.727272727273,6.0
Plot  Area,Other,1065.0,3.0,1.0,72.0,3.0,6760.56338028169,6.0
Super built-up  Area,Kannamangala,1814.0,3.0,1.0,129.0,3.0,7111.35611907387,6.0
Super built-up  Area,Ramagondanahalli,1610.0,2.0,1.0,112.0,3.0,6956.521739130435,5.0
Built-up  Area,Kumaraswami Layout,850.0,1.0,1.0,78.0,1.0,9176.470588235294,2.0
Super built-up  Area,Kasavanhalli,1600.0,3.0,3.0,79.0,3.0,4937.5,6.0
Super built-up  Area,Other,3200.0,4.0,2.0,140.0,3.0,4375.0,7.0
Built-up  Area,Other,1250.0,2.0,1.0,77.13,3.0,6170.4,5.0
Super built-up  Area,Other,1475.0,3.0,3.0,75.0,3.0,5084.745762711865,6.0
Super built-up  Area,Electronic City,1353.0,2.0,3.0,75.0,2.0,5543.2372505543235,4.0
Carpet  Area,Other,2100.0,3.0,0.0,210.0,4.0,10000.0,7.0
Super built-up  Area,Electronics City Phase 1,1750.0,3.0,2.0,58.0,3.0,3314.285714285714,6.0
Plot  Area,Whitefield,4800.0,4.0,3.0,550.0,4.0,11458.333333333334,8.0
Built-up  Area,Sahakara Nagar,1270.0,2.0,1.0,96.0,2.0,7559.055118110236,4.0
Built-up  Area,Battarahalli,2700.0,3.0,0.0,75.0,4.0,2777.777777777778,7.0
Plot  Area,8th Phase JP Nagar,1200.0,4.0,2.0,270.0,4.0,22500.0,8.0
Built-up  Area,Thanisandra,2695.0,4.0,3.0,188.0,4.0,6975.881261595548,8.0
Super built-up  Area,Other,1330.0,3.0,2.0,65.0,3.0,4887.2180451127815,6.0
Built-up  Area,Electronic City,660.0,1.0,0.0,18.0,2.0,2727.2727272727275,3.0
Super built-up  Area,BTM 2nd Stage,1400.0,2.0,3.0,90.0,2.0,6428.571428571428,4.0
Built-up  Area,Gubbalala,4000.0,5.0,1.0,195.0,4.0,4875.0,9.0
Super built-up  Area,Kanakpura Road,1700.0,3.0,2.0,75.0,3.0,4411.764705882353,6.0
Built-up  Area,Kasavanhalli,1585.0,2.0,2.0,90.0,2.0,5678.233438485804,4.0
Super built-up  Area,Kothanur,1385.0,3.0,3.0,67.0,3.0,4837.545126353791,6.0
Super built-up  Area,Electronic City,1128.0,2.0,1.0,67.0,2.0,5939.7163120567375,4.0
Super built-up  Area,HSR Layout,1203.0,2.0,2.0,60.0,2.0,4987.5311720698255,4.0
Super built-up  Area,Mallasandra,905.0,2.0,1.0,35.0,2.0,3867.403314917127,4.0
Super built-up  Area,Hennur Road,1450.0,3.0,2.0,79.0,3.0,5448.275862068966,6.0
Super built-up  Area,Varthur,1105.0,2.0,3.0,38.0,2.0,3438.914027149321,4.0
Plot  Area,Channasandra,1200.0,2.0,1.0,46.13,2.0,3844.1666666666665,4.0
Super built-up  Area,Jalahalli,1530.0,2.0,3.0,89.0,3.0,5816.993464052288,5.0
Super built-up  Area,Whitefield,1105.0,2.0,1.0,35.4,2.0,3203.6199095022625,4.0
Super built-up  Area,Dasarahalli,1333.0,2.0,1.0,78.56,2.0,5893.473368342085,4.0
Built-up  Area,Other,1065.0,2.0,2.0,45.0,2.0,4225.352112676056,4.0
Super built-up  Area,Old Madras Road,1530.0,3.0,2.0,76.34,3.0,4989.5424836601305,6.0
Plot  Area,Margondanahalli,1200.0,2.0,1.0,65.0,2.0,5416.666666666667,4.0
Super built-up  Area,Whitefield,1270.0,2.0,1.0,94.0,2.0,7401.574803149606,4.0
Super built-up  Area,Bellandur,1830.0,3.0,3.0,89.0,3.0,4863.3879781420765,6.0
Super built-up  Area,Chandapura,900.0,2.0,3.0,35.0,2.0,3888.8888888888887,4.0
Plot  Area,Attibele,2400.0,2.0,2.0,250.0,4.0,10416.666666666666,6.0
Plot  Area,Other,7000.0,6.0,2.0,560.0,6.0,8000.0,12.0
Super built-up  Area,Bannerghatta Road,1450.0,2.0,2.0,78.0,3.0,5379.310344827586,5.0
Super built-up  Area,Other,1525.0,3.0,3.0,65.0,3.0,4262.295081967213,6.0
Built-up  Area,Mahalakshmi Layout,1080.0,2.0,1.0,67.0,2.0,6203.7037037037035,4.0
Built-up  Area,Other,1220.0,2.0,2.0,72.0,2.0,5901.639344262295,4.0
Super built-up  Area,Bommanahalli,1355.0,2.0,0.0,73.17,2.0,5400.0,4.0
Plot  Area,R.T. Nagar,2400.0,3.0,0.0,348.0,3.0,14500.0,6.0
Super built-up  Area,Other,1500.0,2.0,2.0,60.0,2.0,4000.0,4.0
Built-up  Area,Koramangala,1355.0,2.0,2.0,95.0,2.0,7011.070110701107,4.0
Built-up  Area,Electronic City,1070.0,2.0,1.0,57.0,2.0,5327.102803738318,4.0
Super built-up  Area,CV Raman Nagar,1980.0,4.0,1.0,180.0,3.0,9090.90909090909,7.0
Super built-up  Area,Bommasandra,842.0,2.0,2.0,30.0,2.0,3562.9453681710215,4.0
Super built-up  Area,Bannerghatta Road,700.0,1.0,1.0,31.2,1.0,4457.142857142857,2.0
Built-up  Area,Other,2500.0,4.0,2.0,65.0,3.0,2600.0,7.0
Built-up  Area,Other,1884.0,3.0,2.0,95.0,3.0,5042.462845010616,6.0
Built-up  Area,Other,1100.0,2.0,2.0,75.0,2.0,6818.181818181818,4.0
Super built-up  Area,Thanisandra,1185.0,2.0,2.0,43.5,2.0,3670.8860759493673,4.0
Super built-up  Area,Varthur,2145.0,3.0,2.0,170.0,3.0,7925.407925407925,6.0
Super built-up  Area,Whitefield,1220.0,2.0,1.0,89.0,2.0,7295.081967213115,4.0
Super built-up  Area,6th Phase JP Nagar,1192.0,2.0,3.0,75.0,2.0,6291.946308724832,4.0
Super built-up  Area,Marathahalli,1449.0,3.0,2.0,110.0,3.0,7591.44237405107,6.0
Plot  Area,Ardendale,2500.0,3.0,1.0,250.0,3.0,10000.0,6.0
Built-up  Area,Electronic City,1700.0,3.0,2.0,90.0,3.0,5294.117647058823,6.0
Super built-up  Area,Hebbal,1920.0,3.0,2.0,150.0,3.0,7812.5,6.0
Plot  Area,Other,1350.0,2.0,0.0,90.0,2.0,6666.666666666667,4.0
Plot  Area,Other,4800.0,5.0,2.0,350.0,4.0,7291.666666666667,9.0
Built-up  Area,Other,1700.0,3.0,2.0,74.0,3.0,4352.941176470588,6.0
Super built-up  Area,Hoodi,1447.0,3.0,2.0,76.0,2.0,5252.24602626123,5.0
Super built-up  Area,Kanakpura Road,1329.0,2.0,1.0,107.0,2.0,8051.166290443943,4.0
Built-up  Area,Sarjapur  Road,1314.0,2.0,2.0,70.44,3.0,5360.730593607306,5.0
Plot  Area,Other,1200.0,3.0,2.0,110.0,3.0,9166.666666666666,6.0
Super built-up  Area,Hosa Road,1513.0,3.0,1.0,103.0,3.0,6807.666886979511,6.0
Super built-up  Area,Vittasandra,1246.0,2.0,1.0,67.5,2.0,5417.335473515249,4.0
Super built-up  Area,Other,705.0,1.0,1.0,65.0,1.0,9219.85815602837,2.0
Super built-up  Area,Dasarahalli,1220.0,2.0,2.0,62.0,2.0,5081.9672131147545,4.0
Super built-up  Area,Yelahanka New Town,1800.0,2.0,1.0,45.0,3.0,2500.0,5.0
Super built-up  Area,Kaval Byrasandra,1400.0,3.0,2.0,75.0,3.0,5357.142857142857,6.0
Super built-up  Area,Kasavanhalli,1245.0,2.0,2.0,80.0,2.0,6425.70281124498,4.0
Super built-up  Area,Other,1495.0,2.0,1.0,63.0,3.0,4214.046822742475,5.0
Plot  Area,Nagavara,2000.0,2.0,2.0,275.0,3.0,13750.0,5.0
Built-up  Area,Gollarapalya Hosahalli,996.0,2.0,2.0,36.5,2.0,3664.6586345381525,4.0
Built-up  Area,Yelahanka New Town,1000.0,2.0,1.0,44.0,2.0,4400.0,4.0
Built-up  Area,Other,1250.0,2.0,3.0,75.0,2.0,6000.0,4.0
Super built-up  Area,Thanisandra,1261.0,2.0,1.0,80.0,3.0,6344.171292624901,5.0
Built-up  Area,Electronics City Phase 1,1080.0,2.0,2.0,46.0,2.0,4259.259259259259,4.0
Super built-up  Area,Other,1230.0,2.0,1.0,50.0,2.0,4065.040650406504,4.0
Super built-up  Area,Kammasandra,982.0,2.0,2.0,25.53,2.0,2599.79633401222,4.0
Super built-up  Area,Bommasandra,1260.0,3.0,1.0,49.36,3.0,3917.4603174603176,6.0
Super built-up  Area,HSR Layout,1590.0,2.0,2.0,135.0,3.0,8490.566037735849,5.0
Super built-up  Area,Horamavu Agara,1220.0,2.0,2.0,39.0,2.0,3196.72131147541,4.0
Super built-up  Area,Electronic City Phase II,1320.0,2.0,1.0,38.12,3.0,2887.8787878787875,5.0
Super built-up  Area,Green Glen Layout,1750.0,3.0,2.0,105.0,3.0,6000.0,6.0
Super built-up  Area,Whitefield,1436.0,2.0,3.0,62.15,3.0,4327.994428969359,5.0
Plot  Area,TC Palaya,1200.0,2.0,0.0,66.0,3.0,5500.0,5.0
Super built-up  Area,Malleshwaram,1500.0,2.0,2.0,140.0,2.0,9333.333333333334,4.0
Super built-up  Area,Varthur,1560.0,3.0,2.0,90.0,3.0,5769.2307692307695,6.0
Super built-up  Area,Whitefield,3758.0,3.0,1.0,300.0,3.0,7982.969664715274,6.0
Super built-up  Area,Other,1275.0,2.0,2.0,59.0,2.0,4627.450980392156,4.0
Super built-up  Area,Other,1040.0,2.0,2.0,36.4,2.0,3500.0,4.0
Super built-up  Area,Bellandur,2400.0,3.0,2.0,115.0,3.0,4791.666666666667,6.0
Plot  Area,Kaggalipura,3150.0,5.0,1.0,212.0,4.0,6730.158730158731,9.0
Super built-up  Area,Karuna Nagar,1960.0,3.0,2.0,165.0,3.0,8418.367346938776,6.0
Super built-up  Area,JP Nagar,3200.0,5.0,3.0,309.0,4.0,9656.25,9.0
Super built-up  Area,Yelahanka,1195.0,2.0,0.0,53.105,2.0,4443.933054393306,4.0
Super built-up  Area,Hosakerehalli,4500.0,5.0,2.0,145.0,5.0,3222.222222222222,10.0
Plot  Area,Other,4304.0,4.0,2.0,699.0,4.0,16240.706319702602,8.0
Super built-up  Area,Other,648.0,1.0,1.0,40.0,1.0,6172.83950617284,2.0
Super built-up  Area,Sarjapur  Road,2100.0,3.0,2.0,130.0,3.0,6190.476190476191,6.0
Super built-up  Area,Other,4209.0,4.0,2.0,602.0,4.0,14302.684723212164,8.0
Super built-up  Area,Kudlu,1027.0,2.0,1.0,44.0,2.0,4284.323271665044,4.0
Plot  Area,Whitefield,1575.0,4.0,3.0,250.0,4.0,15873.015873015873,8.0
Super built-up  Area,Bommasandra,1365.0,3.0,1.0,52.82,3.0,3869.5970695970695,6.0
Super built-up  Area,Yelahanka New Town,650.0,1.0,1.0,18.0,1.0,2769.230769230769,2.0
Plot  Area,Chandapura,1200.0,2.0,1.0,52.0,3.0,4333.333333333333,5.0
Super built-up  Area,Cooke Town,1100.0,2.0,3.0,90.0,2.0,8181.818181818182,4.0
Built-up  Area,7th Phase JP Nagar,1075.0,2.0,1.0,57.0,3.0,5302.325581395349,5.0
Super built-up  Area,Banashankari,1100.0,2.0,1.0,63.0,2.0,5727.272727272727,4.0
Super built-up  Area,Other,1320.0,2.0,1.0,58.0,3.0,4393.939393939394,5.0
Super built-up  Area,Kammasandra,1500.0,3.0,2.0,65.0,3.0,4333.333333333333,6.0
Plot  Area,Other,1200.0,5.0,1.0,150.0,4.0,12500.0,9.0
Super built-up  Area,Bhoganhalli,1718.0,3.0,2.0,90.2,3.0,5250.291036088475,6.0
Super built-up  Area,Bisuvanahalli,1075.0,2.0,1.0,32.0,3.0,2976.7441860465115,5.0
Super built-up  Area,Other,1480.0,3.0,1.0,75.48,3.0,5100.0,6.0
Super built-up  Area,Other,500.0,1.0,1.0,13.0,1.0,2600.0,2.0
Plot  Area,Other,2400.0,4.0,1.0,325.0,5.0,13541.666666666666,9.0
Plot  Area,Kaikondrahalli,1200.0,4.0,2.0,125.0,4.0,10416.666666666666,8.0
Super built-up  Area,Kanakpura Road,1041.0,2.0,1.0,36.44,2.0,3500.480307396734,4.0
Super built-up  Area,Other,1128.0,2.0,2.0,48.4,2.0,4290.780141843971,4.0
Super built-up  Area,Hosur Road,1685.0,3.0,1.0,90.0,3.0,5341.246290801187,6.0
Super built-up  Area,Other,1180.0,2.0,2.0,65.0,2.0,5508.474576271186,4.0
Built-up  Area,Other,1200.0,2.0,1.0,60.0,2.0,5000.0,4.0
Super built-up  Area,Other,1250.0,3.0,2.0,39.5,3.0,3160.0,6.0
Built-up  Area,Other,1000.0,2.0,1.0,45.0,2.0,4500.0,4.0
Built-up  Area,Yelahanka New Town,600.0,2.0,2.0,80.0,2.0,13333.333333333334,4.0
Super built-up  Area,Vittasandra,1404.0,2.0,1.0,70.0,2.0,4985.754985754986,4.0
Super built-up  Area,Varthur,1760.0,2.0,1.0,85.0,2.0,4829.545454545455,4.0
Super built-up  Area,Other,975.0,2.0,1.0,55.0,2.0,5641.025641025641,4.0
Built-up  Area,Other,1190.0,2.0,2.0,42.0,2.0,3529.4117647058824,4.0
Built-up  Area,Kudlu,1110.0,2.0,1.0,46.0,2.0,4144.144144144144,4.0
Super built-up  Area,Rajaji Nagar,2415.0,3.0,2.0,399.0,3.0,16521.739130434784,6.0
Super built-up  Area,Gunjur,1235.0,2.0,2.0,44.5,2.0,3603.2388663967613,4.0
Super built-up  Area,Other,1275.0,2.0,3.0,55.0,2.0,4313.725490196079,4.0
Built-up  Area,Other,1115.0,2.0,1.0,115.0,2.0,10313.90134529148,4.0
Super built-up  Area,Harlur,1197.0,2.0,1.0,76.0,2.0,6349.206349206349,4.0
Super built-up  Area,Begur Road,644.0,1.0,1.0,32.0,1.0,4968.944099378882,2.0
Super built-up  Area,Bellandur,1251.0,2.0,3.0,47.0,2.0,3756.994404476419,4.0
Super built-up  Area,Neeladri Nagar,1105.0,2.0,2.0,30.0,2.0,2714.9321266968327,4.0
Super built-up  Area,Other,1080.0,2.0,2.0,38.0,2.0,3518.5185185185187,4.0
Super built-up  Area,Kudlu,2100.0,3.0,1.0,114.0,4.0,5428.571428571428,7.0
Plot  Area,Kammanahalli,1600.0,4.0,1.0,200.0,4.0,12500.0,8.0
Super built-up  Area,NRI Layout,1731.0,3.0,3.0,64.11,3.0,3703.639514731369,6.0
Super built-up  Area,Hormavu,1206.0,2.0,1.0,55.0,2.0,4560.530679933665,4.0
Super built-up  Area,Choodasandra,1560.0,3.0,2.0,78.0,3.0,5000.0,6.0
Super built-up  Area,7th Phase JP Nagar,750.0,1.0,2.0,47.0,1.0,6266.666666666667,2.0
Built-up  Area,Billekahalli,1035.0,2.0,2.0,90.0,2.0,8695.652173913044,4.0
Super built-up  Area,Sarjapur  Road,702.0,1.0,0.0,35.8,1.0,5099.715099715099,2.0
Plot  Area,Attibele,1700.0,3.0,1.0,65.0,3.0,3823.529411764706,6.0
Super built-up  Area,HRBR Layout,1145.0,2.0,2.0,68.5,2.0,5982.532751091703,4.0
Super built-up  Area,Ramamurthy Nagar,1208.0,2.0,2.0,43.5,3.0,3600.9933774834435,5.0
Super built-up  Area,Brookefield,1589.0,3.0,2.0,74.0,3.0,4657.016991818754,6.0
Super built-up  Area,Yelahanka New Town,1426.0,2.0,2.0,61.5,3.0,4312.762973352033,5.0
Super built-up  Area,Green Glen Layout,1885.0,3.0,2.0,135.0,3.0,7161.803713527852,6.0
Super built-up  Area,Old Madras Road,935.0,2.0,0.0,37.77,2.0,4039.5721925133694,4.0
Super built-up  Area,Old Madras Road,1171.0,2.0,2.0,73.0,2.0,6233.98804440649,4.0
Super built-up  Area,Singasandra,1465.0,2.0,3.0,60.0,2.0,4095.563139931741,4.0
Super built-up  Area,Budigere,1820.0,3.0,2.0,95.0,3.0,5219.780219780219,6.0
Super built-up  Area,Raja Rajeshwari Nagar,1580.0,2.0,2.0,66.85,3.0,4231.012658227847,5.0
Super built-up  Area,Whitefield,1452.0,2.0,2.0,46.29,3.0,3188.0165289256197,5.0
Super built-up  Area,Hennur Road,1445.0,2.0,1.0,89.56,3.0,6197.923875432526,5.0
Super built-up  Area,Other,1170.0,2.0,1.0,39.0,2.0,3333.3333333333335,4.0
Super built-up  Area,Other,1070.0,2.0,1.0,50.0,2.0,4672.897196261682,4.0
Super built-up  Area,Kothanur,1140.0,2.0,2.0,56.0,2.0,4912.2807017543855,4.0
Built-up  Area,Rachenahalli,2600.0,3.0,2.0,160.0,3.0,6153.846153846154,6.0
Super built-up  Area,Other,1532.0,3.0,2.0,59.75,3.0,3900.1305483028723,6.0
Super built-up  Area,Other,1150.0,2.0,1.0,46.0,2.0,4000.0,4.0
Super built-up  Area,Jakkur,1473.0,2.0,1.0,85.0,2.0,5770.536320434488,4.0
Super built-up  Area,Kathriguppe,1350.0,3.0,2.0,80.99,3.0,5999.259259259258,6.0
Super built-up  Area,Prithvi Layout,4040.0,4.0,0.0,500.0,4.0,12376.237623762376,8.0
Super built-up  Area,CV Raman Nagar,1980.0,4.0,2.0,166.0,3.0,8383.838383838383,7.0
Super built-up  Area,Hoodi,1660.0,3.0,2.0,128.0,3.0,7710.843373493976,6.0
Plot  Area,Kogilu,2456.0,7.0,2.0,85.0,7.0,3460.912052117264,14.0
Super built-up  Area,Chamrajpet,650.0,2.0,2.0,45.0,2.0,6923.076923076923,4.0
Plot  Area,Neeladri Nagar,4000.0,5.0,2.0,425.0,5.0,10625.0,10.0
Super built-up  Area,Malleshwaram,2475.0,4.0,3.0,340.0,3.0,13737.373737373737,7.0
Super built-up  Area,Other,1495.0,3.0,2.0,90.0,3.0,6020.066889632107,6.0
Super built-up  Area,R.T. Nagar,1080.0,2.0,1.0,48.0,2.0,4444.444444444444,4.0
Super built-up  Area,Electronic City,1521.0,2.0,2.0,57.5,3.0,3780.4076265614726,5.0
Built-up  Area,Other,1053.0,2.0,0.0,51.0,2.0,4843.304843304843,4.0
Super built-up  Area,Binny Pete,2406.0,5.0,2.0,289.0,3.0,12011.63757273483,8.0
Built-up  Area,Begur,2400.0,3.0,2.0,12.0,3.0,500.0,6.0
Super built-up  Area,Other,1250.0,3.0,2.0,39.0,3.0,3120.0,6.0
Plot  Area,Other,1200.0,2.0,1.0,75.0,4.0,6250.0,6.0
Built-up  Area,Ulsoor,840.0,1.0,1.0,150.0,1.0,17857.14285714286,2.0
Super built-up  Area,Uttarahalli,1000.0,2.0,2.0,39.5,2.0,3950.0,4.0
Super built-up  Area,Bannerghatta Road,1630.0,3.0,3.0,68.0,3.0,4171.7791411042945,6.0
Super built-up  Area,Kammasandra,985.0,2.0,1.0,40.5,2.0,4111.675126903553,4.0
Super built-up  Area,BTM 2nd Stage,1200.0,2.0,2.0,70.0,2.0,5833.333333333333,4.0
Built-up  Area,Ambalipura,1650.0,3.0,3.0,100.0,3.0,6060.606060606061,6.0
Super built-up  Area,Mico Layout,1670.0,3.0,2.0,59.0,3.0,3532.934131736527,6.0
Plot  Area,Sarjapur  Road,1240.0,4.0,0.0,110.0,4.0,8870.967741935483,8.0
Built-up  Area,Other,1000.0,2.0,2.0,60.0,2.0,6000.0,4.0
Super built-up  Area,Other,830.0,2.0,2.0,26.0,2.0,3132.5301204819275,4.0
Plot  Area,Ramagondanahalli,1200.0,3.0,1.0,56.1,3.0,4675.0,6.0
Plot  Area,Other,9600.0,7.0,2.0,2736.0,5.0,28500.0,12.0
Super built-up  Area,Begur Road,2500.0,6.0,0.0,122.5,4.0,4900.0,10.0
Super built-up  Area,Nagarbhavi,1635.0,3.0,3.0,85.0,3.0,5198.7767584097855,6.0
Built-up  Area,HSR Layout,1120.0,2.0,1.0,70.0,2.0,6250.0,4.0
Plot  Area,Other,2750.0,6.0,3.0,200.0,6.0,7272.727272727273,12.0
Super built-up  Area,Sector 7 HSR Layout,1760.0,3.0,2.0,185.0,3.0,10511.363636363636,6.0
Super built-up  Area,Harlur,2137.0,3.0,2.0,110.0,3.0,5147.402901263454,6.0
Super built-up  Area,Hennur Road,973.0,2.0,1.0,50.74,2.0,5214.799588900309,4.0
Super built-up  Area,Kundalahalli,1724.0,3.0,1.0,146.0,3.0,8468.677494199535,6.0
Plot  Area,Other,1200.0,4.0,3.0,375.0,4.0,31250.0,8.0
Super built-up  Area,Electronic City,750.0,1.0,1.0,35.0,1.0,4666.666666666667,2.0
Super built-up  Area,Kambipura,883.0,2.0,1.0,49.0,2.0,5549.263873159683,4.0
Built-up  Area,Other,660.0,2.0,0.0,76.0,2.0,11515.151515151516,4.0
Super built-up  Area,Ramagondanahalli,2787.0,5.0,2.0,220.0,4.0,7893.792608539648,9.0
Built-up  Area,Other,1470.0,2.0,3.0,60.0,3.0,4081.6326530612246,5.0
Super built-up  Area,Electronics City Phase 1,891.0,2.0,1.0,24.95,2.0,2800.2244668911335,4.0
Built-up  Area,Other,1275.0,2.0,1.0,76.0,2.0,5960.78431372549,4.0
Super built-up  Area,Kothanur,1787.0,3.0,2.0,120.0,3.0,6715.165081141578,6.0
Built-up  Area,8th Phase JP Nagar,1730.0,5.0,2.0,75.0,5.0,4335.260115606937,10.0
Super built-up  Area,Sarjapur  Road,1320.0,2.0,2.0,110.0,2.0,8333.333333333334,4.0
Super built-up  Area,Yeshwanthpur,1692.0,3.0,3.0,108.0,3.0,6382.978723404255,6.0
Super built-up  Area,Bannerghatta Road,1400.0,3.0,2.0,69.0,3.0,4928.571428571428,6.0
Super built-up  Area,Whitefield,1370.0,2.0,2.0,56.0,2.0,4087.5912408759123,4.0
Super built-up  Area,Other,1602.0,3.0,2.0,56.0,3.0,3495.6304619225966,6.0
Built-up  Area,Other,793.0,1.0,1.0,40.0,1.0,5044.136191677176,2.0
Super built-up  Area,GM Palaya,675.0,1.0,1.0,35.0,1.0,5185.185185185185,2.0
Built-up  Area,Chikka Tirupathi,3250.0,4.0,2.0,136.0,4.0,4184.615384615385,8.0
Super built-up  Area,Whitefield,1050.0,2.0,3.0,43.0,2.0,4095.2380952380954,4.0
Built-up  Area,Jalahalli East,1035.0,2.0,1.0,42.5,2.0,4106.280193236715,4.0
Super built-up  Area,Sarjapur  Road,1200.0,2.0,2.0,44.0,3.0,3666.6666666666665,5.0
Super built-up  Area,Sarjapur  Road,1800.0,3.0,2.0,128.0,3.0,7111.111111111111,6.0
Built-up  Area,Green Glen Layout,1625.0,3.0,2.0,70.0,3.0,4307.692307692308,6.0
Super built-up  Area,Electronics City Phase 1,1032.0,2.0,1.0,31.99,2.0,3099.8062015503874,4.0
Super built-up  Area,Whitefield,1496.0,2.0,1.0,71.81,3.0,4800.133689839572,5.0
Super built-up  Area,Other,1100.0,2.0,2.0,38.0,2.0,3454.5454545454545,4.0
Built-up  Area,Kundalahalli,1500.0,3.0,2.0,50.0,3.0,3333.3333333333335,6.0
Built-up  Area,Electronic City Phase II,1125.0,2.0,1.0,32.63,2.0,2900.444444444445,4.0
Super built-up  Area,Other,1555.0,3.0,3.0,73.0,3.0,4694.5337620578775,6.0
Super built-up  Area,Amruthahalli,1025.0,2.0,1.0,42.0,2.0,4097.5609756097565,4.0
Super built-up  Area,Hennur Road,1482.0,2.0,1.0,83.73,3.0,5649.797570850203,5.0
Super built-up  Area,Other,1630.0,2.0,2.0,130.0,3.0,7975.460122699386,5.0
Super built-up  Area,Arekere,900.0,2.0,1.0,44.5,2.0,4944.444444444444,4.0
Super built-up  Area,Yelahanka,1355.0,2.0,3.0,75.0,3.0,5535.055350553505,5.0
Plot  Area,Other,2360.0,4.0,2.0,601.0,4.0,25466.101694915254,8.0
Built-up  Area,Akshaya Nagar,1200.0,2.0,2.0,45.0,2.0,3750.0,4.0
Super built-up  Area,Other,1563.0,3.0,2.0,63.0,3.0,4030.7101727447216,6.0
Plot  Area,Other,1344.0,4.0,1.0,84.0,4.0,6250.0,8.0
Super built-up  Area,Other,3000.0,3.0,2.0,400.0,3.0,13333.333333333334,6.0
Super built-up  Area,5th Phase JP Nagar,812.0,2.0,1.0,42.0,2.0,5172.413793103448,4.0
Built-up  Area,Basaveshwara Nagar,1200.0,2.0,1.0,70.0,2.0,5833.333333333333,4.0
Super built-up  Area,Yelahanka,3175.0,4.0,1.0,156.0,4.0,4913.385826771653,8.0
Super built-up  Area,Marathahalli,1360.0,2.0,1.0,101.0,2.0,7426.470588235294,4.0
Built-up  Area,Rachenahalli,1756.0,3.0,2.0,110.0,3.0,6264.236902050114,6.0
Super built-up  Area,8th Phase JP Nagar,1296.0,2.0,2.0,51.83,3.0,3999.2283950617284,5.0
Super built-up  Area,Haralur Road,1300.0,2.0,1.0,75.0,2.0,5769.2307692307695,4.0
Super built-up  Area,Anandapura,1141.0,2.0,1.0,50.0,2.0,4382.120946538124,4.0
Built-up  Area,Electronic City,1210.0,2.0,1.0,55.0,2.0,4545.454545454545,4.0
Super built-up  Area,Hormavu,1310.0,2.0,2.0,67.0,2.0,5114.503816793893,4.0
Super built-up  Area,Magadi Road,1187.0,2.0,0.0,55.195,3.0,4649.957877000842,5.0
Super built-up  Area,Gubbalala,1745.0,3.0,2.0,140.0,3.0,8022.9226361031515,6.0
Super built-up  Area,Raja Rajeshwari Nagar,1050.0,2.0,2.0,37.0,2.0,3523.809523809524,4.0
Plot  Area,Banashankari,2400.0,4.0,3.0,500.0,4.0,20833.333333333332,8.0
Super built-up  Area,Electronic City Phase II,1140.0,2.0,1.0,34.0,2.0,2982.4561403508774,4.0
Super built-up  Area,Varthur,1210.0,2.0,2.0,54.0,2.0,4462.809917355372,4.0
Super built-up  Area,Kasavanhalli,2035.0,3.0,2.0,142.0,3.0,6977.886977886978,6.0
Super built-up  Area,Sarjapur,633.0,1.0,1.0,17.09,1.0,2699.8420221169035,2.0
Built-up  Area,Amruthahalli,485.0,1.0,1.0,19.5,1.0,4020.618556701031,2.0
Plot  Area,Other,1200.0,2.0,0.0,82.0,2.0,6833.333333333333,4.0
Super built-up  Area,Sarjapur  Road,2275.0,4.0,2.0,187.0,3.0,8219.78021978022,7.0
Super built-up  Area,Other,1419.0,3.0,2.0,85.0,3.0,5990.133897110642,6.0
Super built-up  Area,Other,1195.0,2.0,2.0,42.4,2.0,3548.1171548117154,4.0
Built-up  Area,Other,2020.0,3.0,3.0,270.0,3.0,13366.336633663366,6.0
Super built-up  Area,Kundalahalli,1047.0,2.0,2.0,91.0,2.0,8691.499522445081,4.0
Super built-up  Area,Thanisandra,1884.0,4.0,2.0,117.0,3.0,6210.1910828025475,7.0
Plot  Area,Malleshpalya,1200.0,3.0,2.0,149.0,3.0,12416.666666666666,6.0
Super built-up  Area,Bannerghatta Road,905.0,2.0,1.0,58.0,2.0,6408.839779005525,4.0
Super built-up  Area,JP Nagar,1500.0,2.0,1.0,108.0,3.0,7200.0,5.0
Built-up  Area,Other,850.0,1.0,0.0,50.0,1.0,5882.35294117647,2.0
Built-up  Area,Bommasandra Industrial Area,1125.0,2.0,1.0,32.49,2.0,2888.0,4.0
Built-up  Area,Tindlu,1165.0,2.0,2.0,59.8,2.0,5133.0472103004295,4.0
Built-up  Area,Other,933.0,2.0,0.0,55.0,2.0,5894.962486602358,4.0
Super built-up  Area,Hennur Road,1305.0,2.0,1.0,77.0,3.0,5900.383141762452,5.0
Super built-up  Area,Billekahalli,1125.0,2.0,1.0,65.0,2.0,5777.777777777777,4.0
Super built-up  Area,Other,865.0,2.0,2.0,33.0,2.0,3815.0289017341042,4.0
Super built-up  Area,Jigani,1245.0,3.0,3.0,66.0,3.0,5301.204819277108,6.0
Super built-up  Area,Kalyan nagar,8840.0,2.0,3.0,300.0,2.0,3393.665158371041,4.0
Super built-up  Area,Other,1145.0,2.0,2.0,60.0,3.0,5240.174672489083,5.0
Built-up  Area,AECS Layout,2000.0,3.0,1.0,90.0,3.0,4500.0,6.0
Super built-up  Area,Hosa Road,625.0,1.0,1.0,43.68,1.0,6988.8,2.0
Super built-up  Area,Kundalahalli,1724.0,3.0,2.0,128.0,3.0,7424.593967517401,6.0
Plot  Area,Other,400.0,1.0,1.0,75.0,1.0,18750.0,2.0
Super built-up  Area,Sarjapur  Road,1270.0,2.0,1.0,54.0,3.0,4251.968503937008,5.0
Super built-up  Area,Other,1250.0,3.0,2.0,39.5,3.0,3160.0,6.0
Super built-up  Area,Jakkur,1485.0,3.0,2.0,72.0,3.0,4848.484848484848,6.0
Super built-up  Area,Other,823.0,2.0,1.0,80.0,2.0,9720.534629404618,4.0
Super built-up  Area,7th Phase JP Nagar,990.0,2.0,2.0,50.0,2.0,5050.50505050505,4.0
Super built-up  Area,Kothanur,1185.0,2.0,2.0,59.0,2.0,4978.9029535864975,4.0
Super built-up  Area,Kadubeesanahalli,1140.0,2.0,1.0,78.0,2.0,6842.105263157895,4.0
Super built-up  Area,Yelahanka,1756.0,3.0,2.0,125.0,3.0,7118.451025056947,6.0
Built-up  Area,Kumaraswami Layout,2600.0,4.0,2.0,300.0,4.0,11538.461538461539,8.0
Built-up  Area,Other,1025.0,2.0,1.0,48.0,2.0,4682.926829268293,4.0
Built-up  Area,Whitefield,1216.0,2.0,1.0,72.0,2.0,5921.0526315789475,4.0
Super built-up  Area,Sarjapur  Road,1026.0,2.0,2.0,60.8,2.0,5925.925925925926,4.0
Super built-up  Area,Sarjapur  Road,3335.0,4.0,3.0,300.0,4.0,8995.502248875562,8.0
Built-up  Area,Kodichikkanahalli,2700.0,4.0,2.0,125.0,5.0,4629.62962962963,9.0
Super built-up  Area,Begur,1411.0,2.0,2.0,60.0,3.0,4252.303330970943,5.0
Super built-up  Area,Kanakpura Road,1320.0,2.0,1.0,39.6,3.0,3000.0,5.0
Built-up  Area,Bannerghatta,1320.0,2.0,0.0,50.0,2.0,3787.878787878788,4.0
Super built-up  Area,Kalena Agrahara,1804.0,3.0,2.0,155.0,3.0,8592.017738359202,6.0
Plot  Area,Banjara Layout,1200.0,4.0,1.0,105.0,4.0,8750.0,8.0
Super built-up  Area,Hebbal,2375.0,4.0,2.0,189.0,4.0,7957.894736842105,8.0
Plot  Area,Other,1750.0,3.0,2.0,120.0,3.0,6857.142857142857,6.0
Super built-up  Area,TC Palaya,1152.0,2.0,2.0,55.0,2.0,4774.305555555556,4.0
Super built-up  Area,Thanisandra,965.0,2.0,1.0,54.0,2.0,5595.854922279793,4.0
Super built-up  Area,Lingadheeranahalli,1684.0,3.0,1.0,120.0,3.0,7125.890736342043,6.0
Super built-up  Area,Hennur Road,1672.0,3.0,2.0,86.0,3.0,5143.540669856459,6.0
Super built-up  Area,Panathur,1075.0,2.0,2.0,60.0,2.0,5581.395348837209,4.0
Plot  Area,Sarjapur,1500.0,5.0,2.0,95.0,3.0,6333.333333333333,8.0
Super built-up  Area,Hebbal,1420.0,2.0,1.0,99.26,2.0,6990.140845070423,4.0
Super built-up  Area,Other,750.0,2.0,0.0,40.0,2.0,5333.333333333333,4.0
Super built-up  Area,Yeshwanthpur,1169.0,2.0,2.0,64.08,2.0,5481.6082121471345,4.0
Super built-up  Area,Devanahalli,1290.0,2.0,1.0,62.0,3.0,4806.201550387597,5.0
Super built-up  Area,Kengeri,1160.0,2.0,2.0,40.6,2.0,3500.0,4.0
Built-up  Area,Shampura,2800.0,5.0,3.0,95.0,7.0,3392.8571428571427,12.0
Super built-up  Area,Mysore Road,1500.0,3.0,2.0,70.0,3.0,4666.666666666667,6.0
Super built-up  Area,Domlur,1850.0,3.0,1.0,180.0,3.0,9729.72972972973,6.0
Super built-up  Area,Other,1300.0,3.0,2.0,46.0,3.0,3538.4615384615386,6.0
Super built-up  Area,Electronic City Phase II,1310.0,2.0,1.0,37.84,3.0,2888.549618320611,5.0
Built-up  Area,Other,2750.0,5.0,2.0,550.0,3.0,20000.0,8.0
Super built-up  Area,Other,2150.0,3.0,0.0,170.0,3.0,7906.976744186047,6.0
Built-up  Area,5th Block Hbr Layout,5100.0,5.0,3.0,300.0,6.0,5882.35294117647,11.0
Plot  Area,Kadugodi,1875.0,2.0,1.0,110.0,3.0,5866.666666666667,5.0
Super built-up  Area,Hulimavu,1260.0,2.0,1.0,82.0,3.0,6507.936507936508,5.0
Built-up  Area,Kengeri,2500.0,4.0,3.0,100.0,5.0,4000.0,9.0
Super built-up  Area,Begur Road,1241.0,2.0,1.0,64.0,2.0,5157.13134568896,4.0
Super built-up  Area,Sarjapur  Road,1025.0,2.0,2.0,45.5,2.0,4439.024390243902,4.0
Plot  Area,Other,1500.0,1.0,0.0,218.0,2.0,14533.333333333334,3.0
Built-up  Area,Electronic City,1070.0,2.0,1.0,60.0,2.0,5607.476635514019,4.0
Super built-up  Area,Begur,815.0,2.0,1.0,40.0,2.0,4907.9754601227,4.0
Built-up  Area,Kanakpura Road,2000.0,3.0,3.0,105.0,3.0,5250.0,6.0
Super built-up  Area,Malleshwaram,1400.0,2.0,1.0,190.0,2.0,13571.42857142857,4.0
Plot  Area,Varthur,1740.0,4.0,3.0,175.0,4.0,10057.471264367816,8.0
Super built-up  Area,ITPL,5667.5,5.0,0.0,300.0,4.0,5293.33921482135,9.0
Built-up  Area,Sarjapur  Road,1216.0,2.0,2.0,70.0,2.0,5756.578947368421,4.0
Super built-up  Area,Other,2200.0,2.0,1.0,190.0,3.0,8636.363636363636,5.0
Plot  Area,Hegde Nagar,3500.0,5.0,2.0,450.0,4.0,12857.142857142857,9.0
Plot  Area,Vidyaranyapura,3150.0,7.0,3.0,375.0,7.0,11904.761904761905,14.0
Plot  Area,Kanakpura Road,1200.0,2.0,0.0,62.0,2.0,5166.666666666667,4.0
Super built-up  Area,Marathahalli,1026.0,2.0,1.0,50.18,2.0,4890.83820662768,4.0
Built-up  Area,Hulimavu,450.0,1.0,1.0,20.0,1.0,4444.444444444444,2.0
Super built-up  Area,KR Puram,1205.0,2.0,1.0,45.79,2.0,3800.0,4.0
Super built-up  Area,Other,1368.0,2.0,3.0,87.0,2.0,6359.649122807017,4.0
Built-up  Area,Anekal,420.0,1.0,1.0,12.5,1.0,2976.190476190476,2.0
Built-up  Area,Doddakallasandra,1270.0,2.0,2.0,42.0,2.0,3307.0866141732286,4.0
Super built-up  Area,Anekal,614.0,1.0,1.0,28.0,2.0,4560.260586319218,3.0
Plot  Area,Margondanahalli,1050.0,2.0,0.0,58.0,2.0,5523.809523809524,4.0
Super built-up  Area,Yelahanka,1408.0,2.0,2.0,58.0,2.0,4119.318181818182,4.0
Built-up  Area,Other,1507.0,3.0,1.0,80.0,3.0,5308.560053085601,6.0
Super built-up  Area,Other,1160.0,2.0,2.0,57.0,2.0,4913.793103448276,4.0
Plot  Area,Other,1200.0,3.0,1.0,70.0,3.0,5833.333333333333,6.0
Built-up  Area,Poorna Pragna Layout,960.0,2.0,3.0,50.0,2.0,5208.333333333333,4.0
Super built-up  Area,NGR Layout,1021.0,2.0,2.0,46.0,2.0,4505.386875612145,4.0
Super built-up  Area,Hegde Nagar,2162.03,4.0,2.0,129.0,3.0,5966.614709324107,7.0
Super built-up  Area,Channasandra,1065.0,2.0,1.0,36.0,2.0,3380.281690140845,4.0
Super built-up  Area,Attibele,400.0,1.0,1.0,10.25,1.0,2562.5,2.0
Super built-up  Area,Bannerghatta Road,1465.0,2.0,1.0,75.0,3.0,5119.453924914676,5.0
Super built-up  Area,Kanakpura Road,900.0,2.0,1.0,41.0,2.0,4555.555555555556,4.0
Super built-up  Area,Marathahalli,1800.0,3.0,2.0,95.0,3.0,5277.777777777777,6.0
Super built-up  Area,Other,1175.0,2.0,2.0,83.0,2.0,7063.829787234043,4.0
Super built-up  Area,Other,6729.0,4.0,2.0,900.0,3.0,13374.944271065537,7.0
Plot  Area,Vijayanagar,1500.0,4.0,1.0,360.0,4.0,24000.0,8.0
Super built-up  Area,Sanjay nagar,1050.0,2.0,0.0,59.0,2.0,5619.047619047619,4.0
Built-up  Area,Electronic City Phase II,1400.0,2.0,2.0,40.43,3.0,2887.8571428571427,5.0
Super built-up  Area,Indira Nagar,1650.0,3.0,1.0,150.0,3.0,9090.90909090909,6.0
Super built-up  Area,KR Puram,1827.0,3.0,2.0,97.0,3.0,5309.250136836344,6.0
Super built-up  Area,Thanisandra,1930.0,4.0,2.0,122.0,3.0,6321.243523316062,7.0
Super built-up  Area,Mysore Road,883.0,2.0,1.0,37.0,2.0,4190.260475651189,4.0
Built-up  Area,Kengeri,550.0,1.0,1.0,16.75,1.0,3045.4545454545455,2.0
Plot  Area,Other,1350.0,4.0,1.0,310.0,4.0,22962.962962962964,8.0
Super built-up  Area,Kanakapura,1290.0,2.0,3.0,38.69,3.0,2999.2248062015506,5.0
Built-up  Area,Raja Rajeshwari Nagar,1021.0,3.0,2.0,59.0,3.0,5778.648383937317,6.0
Super built-up  Area,Whitefield,1158.0,2.0,1.0,55.0,2.0,4749.568221070812,4.0
Super built-up  Area,Nagarbhavi,1400.0,2.0,2.0,135.0,3.0,9642.857142857143,5.0
Plot  Area,Doddaballapur,2400.0,3.0,0.0,200.0,4.0,8333.333333333334,7.0
Super built-up  Area,Munnekollal,1200.0,2.0,1.0,57.9,3.0,4825.0,5.0
Built-up  Area,JP Nagar,1520.0,3.0,2.0,125.0,3.0,8223.684210526315,6.0
Super built-up  Area,Thanisandra,777.0,1.0,0.0,38.46,1.0,4949.80694980695,2.0
Super built-up  Area,EPIP Zone,2710.0,3.0,2.0,177.0,3.0,6531.365313653137,6.0
Super built-up  Area,Kenchenahalli,1150.0,2.0,2.0,57.0,2.0,4956.521739130435,4.0
Super built-up  Area,Yelahanka,1101.0,2.0,2.0,37.0,2.0,3360.581289736603,4.0
Super built-up  Area,Mahalakshmi Layout,1200.0,2.0,3.0,110.0,3.0,9166.666666666666,5.0
Super built-up  Area,Hebbal,1252.0,2.0,1.0,92.0,2.0,7348.242811501597,4.0
Super built-up  Area,Marathahalli,1650.0,3.0,2.0,85.0,3.0,5151.515151515152,6.0
Built-up  Area,Marathahalli,1270.0,2.0,2.0,80.0,2.0,6299.212598425197,4.0
Super built-up  Area,Tumkur Road,992.0,2.0,1.0,70.0,2.0,7056.451612903225,4.0
Super built-up  Area,Other,893.0,2.0,2.0,34.5,2.0,3863.3818589025755,4.0
Built-up  Area,Bisuvanahalli,1075.0,2.0,1.0,41.49,3.0,3859.5348837209303,5.0
Built-up  Area,Kumaraswami Layout,3200.0,7.0,0.0,150.0,7.0,4687.5,14.0
Super built-up  Area,Electronic City,1190.0,2.0,1.0,42.0,2.0,3529.4117647058824,4.0
Super built-up  Area,Sarjapur  Road,1814.0,3.0,3.0,63.0,3.0,3472.9878721058435,6.0
Built-up  Area,Other,1400.0,3.0,2.0,98.0,3.0,7000.0,6.0
Super built-up  Area,Murugeshpalya,1344.0,2.0,0.0,56.0,3.0,4166.666666666667,5.0
Plot  Area,Whitefield,5400.0,5.0,3.0,475.0,4.0,8796.296296296296,9.0
Super built-up  Area,Kanakpura Road,1843.0,3.0,2.0,95.0,3.0,5154.639175257732,6.0
Super built-up  Area,Other,1138.0,2.0,1.0,32.0,2.0,2811.95079086116,4.0
Built-up  Area,Other,1495.0,2.0,2.0,70.0,3.0,4682.274247491639,5.0
Super built-up  Area,Electronic City,880.0,2.0,1.0,19.0,2.0,2159.090909090909,4.0
Super built-up  Area,Whitefield,1396.0,3.0,1.0,74.0,3.0,5300.859598853868,6.0
Built-up  Area,Garudachar Palya,1610.0,2.0,3.0,119.0,3.0,7391.304347826087,5.0
Super built-up  Area,Tindlu,1050.0,2.0,2.0,55.0,2.0,5238.0952380952385,4.0
Built-up  Area,Other,1410.0,2.0,2.0,43.71,3.0,3100.0,5.0
Super built-up  Area,Ramamurthy Nagar,1050.0,2.0,2.0,37.8,2.0,3599.9999999999995,4.0
Built-up  Area,Kumaraswami Layout,1310.0,2.0,1.0,85.0,3.0,6488.5496183206105,5.0
Super built-up  Area,Yelahanka,1104.0,2.0,2.0,58.0,2.0,5253.623188405797,4.0
Super built-up  Area,Hennur Road,1165.0,2.0,1.0,67.0,2.0,5751.07296137339,4.0
Super built-up  Area,Hormavu,1310.0,2.0,3.0,60.0,2.0,4580.152671755725,4.0
Built-up  Area,Other,1052.0,2.0,2.0,52.0,2.0,4942.9657794676805,4.0
Super built-up  Area,Other,1000.0,2.0,2.0,45.0,2.0,4500.0,4.0
Super built-up  Area,Other,2240.0,3.0,2.0,300.0,3.0,13392.857142857143,6.0
Super built-up  Area,Electronic City,1150.0,2.0,1.0,38.08,2.0,3311.304347826087,4.0
Super built-up  Area,Thanisandra,2019.0,3.0,1.0,70.67,3.0,3500.2476473501733,6.0
Super built-up  Area,Varthur,986.0,2.0,1.0,31.0,2.0,3144.0162271805275,4.0
Plot  Area,Banashankari Stage III,1350.0,1.0,1.0,145.0,1.0,10740.74074074074,2.0
Super built-up  Area,Akshaya Nagar,1893.0,4.0,2.0,95.0,3.0,5018.489170628632,7.0
Super built-up  Area,Gollarapalya Hosahalli,1318.0,3.0,2.0,56.0,3.0,4248.86191198786,6.0
Built-up  Area,Yelahanka,1325.0,2.0,2.0,58.0,3.0,4377.358490566037,5.0
Built-up  Area,Kereguddadahalli,800.0,2.0,1.0,33.0,2.0,4125.0,4.0
Super built-up  Area,Other,1300.0,3.0,2.0,42.25,3.0,3250.0,6.0
Built-up  Area,Other,1300.0,2.0,2.0,60.0,3.0,4615.384615384615,5.0
Built-up  Area,Ulsoor,2500.0,4.0,0.0,170.0,4.0,6800.0,8.0
Plot  Area,Other,1520.0,3.0,1.0,165.0,3.0,10855.263157894737,6.0
Super built-up  Area,Bellandur,1665.0,3.0,2.0,85.0,3.0,5105.105105105105,6.0
Super built-up  Area,Subramanyapura,1800.0,3.0,2.0,80.0,3.0,4444.444444444444,6.0
Super built-up  Area,Harlur,1197.0,2.0,1.0,75.0,2.0,6265.664160401003,4.0
Super built-up  Area,Other,1050.0,2.0,2.0,45.0,2.0,4285.714285714285,4.0
Super built-up  Area,Thanisandra,1241.0,2.0,1.0,68.0,3.0,5479.45205479452,5.0
Super built-up  Area,Other,1567.0,2.0,3.0,62.0,3.0,3956.6049776643267,5.0
Super built-up  Area,Kasavanhalli,1747.0,3.0,1.0,110.0,3.0,6296.508299942759,6.0
Super built-up  Area,Ramagondanahalli,1475.0,2.0,2.0,55.0,3.0,3728.813559322034,5.0
Plot  Area,Other,1524.0,4.0,2.0,400.0,3.0,26246.719160104985,7.0
Super built-up  Area,Hennur Road,980.0,2.0,1.0,51.0,2.0,5204.081632653061,4.0
Super built-up  Area,Dasanapura,966.0,2.0,1.0,58.0,2.0,6004.140786749483,4.0
Super built-up  Area,Other,2360.0,3.0,2.0,185.0,4.0,7838.983050847458,7.0
Super built-up  Area,Sarjapur  Road,1112.0,2.0,1.0,62.0,2.0,5575.5395683453235,4.0
Built-up  Area,Other,1760.0,3.0,3.0,90.0,3.0,5113.636363636364,6.0
Super built-up  Area,Hennur,1830.0,2.0,3.0,113.0,3.0,6174.863387978142,5.0
Super built-up  Area,Yelahanka,1175.0,2.0,1.0,67.77,2.0,5767.659574468085,4.0
Super built-up  Area,Whitefield,1175.0,2.0,1.0,41.0,2.0,3489.3617021276596,4.0
Super built-up  Area,Horamavu Banaswadi,1025.0,2.0,2.0,45.0,2.0,4390.243902439024,4.0
Super built-up  Area,Hennur Road,1232.0,2.0,1.0,80.0,2.0,6493.506493506494,4.0
Built-up  Area,5th Phase JP Nagar,1010.0,2.0,2.0,57.0,2.0,5643.564356435643,4.0
Super built-up  Area,Sarjapur  Road,1273.0,2.0,2.0,60.0,2.0,4713.275726630008,4.0
Super built-up  Area,Battarahalli,1590.0,2.0,2.0,102.0,2.0,6415.094339622641,4.0
Super built-up  Area,Other,1100.0,2.0,1.0,58.5,2.0,5318.181818181818,4.0
Super built-up  Area,Electronic City Phase II,1252.0,2.0,1.0,65.0,3.0,5191.693290734825,5.0
Super built-up  Area,1st Phase JP Nagar,2615.0,5.0,3.0,222.0,4.0,8489.483747609942,9.0
Super built-up  Area,Yelahanka,1322.0,2.0,1.0,77.9,2.0,5892.586989409986,4.0
Plot  Area,7th Phase JP Nagar,1000.0,1.0,1.0,60.0,1.0,6000.0,2.0
Super built-up  Area,Harlur,1755.0,3.0,2.0,117.0,3.0,6666.666666666667,6.0
Super built-up  Area,Electronic City Phase II,1135.0,2.0,2.0,46.0,2.0,4052.863436123348,4.0
Plot  Area,Electronic City,1200.0,4.0,1.0,125.0,4.0,10416.666666666666,8.0
Super built-up  Area,Nagavarapalya,1260.0,2.0,2.0,85.5,2.0,6785.714285714285,4.0
Plot  Area,Hoodi,3250.0,5.0,2.0,395.0,5.0,12153.846153846154,10.0
Plot  Area,Ambedkar Nagar,3500.0,4.0,2.0,550.0,4.0,15714.285714285714,8.0
Super built-up  Area,Kanakpura Road,1100.0,2.0,1.0,53.0,3.0,4818.181818181818,5.0
Super built-up  Area,Electronic City Phase II,1305.0,3.0,1.0,65.0,3.0,4980.842911877395,6.0
Built-up  Area,Other,1236.0,2.0,1.0,50.0,2.0,4045.3074433656957,4.0
Built-up  Area,Uttarahalli,1125.0,1.0,2.0,45.0,2.0,4000.0,3.0
Built-up  Area,KR Puram,1075.0,2.0,2.0,32.25,2.0,3000.0,4.0
Built-up  Area,Thanisandra,2999.97,6.0,0.0,110.0,6.0,3666.703333700004,12.0
Super built-up  Area,Kadugodi,1150.0,2.0,2.0,42.0,2.0,3652.1739130434785,4.0
Plot  Area,Other,1440.0,4.0,1.0,240.0,4.0,16666.666666666668,8.0
Super built-up  Area,Hennur Road,1085.0,2.0,1.0,43.4,2.0,4000.0,4.0
Built-up  Area,Hebbal Kempapura,1785.0,3.0,0.0,165.0,3.0,9243.697478991597,6.0
Super built-up  Area,Thanisandra,1930.0,4.0,2.0,120.0,3.0,6217.616580310881,7.0
Super built-up  Area,Other,600.0,4.0,1.0,70.0,2.0,11666.666666666666,6.0
Plot  Area,Other,800.0,1.0,0.0,45.0,2.0,5625.0,3.0
Built-up  Area,Kumaraswami Layout,2450.0,3.0,2.0,110.0,4.0,4489.7959183673465,7.0
Plot  Area,Other,1200.0,4.0,0.0,120.0,4.0,10000.0,8.0
Super built-up  Area,Bannerghatta Road,1920.0,3.0,3.0,122.0,3.0,6354.166666666667,6.0
Super built-up  Area,Kothannur,1085.0,2.0,2.0,34.2,2.0,3152.0737327188945,4.0
Super built-up  Area,Thanisandra,760.0,1.0,2.0,50.4,1.0,6631.578947368421,2.0
Built-up  Area,Sahakara Nagar,1201.0,2.0,3.0,80.0,2.0,6661.1157368859285,4.0
Super built-up  Area,Electronic City,1615.0,3.0,2.0,97.0,3.0,6006.1919504643965,6.0
Super built-up  Area,HSR Layout,1289.0,2.0,2.0,70.0,2.0,5430.566330488751,4.0
Super built-up  Area,Kasavanhalli,1377.0,2.0,2.0,80.0,2.0,5809.731299927378,4.0
Super built-up  Area,Cunningham Road,2880.0,3.0,2.0,560.0,3.0,19444.444444444445,6.0
Plot  Area,Other,1892.0,3.0,2.0,200.0,3.0,10570.824524312897,6.0
Built-up  Area,Shivaji Nagar,2176.0,3.0,3.0,348.0,3.0,15992.64705882353,6.0
Super built-up  Area,Thanisandra,663.0,1.0,0.0,32.82,1.0,4950.226244343891,2.0
Built-up  Area,Electronic City,1165.0,2.0,1.0,33.65,2.0,2888.412017167382,4.0
Super built-up  Area,Talaghattapura,3554.0,4.0,1.0,340.0,3.0,9566.685424873382,7.0
Super built-up  Area,Thanisandra,1260.0,2.0,1.0,45.5,2.0,3611.1111111111113,4.0
Built-up  Area,Other,1095.0,2.0,1.0,39.0,2.0,3561.6438356164385,4.0
Super built-up  Area,Other,1050.0,2.0,2.0,65.0,2.0,6190.476190476191,4.0
Super built-up  Area,Seegehalli,1176.0,2.0,2.0,50.0,2.0,4251.700680272109,4.0
Super built-up  Area,Thanisandra,1801.0,3.0,2.0,115.0,3.0,6385.341476957246,6.0
Super built-up  Area,Whitefield,1315.0,2.0,3.0,55.0,2.0,4182.509505703422,4.0
Plot  Area,NRI Layout,2400.0,2.0,1.0,125.0,2.0,5208.333333333333,4.0
Super built-up  Area,Uttarahalli,1308.0,2.0,3.0,53.0,3.0,4051.987767584098,5.0
Plot  Area,Sarjapur  Road,4250.0,4.0,2.0,610.0,4.0,14352.941176470587,8.0
Built-up  Area,Thanisandra,3671.0,4.0,1.0,220.0,4.0,5992.917461182239,8.0
Super built-up  Area,Hoodi,2144.0,3.0,2.0,140.0,3.0,6529.850746268657,6.0
Built-up  Area,Hoskote,1065.0,2.0,3.0,33.75,2.0,3169.0140845070423,4.0
Super built-up  Area,Balagere,1205.0,2.0,1.0,67.0,2.0,5560.165975103734,4.0
Super built-up  Area,Uttarahalli,1160.0,2.0,2.0,40.58,2.0,3498.2758620689656,4.0
Plot  Area,Other,1200.0,3.0,1.0,56.53,3.0,4710.833333333333,6.0
Super built-up  Area,Other,1681.0,3.0,3.0,69.0,3.0,4104.699583581201,6.0
Built-up  Area,Bommasandra Industrial Area,1130.0,2.0,1.0,32.64,2.0,2888.495575221239,4.0
Super built-up  Area,Iblur Village,3633.0,5.0,1.0,335.0,4.0,9221.029452243325,9.0
Built-up  Area,Kanakpura Road,1843.0,3.0,2.0,90.0,3.0,4883.342376559956,6.0
Built-up  Area,Bommasandra Industrial Area,1065.0,2.0,1.0,30.75,2.0,2887.323943661972,4.0
Super built-up  Area,Thubarahalli,1885.0,3.0,2.0,85.52,3.0,4536.870026525199,6.0
Super built-up  Area,R.T. Nagar,1500.0,2.0,2.0,45.0,2.0,3000.0,4.0
Super built-up  Area,Panathur,1210.0,2.0,2.0,69.0,2.0,5702.479338842975,4.0
Super built-up  Area,TC Palaya,1126.0,2.0,1.0,39.4,2.0,3499.1119005328596,4.0
Super built-up  Area,Rayasandra,1357.0,2.0,2.0,59.0,3.0,4347.826086956522,5.0
Super built-up  Area,Whitefield,1451.0,2.0,2.0,46.4,3.0,3197.7946243969677,5.0
Plot  Area,Kodigehaali,1600.0,3.0,3.0,185.0,4.0,11562.5,7.0
Super built-up  Area,Hennur Road,950.0,2.0,1.0,55.0,2.0,5789.473684210527,4.0
Built-up  Area,Bellandur,960.0,2.0,2.0,48.0,2.0,5000.0,4.0
Super built-up  Area,Other,1625.0,3.0,3.0,92.0,3.0,5661.538461538462,6.0
Plot  Area,Kaggalipura,2200.0,4.0,1.0,150.0,3.0,6818.181818181818,7.0
Super built-up  Area,Kanakpura Road,900.0,2.0,1.0,46.29,2.0,5143.333333333333,4.0
Built-up  Area,Other,1080.0,2.0,2.0,38.0,2.0,3518.5185185185187,4.0
Super built-up  Area,Cooke Town,2300.0,3.0,1.0,250.0,3.0,10869.565217391304,6.0
Super built-up  Area,Hosa Road,1708.0,3.0,0.0,64.05,4.0,3750.0,7.0
Built-up  Area,Yeshwanthpur,2500.0,5.0,2.0,185.0,6.0,7400.0,11.0
Super built-up  Area,Bellandur,1690.0,2.0,2.0,116.0,3.0,6863.905325443787,5.0
Built-up  Area,Other,2100.0,3.0,0.0,145.0,5.0,6904.761904761905,8.0
Super built-up  Area,Other,1269.0,2.0,2.0,97.0,2.0,7643.81402679275,4.0
Built-up  Area,Haralur Road,1890.0,3.0,2.0,84.0,3.0,4444.444444444444,6.0
Built-up  Area,Electronic City Phase II,1165.0,2.0,1.0,33.64,2.0,2887.5536480686696,4.0
Super built-up  Area,BTM Layout,1196.0,2.0,2.0,56.81,2.0,4750.0,4.0
Super built-up  Area,Old Madras Road,1630.0,3.0,2.0,110.0,3.0,6748.4662576687115,6.0
Super built-up  Area,Whitefield,1063.0,2.0,1.0,42.52,2.0,4000.0,4.0
Super built-up  Area,Other,1025.0,2.0,1.0,39.98,2.0,3900.4878048780483,4.0
Super built-up  Area,Chikkabanavar,1067.0,2.0,1.0,38.0,2.0,3561.3870665417057,4.0
Super built-up  Area,Kanakpura Road,1299.0,2.0,1.0,89.63,2.0,6899.923017705928,4.0
Super built-up  Area,Panathur,1343.0,2.0,1.0,76.0,2.0,5658.972449739389,4.0
Super built-up  Area,Electronics City Phase 1,1330.0,2.0,2.0,44.0,3.0,3308.2706766917295,5.0
Super built-up  Area,Mallasandra,1524.0,2.0,3.0,72.0,3.0,4724.4094488188975,5.0
Super built-up  Area,Lingadheeranahalli,2236.0,4.0,2.0,153.0,4.0,6842.57602862254,8.0
Super built-up  Area,Domlur,2955.0,3.0,2.0,235.0,3.0,7952.622673434857,6.0
Super built-up  Area,Other,1410.0,2.0,2.0,45.12,3.0,3200.0,5.0
Super built-up  Area,Balagere,1205.0,2.0,1.0,79.0,2.0,6556.016597510374,4.0
Super built-up  Area,Other,1270.0,2.0,2.0,95.25,3.0,7500.0,5.0
Super built-up  Area,Other,1353.0,2.0,2.0,110.0,3.0,8130.081300813008,5.0
Plot  Area,Other,1200.0,2.0,1.0,68.0,2.0,5666.666666666667,4.0
Super built-up  Area,Other,1250.0,2.0,1.0,70.0,3.0,5600.0,5.0
Super built-up  Area,Other,1950.2,3.0,2.0,261.0,3.0,13383.242744333915,6.0
Super built-up  Area,Sarjapur  Road,1157.0,2.0,1.0,69.0,3.0,5963.699222126188,5.0
Super built-up  Area,Kanakapura,825.0,1.0,0.0,35.475,1.0,4300.0,2.0
Built-up  Area,Yelahanka,602.0,1.0,1.0,33.0,1.0,5481.72757475083,2.0
Built-up  Area,Malleshwaram,3000.0,4.0,0.0,900.0,5.0,30000.0,9.0
Super built-up  Area,Hoodi,1108.0,2.0,0.0,66.46,2.0,5998.194945848375,4.0
Super built-up  Area,Other,1040.0,2.0,1.0,68.0,2.0,6538.461538461538,4.0
Super built-up  Area,Sarjapur,1451.0,2.0,1.0,87.0,2.0,5995.864920744314,4.0
Super built-up  Area,Kanakpura Road,850.0,1.0,1.0,37.32,1.0,4390.588235294118,2.0
Super built-up  Area,Other,2171.66,3.0,2.0,298.0,3.0,13722.221710580847,6.0
Super built-up  Area,Other,900.0,2.0,1.0,40.0,2.0,4444.444444444444,4.0
Super built-up  Area,Kudlu,720.0,1.0,1.0,33.0,1.0,4583.333333333333,2.0
Super built-up  Area,Thanisandra,1573.0,3.0,2.0,115.0,3.0,7310.870947234584,6.0
Super built-up  Area,Sarjapur  Road,1026.0,2.0,1.0,60.8,2.0,5925.925925925926,4.0
Built-up  Area,Electronic City Phase II,1400.0,2.0,2.0,40.44,3.0,2888.5714285714284,5.0
Built-up  Area,Banashankari Stage III,2100.0,3.0,1.0,147.0,4.0,7000.0,7.0
Super built-up  Area,Sarjapur  Road,1150.0,2.0,1.0,48.5,2.0,4217.391304347826,4.0
Super built-up  Area,Raja Rajeshwari Nagar,1500.0,3.0,2.0,88.0,3.0,5866.666666666667,6.0
Super built-up  Area,Malleshwaram,2400.0,3.0,2.0,380.0,3.0,15833.333333333334,6.0
Plot  Area,HRBR Layout,1200.0,3.0,2.0,240.0,3.0,20000.0,6.0
Super built-up  Area,Ramagondanahalli,1125.0,2.0,2.0,75.0,2.0,6666.666666666667,4.0
Super built-up  Area,Hennur,1830.5,3.0,0.0,84.205,3.0,4600.109259765091,6.0
Super built-up  Area,Marathahalli,1100.0,2.0,1.0,50.0,2.0,4545.454545454545,4.0
Built-up  Area,Banaswadi,1105.0,2.0,2.0,57.0,2.0,5158.371040723982,4.0
Super built-up  Area,Thanisandra,1110.0,2.0,2.0,46.5,2.0,4189.189189189189,4.0
Super built-up  Area,Dasanapura,708.0,1.0,1.0,41.0,1.0,5790.960451977401,2.0
Super built-up  Area,Other,1600.0,3.0,1.0,100.0,3.0,6250.0,6.0
Super built-up  Area,Thigalarapalya,3122.0,6.0,2.0,250.0,4.0,8007.687379884689,10.0
Super built-up  Area,Sarjapur  Road,1205.0,2.0,2.0,37.0,2.0,3070.539419087137,4.0
Super built-up  Area,5th Phase JP Nagar,1450.0,2.0,2.0,73.0,3.0,5034.482758620689,5.0
Plot  Area,Other,540.0,1.0,0.0,22.0,1.0,4074.074074074074,2.0
Built-up  Area,Dasarahalli,1200.0,2.0,2.0,42.0,2.0,3500.0,4.0
Super built-up  Area,Kalena Agrahara,1837.0,2.0,2.0,95.0,3.0,5171.475231355471,5.0
Super built-up  Area,Whitefield,1346.0,2.0,1.0,76.01,2.0,5647.102526002973,4.0
Built-up  Area,Balagere,1012.0,2.0,1.0,68.0,2.0,6719.367588932806,4.0
Super built-up  Area,Other,1950.2,3.0,2.0,193.0,3.0,9896.420879909752,6.0
Super built-up  Area,Other,1125.0,2.0,2.0,55.0,2.0,4888.888888888889,4.0
Super built-up  Area,Kaggadasapura,1500.0,2.0,2.0,60.0,3.0,4000.0,5.0
Super built-up  Area,Harlur,1197.0,2.0,1.0,79.9,2.0,6675.020885547202,4.0
Super built-up  Area,BTM 2nd Stage,1100.0,2.0,2.0,47.0,2.0,4272.727272727273,4.0
Super built-up  Area,Other,1563.0,2.0,2.0,52.0,3.0,3326.935380678183,5.0
Plot  Area,Other,2240.0,4.0,1.0,700.0,7.0,31250.0,11.0
Super built-up  Area,Hebbal Kempapura,3729.0,4.0,2.0,384.0,4.0,10297.666934835077,8.0
Plot  Area,Sarjapur  Road,1600.0,3.0,1.0,120.0,3.0,7500.0,6.0
Super built-up  Area,Green Glen Layout,1715.0,3.0,3.0,120.0,3.0,6997.084548104956,6.0
Built-up  Area,Bannerghatta Road,2400.0,4.0,1.0,180.0,4.0,7500.0,8.0
Super built-up  Area,Ramagondanahalli,1151.0,2.0,2.0,42.5,2.0,3692.44135534318,4.0
Built-up  Area,Uttarahalli,1123.0,2.0,2.0,60.0,2.0,5342.831700801425,4.0
Super built-up  Area,Whitefield,1276.0,2.0,1.0,69.5,2.0,5446.7084639498435,4.0
Super built-up  Area,Yelahanka,1315.0,2.0,3.0,77.0,2.0,5855.513307984791,4.0
Super built-up  Area,R.T. Nagar,1325.0,2.0,2.0,52.0,2.0,3924.5283018867926,4.0
Super built-up  Area,Varthur,1600.0,3.0,2.0,63.2,3.0,3950.0,6.0
Super built-up  Area,Jakkur,1660.0,3.0,2.0,104.0,3.0,6265.060240963855,6.0
Super built-up  Area,Kodichikkanahalli,1299.0,2.0,3.0,58.0,2.0,4464.973056197075,4.0
Super built-up  Area,Haralur Road,953.0,2.0,1.0,90.0,2.0,9443.861490031479,4.0
Super built-up  Area,Gunjur,1457.0,2.0,3.0,60.0,2.0,4118.050789293068,4.0
Super built-up  Area,Varthur,1000.0,1.0,1.0,65.0,2.0,6500.0,3.0
Built-up  Area,Mallasandra,1100.0,2.0,3.0,76.3,3.0,6936.363636363636,5.0
Super built-up  Area,Yelahanka,1075.0,2.0,1.0,33.53,3.0,3119.0697674418607,5.0
Super built-up  Area,Kanakpura Road,1450.0,3.0,3.0,51.0,3.0,3517.2413793103447,6.0
Super built-up  Area,Iblur Village,5515.0,6.0,2.0,425.0,5.0,7706.255666364461,11.0
Super built-up  Area,Bellandur,950.0,1.0,1.0,40.0,1.0,4210.526315789473,2.0
Super built-up  Area,Other,1013.0,2.0,2.0,60.0,2.0,5923.000987166831,4.0
Super built-up  Area,Hennur Road,1140.0,2.0,2.0,56.0,2.0,4912.2807017543855,4.0
Super built-up  Area,Other,2100.0,3.0,3.0,220.0,3.0,10476.190476190477,6.0
Super built-up  Area,Yelahanka,1430.0,3.0,1.0,61.0,3.0,4265.734265734266,6.0
Carpet  Area,Other,1600.0,3.0,2.0,77.0,3.0,4812.5,6.0
Super built-up  Area,Other,1190.0,2.0,1.0,48.0,2.0,4033.6134453781515,4.0
Super built-up  Area,Other,1625.0,3.0,2.0,95.0,3.0,5846.153846153846,6.0
Super built-up  Area,Other,1210.0,2.0,2.0,53.0,2.0,4380.165289256199,4.0
Super built-up  Area,Lakshminarayana Pura,1615.0,3.0,2.0,150.0,3.0,9287.925696594428,6.0
Super built-up  Area,Kalena Agrahara,1180.0,2.0,2.0,85.0,2.0,7203.389830508475,4.0
Plot  Area,Nagasandra,1500.0,2.0,0.0,91.0,2.0,6066.666666666667,4.0
Built-up  Area,Bellandur,850.0,2.0,1.0,45.0,2.0,5294.117647058823,4.0
Super built-up  Area,Kothanur,1130.0,2.0,2.0,55.0,2.0,4867.256637168141,4.0
Super built-up  Area,CV Raman Nagar,907.0,2.0,2.0,38.0,2.0,4189.636163175303,4.0
Built-up  Area,HRBR Layout,1300.0,2.0,3.0,90.0,2.0,6923.076923076923,4.0
Super built-up  Area,Hennur Road,1891.0,3.0,1.0,110.0,3.0,5817.028027498678,6.0
Super built-up  Area,Hennur Road,1735.0,3.0,3.0,78.0,3.0,4495.677233429395,6.0
Super built-up  Area,Bisuvanahalli,1075.0,2.0,1.0,33.0,3.0,3069.767441860465,5.0
Plot  Area,Other,1600.0,5.0,2.0,140.0,5.0,8750.0,10.0
Built-up  Area,Other,1160.0,2.0,3.0,55.0,2.0,4741.379310344828,4.0
Super built-up  Area,Other,930.0,1.0,1.0,55.0,2.0,5913.978494623656,3.0
Built-up  Area,Devanahalli,1010.0,2.0,1.0,58.0,2.0,5742.574257425743,4.0
Super built-up  Area,Electronic City,1221.0,2.0,2.0,68.0,2.0,5569.205569205569,4.0
Plot  Area,Banashankari,2400.0,4.0,3.0,470.0,4.0,19583.333333333332,8.0
Super built-up  Area,Hoodi,1108.0,2.0,1.0,87.48,2.0,7895.306859205776,4.0
Super built-up  Area,Sarjapur  Road,1370.0,2.0,1.0,70.0,2.0,5109.489051094891,4.0
Super built-up  Area,Banashankari Stage V,920.0,2.0,1.0,41.5,2.0,4510.869565217391,4.0
Super built-up  Area,Bhoganhalli,1277.0,2.0,1.0,79.89,2.0,6256.068911511355,4.0
Super built-up  Area,Horamavu Agara,1213.0,2.0,2.0,38.1,2.0,3140.9727947238252,4.0
Super built-up  Area,Singasandra,1653.0,3.0,2.0,85.0,3.0,5142.165759225651,6.0
Plot  Area,Sarjapur,2400.0,3.0,3.0,140.0,4.0,5833.333333333333,7.0
Super built-up  Area,Other,3000.0,5.0,3.0,500.0,4.0,16666.666666666668,9.0
Plot  Area,Kothanur,1600.0,4.0,3.0,250.0,4.0,15625.0,8.0
Super built-up  Area,Electronics City Phase 1,1321.0,2.0,2.0,40.0,3.0,3028.009084027252,5.0
Super built-up  Area,Kanakpura Road,1570.0,3.0,2.0,68.0,3.0,4331.210191082802,6.0
Super built-up  Area,Other,1053.0,2.0,3.0,44.0,2.0,4178.537511870845,4.0
Super built-up  Area,Other,1325.0,2.0,3.0,56.0,3.0,4226.415094339623,5.0
Super built-up  Area,Other,1169.0,2.0,1.0,50.11,2.0,4286.569717707443,4.0
Super built-up  Area,Other,1274.0,2.0,1.0,90.0,2.0,7064.36420722135,4.0
Super built-up  Area,Whitefield,1317.0,2.0,2.0,52.0,2.0,3948.3675018982535,4.0
Built-up  Area,Lakshminarayana Pura,1195.0,2.0,1.0,75.0,2.0,6276.150627615063,4.0
Super built-up  Area,Whitefield,2858.0,4.0,0.0,137.0,4.0,4793.561931420574,8.0
Super built-up  Area,Kammasandra,940.0,2.0,2.0,35.0,2.0,3723.404255319149,4.0
Built-up  Area,Budigere,1820.0,3.0,2.0,95.5,3.0,5247.252747252747,6.0
Super built-up  Area,Kanakpura Road,1450.0,3.0,3.0,53.6,3.0,3696.551724137931,6.0
Built-up  Area,Whitefield,1615.0,3.0,0.0,96.9,3.0,6000.0,6.0
Built-up  Area,Nagarbhavi,2200.0,2.0,3.0,99.0,3.0,4500.0,5.0
Super built-up  Area,Subramanyapura,985.0,2.0,1.0,62.5,2.0,6345.177664974619,4.0
Built-up  Area,Electronics City Phase 1,1116.0,2.0,1.0,33.0,2.0,2956.989247311828,4.0
Super built-up  Area,Kaggadasapura,1105.0,2.0,1.0,39.5,2.0,3574.660633484163,4.0
Super built-up  Area,Whitefield,1220.0,2.0,1.0,55.0,2.0,4508.196721311476,4.0
Built-up  Area,Hoodi,1400.0,3.0,2.0,74.0,3.0,5285.714285714285,6.0
Built-up  Area,Other,2400.0,3.0,0.0,185.0,4.0,7708.333333333333,7.0
Built-up  Area,Uttarahalli,1000.0,2.0,1.0,35.0,2.0,3500.0,4.0
Super built-up  Area,Bannerghatta Road,1660.0,3.0,3.0,80.0,3.0,4819.277108433735,6.0
Super built-up  Area,Old Madras Road,1165.0,2.0,1.0,52.0,2.0,4463.519313304721,4.0
Super built-up  Area,Budigere,1153.0,2.0,2.0,56.0,2.0,4856.895056374675,4.0
Built-up  Area,Bannerghatta Road,1270.0,2.0,2.0,45.0,2.0,3543.3070866141734,4.0
Super built-up  Area,Other,1070.0,2.0,2.0,38.0,2.0,3551.4018691588785,4.0
Built-up  Area,Other,1427.0,2.0,2.0,85.0,3.0,5956.552207428171,5.0
Super built-up  Area,Banashankari Stage III,1420.0,2.0,2.0,95.0,3.0,6690.140845070423,5.0
Plot  Area,Kothanur,1600.0,5.0,0.0,130.0,4.0,8125.0,9.0
Super built-up  Area,Other,2031.0,2.0,2.0,200.0,2.0,9847.365829640572,4.0
Super built-up  Area,Bellandur,1454.0,2.0,1.0,90.0,2.0,6189.821182943604,4.0
Super built-up  Area,Whitefield,1116.0,2.0,3.0,48.76,2.0,4369.1756272401435,4.0
Plot  Area,Other,2000.0,3.0,1.0,180.0,4.0,9000.0,7.0
Super built-up  Area,Sarjapur  Road,1346.0,2.0,1.0,74.03,2.0,5500.0,4.0
Super built-up  Area,Other,1062.0,2.0,1.0,50.0,2.0,4708.097928436911,4.0
Super built-up  Area,Other,700.0,1.0,1.0,25.5,1.0,3642.8571428571427,2.0
Super built-up  Area,JP Nagar,1405.0,2.0,1.0,99.0,2.0,7046.26334519573,4.0
Built-up  Area,Doddathoguru,1100.0,2.0,2.0,50.0,2.0,4545.454545454545,4.0
Plot  Area,Chikka Tirupathi,2153.0,4.0,3.0,120.0,3.0,5573.61820715281,7.0
Plot  Area,Other,1200.0,3.0,2.0,120.0,3.0,10000.0,6.0
Super built-up  Area,Ulsoor,2135.0,3.0,2.0,170.0,3.0,7962.529274004683,6.0
Built-up  Area,Pai Layout,1068.0,2.0,3.0,48.0,2.0,4494.38202247191,4.0
Super built-up  Area,Doddathoguru,940.0,2.0,1.0,32.9,2.0,3500.0,4.0
Super built-up  Area,Hosa Road,1063.0,2.0,1.0,32.79,2.0,3084.6660395108183,4.0
Super built-up  Area,Brookefield,1382.0,2.0,2.0,84.5,2.0,6114.3270622286545,4.0
Super built-up  Area,Harlur,936.0,2.0,1.0,45.0,2.0,4807.692307692308,4.0
Super built-up  Area,KR Puram,1400.0,2.0,3.0,60.0,3.0,4285.714285714285,5.0
Super built-up  Area,Sarjapur  Road,475.0,1.0,1.0,26.0,1.0,5473.684210526316,2.0
Super built-up  Area,Other,1200.0,2.0,1.0,115.0,2.0,9583.333333333334,4.0
Super built-up  Area,Other,1450.0,3.0,3.0,65.0,3.0,4482.758620689655,6.0
Super built-up  Area,Kudlu,1162.0,2.0,1.0,52.0,2.0,4475.043029259897,4.0
Super built-up  Area,Hosa Road,1161.0,2.0,1.0,48.75,2.0,4198.966408268734,4.0
Super built-up  Area,Green Glen Layout,1623.29,2.0,2.0,105.0,3.0,6468.345150897252,5.0
Super built-up  Area,Brookefield,1260.0,2.0,1.0,70.0,2.0,5555.555555555556,4.0
Plot  Area,Billekahalli,1672.0,3.0,2.0,190.0,4.0,11363.636363636364,7.0
Plot  Area,Seegehalli,3000.0,4.0,2.0,240.0,3.0,8000.0,7.0
Super built-up  Area,Murugeshpalya,1500.0,2.0,0.0,70.0,3.0,4666.666666666667,5.0
Super built-up  Area,Budigere,705.0,1.0,0.0,34.545,1.0,4900.0,2.0
Plot  Area,Other,1650.0,6.0,2.0,200.0,5.0,12121.212121212122,11.0
Super built-up  Area,Other,2000.0,3.0,3.0,200.0,3.0,10000.0,6.0
Plot  Area,Other,1675.0,1.0,0.0,241.0,1.0,14388.059701492537,2.0
Plot  Area,Electronic City,1200.0,3.0,2.0,150.0,3.0,12500.0,6.0
Super built-up  Area,Nagarbhavi,1100.0,2.0,2.0,46.2,2.0,4200.0,4.0
Super built-up  Area,Whitefield,1400.0,2.0,3.0,56.0,3.0,4000.0,5.0
Super built-up  Area,Ramagondanahalli,2257.0,3.0,2.0,155.0,3.0,6867.523260965884,6.0
Super built-up  Area,Budigere,1153.0,2.0,2.0,56.5,2.0,4900.260190806592,4.0
Super built-up  Area,Sarjapur  Road,1197.0,2.0,1.0,56.86,2.0,4750.208855472013,4.0
Super built-up  Area,Other,1150.0,2.0,2.0,90.0,2.0,7826.086956521739,4.0
Super built-up  Area,Other,595.0,1.0,1.0,40.0,1.0,6722.689075630252,2.0
Super built-up  Area,Hoodi,1837.0,3.0,1.0,110.0,3.0,5988.023952095808,6.0
Plot  Area,Other,3750.0,4.0,2.0,190.0,4.0,5066.666666666667,8.0
Super built-up  Area,Bellandur,1830.0,3.0,3.0,91.86,3.0,5019.672131147541,6.0
Super built-up  Area,Green Glen Layout,1715.0,3.0,3.0,115.0,3.0,6705.539358600583,6.0
Super built-up  Area,Electronic City,970.0,2.0,1.0,35.0,2.0,3608.2474226804125,4.0
Plot  Area,Hebbal Kempapura,1200.0,3.0,2.0,148.0,4.0,12333.333333333334,7.0
Built-up  Area,NRI Layout,2700.0,5.0,1.0,95.75,4.0,3546.296296296296,9.0
Plot  Area,Other,5480.0,4.0,2.0,400.0,3.0,7299.270072992701,7.0
Built-up  Area,Vidyaranyapura,2400.0,5.0,1.0,135.0,4.0,5625.0,9.0
Super built-up  Area,Sarjapur  Road,3040.0,4.0,2.0,135.0,4.0,4440.789473684211,8.0
Super built-up  Area,Raja Rajeshwari Nagar,1168.0,2.0,1.0,66.0,2.0,5650.684931506849,4.0
Built-up  Area,Other,1500.0,3.0,2.0,75.0,3.0,5000.0,6.0
Plot  Area,Kumaraswami Layout,600.0,2.0,1.0,72.0,2.0,12000.0,4.0
Super built-up  Area,ITPL,850.0,2.0,1.0,25.4,2.0,2988.235294117647,4.0
Super built-up  Area,Ramamurthy Nagar,935.0,2.0,2.0,39.0,2.0,4171.122994652406,4.0
Super built-up  Area,Doddaballapur,654.0,1.0,1.0,49.0,1.0,7492.354740061162,2.0
Built-up  Area,Domlur,1650.0,3.0,1.0,180.0,3.0,10909.09090909091,6.0
Plot  Area,Other,5656.0,5.0,0.0,499.0,3.0,8822.489391796322,8.0
Super built-up  Area,Other,1300.0,2.0,1.0,33.0,2.0,2538.4615384615386,4.0
Super built-up  Area,Kaggalipura,950.0,2.0,1.0,60.0,2.0,6315.789473684211,4.0
Super built-up  Area,Other,1250.0,3.0,2.0,54.0,3.0,4320.0,6.0
Super built-up  Area,Other,1425.0,2.0,2.0,65.0,3.0,4561.403508771929,5.0
Built-up  Area,Uttarahalli,1165.0,1.0,0.0,42.09,2.0,3612.8755364806866,3.0
Super built-up  Area,Kathriguppe,1390.0,2.0,2.0,69.49,3.0,4999.2805755395675,5.0
Built-up  Area,Kalena Agrahara,1510.0,3.0,2.0,78.0,3.0,5165.562913907284,6.0
Super built-up  Area,Thanisandra,1305.0,2.0,2.0,90.0,2.0,6896.551724137931,4.0
Built-up  Area,Kodigehaali,866.0,2.0,2.0,32.0,2.0,3695.150115473441,4.0
Super built-up  Area,Hulimavu,1231.0,2.0,1.0,84.5,2.0,6864.337936636881,4.0
Super built-up  Area,Sompura,1360.0,2.0,3.0,45.0,3.0,3308.823529411765,5.0
Super built-up  Area,Yeshwanthpur,2500.0,3.0,3.0,138.0,3.0,5520.0,6.0
Super built-up  Area,Whitefield,1140.0,2.0,3.0,55.0,2.0,4824.561403508772,4.0
Super built-up  Area,Whitefield,1295.0,2.0,1.0,64.5,2.0,4980.694980694981,4.0
Super built-up  Area,Hormavu,1020.0,2.0,2.0,45.75,2.0,4485.294117647059,4.0
Super built-up  Area,Old Airport Road,3504.0,4.0,2.0,262.0,4.0,7477.16894977169,8.0
Plot  Area,Other,1200.0,1.0,0.0,50.0,2.0,4166.666666666667,3.0
Super built-up  Area,Vidyaranyapura,1100.0,2.0,1.0,41.0,2.0,3727.2727272727275,4.0
Plot  Area,Bannerghatta Road,4723.0,4.0,3.0,500.0,4.0,10586.491636671608,8.0
Super built-up  Area,Kothannur,820.0,2.0,2.0,37.0,2.0,4512.195121951219,4.0
Plot  Area,Sarjapur,3508.0,4.0,1.0,386.0,4.0,11003.420752565564,8.0
Plot  Area,Other,3700.0,4.0,2.0,400.0,4.0,10810.81081081081,8.0
Super built-up  Area,Kalena Agrahara,1354.0,2.0,2.0,70.0,2.0,5169.8670605613,4.0
Super built-up  Area,Basavangudi,2453.0,3.0,2.0,250.0,4.0,10191.602119853242,7.0
Super built-up  Area,Garudachar Palya,1154.0,2.0,1.0,51.8,2.0,4488.734835355286,4.0
Super built-up  Area,7th Phase JP Nagar,1680.0,2.0,3.0,92.0,3.0,5476.190476190476,5.0
Super built-up  Area,Electronics City Phase 1,1205.0,2.0,2.0,60.0,2.0,4979.253112033195,4.0
Built-up  Area,Raja Rajeshwari Nagar,1400.0,2.0,2.0,86.0,3.0,6142.857142857143,5.0
Carpet  Area,Other,1625.0,3.0,1.0,150.0,3.0,9230.76923076923,6.0
Built-up  Area,Electronic City,1500.0,3.0,1.0,73.0,3.0,4866.666666666667,6.0
Super built-up  Area,Bannerghatta Road,1520.0,2.0,3.0,80.0,3.0,5263.1578947368425,5.0
Built-up  Area,Other,1300.0,3.0,1.0,65.0,2.0,5000.0,5.0
Super built-up  Area,Other,1150.0,2.0,2.0,47.0,2.0,4086.9565217391305,4.0
Super built-up  Area,Kadugodi,1762.0,3.0,3.0,109.0,3.0,6186.152099886493,6.0
Super built-up  Area,Budigere,1153.0,2.0,2.0,58.0,2.0,5030.3555941023415,4.0
Super built-up  Area,Yelahanka,2650.0,4.0,1.0,223.0,4.0,8415.094339622641,8.0
Super built-up  Area,Sompura,1350.0,2.0,2.0,47.0,3.0,3481.4814814814813,5.0
Super built-up  Area,Billekahalli,950.0,2.0,2.0,56.0,2.0,5894.736842105263,4.0
Super built-up  Area,Jakkur,3295.0,3.0,3.0,310.0,3.0,9408.194233687405,6.0
Super built-up  Area,Other,1515.0,3.0,3.0,80.5,3.0,5313.531353135313,6.0
Super built-up  Area,Neeladri Nagar,1100.0,2.0,2.0,30.0,2.0,2727.2727272727275,4.0
Super built-up  Area,Other,1250.0,2.0,2.0,65.0,2.0,5200.0,4.0
Built-up  Area,HBR Layout,1200.0,2.0,0.0,120.0,2.0,10000.0,4.0
Super built-up  Area,5th Phase JP Nagar,2500.0,8.0,3.0,95.0,7.0,3800.0,15.0
Plot  Area,Hoskote,1200.0,4.0,2.0,100.0,4.0,8333.333333333334,8.0
Super built-up  Area,Yelahanka,1355.0,2.0,2.0,51.5,3.0,3800.7380073800737,5.0
Super built-up  Area,Other,1115.0,3.0,1.0,39.14,3.0,3510.3139013452915,6.0
Super built-up  Area,8th Phase JP Nagar,1275.0,3.0,2.0,45.0,3.0,3529.4117647058824,6.0
Super built-up  Area,Padmanabhanagar,2051.0,3.0,2.0,170.0,3.0,8288.639687957095,6.0
Super built-up  Area,BTM Layout,1470.0,2.0,2.0,99.0,3.0,6734.693877551021,5.0
Super built-up  Area,Other,1550.0,2.0,3.0,70.0,3.0,4516.129032258064,5.0
Built-up  Area,Bannerghatta Road,1270.0,2.0,1.0,73.0,3.0,5748.031496062992,5.0
Super built-up  Area,Hebbal Kempapura,1600.0,3.0,3.0,170.0,3.0,10625.0,6.0
Super built-up  Area,Kudlu Gate,1320.0,2.0,2.0,50.0,3.0,3787.878787878788,5.0
Super built-up  Area,Other,2505.0,3.0,2.0,165.0,3.0,6586.826347305389,6.0
Super built-up  Area,Whitefield,1200.0,2.0,3.0,70.0,2.0,5833.333333333333,4.0
Super built-up  Area,Other,1705.0,2.0,1.0,86.96,3.0,5100.2932551319645,5.0
Super built-up  Area,Electronic City,995.0,2.0,1.0,48.0,2.0,4824.120603015075,4.0
Built-up  Area,Horamavu Banaswadi,1081.0,2.0,1.0,52.0,2.0,4810.360777058279,4.0
Super built-up  Area,Sonnenahalli,605.0,1.0,1.0,30.24,1.0,4998.347107438017,2.0
Built-up  Area,Yelahanka,567.0,1.0,1.0,25.0,1.0,4409.171075837742,2.0
Super built-up  Area,Rajaji Nagar,1718.0,3.0,2.0,275.0,2.0,16006.9848661234,5.0
Super built-up  Area,Banashankari Stage VI,1410.5,2.0,0.0,70.385,3.0,4990.074441687346,5.0
Super built-up  Area,Green Glen Layout,1715.0,3.0,2.0,105.0,3.0,6122.448979591837,6.0
Plot  Area,Doddaballapur,3206.0,5.0,2.0,270.0,4.0,8421.70929507174,9.0
Plot  Area,Kundalahalli,1500.0,4.0,2.0,235.0,4.0,15666.666666666666,8.0
Super built-up  Area,Bannerghatta Road,1846.0,3.0,2.0,120.0,3.0,6500.541711809317,6.0
Super built-up  Area,Whitefield,1015.0,2.0,3.0,56.0,2.0,5517.241379310345,4.0
Super built-up  Area,Thanisandra,1100.0,2.0,1.0,36.0,2.0,3272.7272727272725,4.0
Super built-up  Area,Thanisandra,1965.0,4.0,2.0,125.0,3.0,6361.323155216285,7.0
Super built-up  Area,NGR Layout,1021.0,2.0,2.0,45.9,2.0,4495.592556317336,4.0
Super built-up  Area,Haralur Road,1230.0,2.0,1.0,67.65,2.0,5500.000000000001,4.0
Super built-up  Area,Uttarahalli,1260.0,2.0,2.0,55.0,2.0,4365.079365079365,4.0
Plot  Area,Indira Nagar,2400.0,4.0,1.0,700.0,4.0,29166.666666666668,8.0
Super built-up  Area,Lingadheeranahalli,1894.0,4.0,1.0,114.0,3.0,6019.007391763464,7.0
Super built-up  Area,Sector 2 HSR Layout,1231.0,2.0,3.0,66.0,2.0,5361.494719740049,4.0
Built-up  Area,R.T. Nagar,1800.0,3.0,0.0,120.0,4.0,6666.666666666667,7.0
Super built-up  Area,Other,1650.0,3.0,2.0,135.0,3.0,8181.818181818182,6.0
Super built-up  Area,Begur,1443.0,2.0,2.0,70.0,3.0,4851.004851004851,5.0
Super built-up  Area,Other,925.0,2.0,1.0,68.0,2.0,7351.351351351352,4.0
Super built-up  Area,Chandapura,1305.0,3.0,1.0,33.28,3.0,2550.191570881226,6.0
Super built-up  Area,Other,1190.0,2.0,2.0,46.41,2.0,3900.0,4.0
Super built-up  Area,Uttarahalli,1284.0,2.0,2.0,53.36,2.0,4155.763239875389,4.0
Built-up  Area,Chikkalasandra,1325.0,2.0,1.0,59.0,2.0,4452.830188679245,4.0
Plot  Area,Other,2400.0,5.0,2.0,750.0,6.0,31250.0,11.0
Super built-up  Area,Kudlu Gate,1183.0,2.0,1.0,79.54,2.0,6723.584108199494,4.0
Built-up  Area,Other,1750.0,3.0,2.0,100.0,3.0,5714.285714285715,6.0
Super built-up  Area,Other,16335.0,4.0,2.0,149.0,4.0,912.1518212427303,8.0
Super built-up  Area,Other,747.0,1.0,2.0,27.0,1.0,3614.4578313253014,2.0
Super built-up  Area,Electronic City,1342.0,2.0,1.0,90.0,2.0,6706.408345752608,4.0
Super built-up  Area,Other,1113.0,2.0,1.0,52.0,2.0,4672.057502246182,4.0
Super built-up  Area,Other,1738.0,3.0,2.0,110.0,3.0,6329.113924050633,6.0
Super built-up  Area,Brookefield,1206.0,2.0,2.0,90.0,2.0,7462.686567164179,4.0
Super built-up  Area,Hebbal,2790.0,4.0,3.0,198.0,4.0,7096.774193548387,8.0
Super built-up  Area,Hebbal,1162.0,2.0,1.0,59.0,2.0,5077.452667814114,4.0
Super built-up  Area,Other,1194.0,2.0,2.0,46.0,2.0,3852.5963149078725,4.0
Built-up  Area,Sarjapur  Road,1857.0,4.0,3.0,155.0,3.0,8346.795907377491,7.0
Built-up  Area,Other,3500.0,6.0,2.0,115.0,6.0,3285.714285714286,12.0
Super built-up  Area,Rajaji Nagar,1763.0,3.0,2.0,240.0,2.0,13613.159387407828,5.0
Super built-up  Area,Uttarahalli,1150.0,2.0,1.0,45.99,2.0,3999.1304347826085,4.0
Plot  Area,Koramangala,2400.0,5.0,3.0,550.0,4.0,22916.666666666668,9.0
Super built-up  Area,Chikkalasandra,1290.0,2.0,2.0,72.0,2.0,5581.395348837209,4.0
Built-up  Area,Thubarahalli,3408.0,5.0,2.0,145.0,4.0,4254.694835680752,9.0
Built-up  Area,HBR Layout,900.0,2.0,1.0,145.0,2.0,16111.111111111111,4.0
Built-up  Area,Sanjay nagar,1150.0,2.0,0.0,70.0,2.0,6086.95652173913,4.0
Plot  Area,Banashankari,1040.0,2.0,1.0,109.0,3.0,10480.76923076923,5.0
Super built-up  Area,Yeshwanthpur,1160.0,2.0,2.0,64.08,2.0,5524.137931034483,4.0
Super built-up  Area,Other,900.0,2.0,2.0,27.0,2.0,3000.0,4.0
Plot  Area,Sarjapur  Road,1750.0,3.0,1.0,185.0,4.0,10571.42857142857,7.0
Super built-up  Area,Lingadheeranahalli,2240.0,4.0,2.0,160.0,4.0,7142.857142857143,8.0
Super built-up  Area,Electronics City Phase 1,891.0,2.0,1.0,26.0,2.0,2918.0695847362513,4.0
Super built-up  Area,Ambedkar Nagar,1852.0,3.0,2.0,125.0,3.0,6749.460043196545,6.0
Super built-up  Area,Chandapura,1323.0,2.0,1.0,42.0,3.0,3174.6031746031745,5.0
Super built-up  Area,Vittasandra,1404.0,2.0,1.0,67.5,2.0,4807.692307692308,4.0
Built-up  Area,Dodda Nekkundi,1370.0,2.0,2.0,60.0,2.0,4379.56204379562,4.0
Super built-up  Area,Uttarahalli,1385.0,2.0,2.0,48.48,3.0,3500.361010830325,5.0
Super built-up  Area,Gollarapalya Hosahalli,1129.0,2.0,1.0,50.0,2.0,4428.697962798937,4.0
Super built-up  Area,Mahalakshmi Layout,1876.0,3.0,1.0,150.0,3.0,7995.735607675906,6.0
Super built-up  Area,Other,1720.0,3.0,1.0,95.0,3.0,5523.2558139534885,6.0
Plot  Area,Jalahalli East,1200.0,4.0,1.0,80.0,4.0,6666.666666666667,8.0
Super built-up  Area,Mysore Road,1175.0,2.0,2.0,86.68,2.0,7377.021276595745,4.0
Super built-up  Area,Other,500.0,1.0,2.0,51.0,1.0,10200.0,2.0
Built-up  Area,Electronic City Phase II,1200.0,1.0,0.0,295.0,1.0,24583.333333333332,2.0
Super built-up  Area,Hosa Road,1893.0,3.0,2.0,130.0,3.0,6867.406233491812,6.0
Super built-up  Area,Whitefield,1430.0,3.0,2.0,52.0,3.0,3636.3636363636365,6.0
Built-up  Area,Other,850.0,2.0,2.0,45.0,2.0,5294.117647058823,4.0
Super built-up  Area,CV Raman Nagar,1392.0,2.0,1.0,110.0,2.0,7902.298850574713,4.0
Super built-up  Area,Kanakpura Road,1938.0,3.0,3.0,105.0,3.0,5417.956656346749,6.0
Super built-up  Area,Other,1020.0,2.0,2.0,52.0,2.0,5098.0392156862745,4.0
Plot  Area,Other,2400.0,2.0,1.0,360.0,3.0,15000.0,5.0
Super built-up  Area,HBR Layout,1832.0,3.0,2.0,160.0,3.0,8733.624454148472,6.0
Super built-up  Area,Konanakunte,1423.0,2.0,2.0,85.0,3.0,5973.295853829937,5.0
Super built-up  Area,Jakkur,1432.0,2.0,1.0,85.0,2.0,5935.754189944134,4.0
Plot  Area,Other,1350.0,4.0,3.0,235.0,4.0,17407.40740740741,8.0
Super built-up  Area,CV Raman Nagar,1480.0,3.0,2.0,65.0,3.0,4391.891891891892,6.0
Super built-up  Area,Kanakpura Road,1843.0,3.0,2.0,96.2,3.0,5219.750406945198,6.0
Super built-up  Area,Hulimavu,1916.0,2.0,1.0,150.0,3.0,7828.8100208768265,5.0
Super built-up  Area,Yelenahalli,1160.0,2.0,2.0,44.08,2.0,3800.0,4.0
Super built-up  Area,Old Madras Road,2640.0,2.0,1.0,170.0,2.0,6439.393939393939,4.0
Super built-up  Area,Bommanahalli,1160.0,2.0,3.0,53.0,2.0,4568.9655172413795,4.0
Built-up  Area,Lakshminarayana Pura,1200.0,2.0,1.0,80.0,2.0,6666.666666666667,4.0
Carpet  Area,Ramagondanahalli,1500.0,3.0,3.0,100.0,3.0,6666.666666666667,6.0
Super built-up  Area,Electronic City Phase II,1336.0,2.0,3.0,50.35,3.0,3768.7125748502995,5.0
Built-up  Area,Choodasandra,1065.0,2.0,1.0,46.0,2.0,4319.24882629108,4.0
Super built-up  Area,Hebbal,1294.0,2.0,1.0,115.0,2.0,8887.171561051005,4.0
Super built-up  Area,Rachenahalli,1550.0,3.0,2.0,68.5,3.0,4419.354838709677,6.0
Super built-up  Area,Other,1005.0,2.0,2.0,40.0,2.0,3980.0995024875624,4.0
Super built-up  Area,7th Phase JP Nagar,1430.0,2.0,1.0,102.0,3.0,7132.867132867133,5.0
Super built-up  Area,Frazer Town,4100.0,4.0,3.0,660.0,4.0,16097.560975609756,8.0
Super built-up  Area,Hoodi,1660.0,3.0,2.0,125.0,3.0,7530.120481927711,6.0
Super built-up  Area,Thanisandra,1430.0,2.0,3.0,56.0,3.0,3916.083916083916,5.0
Super built-up  Area,Hennur Road,1470.0,2.0,1.0,75.0,3.0,5102.040816326531,5.0
Super built-up  Area,Jalahalli,1045.0,2.0,1.0,76.77,2.0,7346.411483253589,4.0
Super built-up  Area,Hebbal,4225.0,6.0,0.0,359.0,4.0,8497.041420118343,10.0
Built-up  Area,Anjanapura,950.0,2.0,0.0,30.0,2.0,3157.8947368421054,4.0
Super built-up  Area,Doddathoguru,1382.0,3.0,1.0,65.0,3.0,4703.328509406657,6.0
Super built-up  Area,BTM 2nd Stage,930.0,2.0,2.0,46.0,2.0,4946.236559139785,4.0
Super built-up  Area,Other,1290.0,2.0,2.0,71.95,2.0,5577.519379844961,4.0
Built-up  Area,Whitefield,1010.0,2.0,1.0,45.0,3.0,4455.445544554455,5.0
Built-up  Area,Brookefield,3050.0,4.0,2.0,130.0,4.0,4262.295081967213,8.0
Super built-up  Area,Dodda Nekkundi,1200.0,2.0,2.0,71.0,2.0,5916.666666666667,4.0
Built-up  Area,Other,1650.0,3.0,2.0,140.0,3.0,8484.848484848484,6.0
Super built-up  Area,Budigere,1636.0,3.0,2.0,88.0,3.0,5378.973105134474,6.0
Super built-up  Area,Rajaji Nagar,2367.0,3.0,2.0,320.0,3.0,13519.22264469793,6.0
Super built-up  Area,Budigere,1153.0,2.0,2.0,56.55,2.0,4904.596704249783,4.0
Super built-up  Area,Hegde Nagar,2087.01,4.0,2.0,160.0,3.0,7666.470213367448,7.0
Super built-up  Area,LB Shastri Nagar,1200.0,2.0,1.0,47.0,2.0,3916.6666666666665,4.0
Super built-up  Area,HSR Layout,1844.0,3.0,1.0,89.0,3.0,4826.46420824295,6.0
Super built-up  Area,Begur Road,1215.0,2.0,1.0,43.75,2.0,3600.8230452674898,4.0
Super built-up  Area,Sarjapur  Road,1194.0,2.0,1.0,57.0,2.0,4773.869346733668,4.0
Built-up  Area,Other,1220.0,2.0,2.0,52.0,2.0,4262.295081967213,4.0
Built-up  Area,Other,3150.0,4.0,2.0,150.0,4.0,4761.9047619047615,8.0
Super built-up  Area,Bommasandra,955.0,2.0,1.0,37.97,2.0,3975.916230366492,4.0
Built-up  Area,Other,2000.0,5.0,2.0,75.0,5.0,3750.0,10.0
Super built-up  Area,Magadi Road,884.0,2.0,1.0,48.0,2.0,5429.864253393665,4.0
Super built-up  Area,Kathriguppe,1250.0,2.0,1.0,68.75,2.0,5500.0,4.0
Super built-up  Area,Bommasandra Industrial Area,7000.0,2.0,1.0,135.0,2.0,1928.5714285714287,4.0
Plot  Area,Dodda Nekkundi,2400.0,4.0,2.0,300.0,3.0,12500.0,7.0
Super built-up  Area,Harlur,2990.0,4.0,1.0,225.0,4.0,7525.083612040134,8.0
Super built-up  Area,Bellandur,1195.0,2.0,1.0,52.0,2.0,4351.464435146443,4.0
Super built-up  Area,Other,2559.0,1.0,1.0,55.0,1.0,2149.2770613520906,2.0
Built-up  Area,Begur,1200.0,2.0,1.0,33.0,2.0,2750.0,4.0
Super built-up  Area,Sarjapur  Road,984.0,2.0,1.0,45.75,2.0,4649.390243902439,4.0
Super built-up  Area,Bommasandra,1089.0,2.0,1.0,40.0,2.0,3673.094582185491,4.0
Super built-up  Area,Hennur Road,1165.0,2.0,1.0,52.0,2.0,4463.519313304721,4.0
Super built-up  Area,Chandapura,410.0,1.0,1.0,10.0,1.0,2439.0243902439024,2.0
Super built-up  Area,Hennur,1482.0,3.0,1.0,110.0,3.0,7422.402159244264,6.0
Built-up  Area,Ramamurthy Nagar,1200.0,2.0,1.0,68.0,2.0,5666.666666666667,4.0
Super built-up  Area,Hormavu,1166.0,2.0,2.0,34.97,3.0,2999.1423670668955,5.0
Super built-up  Area,Chikkalasandra,1275.0,2.0,2.0,55.46,3.0,4349.803921568628,5.0
Super built-up  Area,Mico Layout,1140.0,2.0,2.0,43.0,2.0,3771.9298245614036,4.0
Plot  Area,Hegde Nagar,3734.0,5.0,1.0,430.0,4.0,11515.800749866095,9.0
Super built-up  Area,Other,720.0,1.0,2.0,28.0,1.0,3888.8888888888887,2.0
Plot  Area,Nagarbhavi,1200.0,3.0,2.0,228.0,3.0,19000.0,6.0
Built-up  Area,Other,1100.0,2.0,1.0,90.0,2.0,8181.818181818182,4.0
Super built-up  Area,Sector 7 HSR Layout,1162.0,2.0,2.0,98.77,2.0,8500.0,4.0
Built-up  Area,Ramamurthy Nagar,540.0,1.0,0.0,35.0,1.0,6481.481481481482,2.0
Super built-up  Area,Rachenahalli,1550.0,2.0,2.0,73.5,3.0,4741.935483870968,5.0
Plot  Area,R.T. Nagar,1300.0,3.0,2.0,145.0,3.0,11153.846153846154,6.0
Super built-up  Area,Other,1220.0,2.0,2.0,60.0,2.0,4918.0327868852455,4.0
Super built-up  Area,Doddathoguru,964.0,2.0,1.0,62.0,2.0,6431.535269709543,4.0
Built-up  Area,Other,1500.0,3.0,2.0,50.0,3.0,3333.3333333333335,6.0
Super built-up  Area,Sarjapur  Road,1347.0,2.0,1.0,44.0,3.0,3266.5181885671864,5.0
Super built-up  Area,Other,5000.0,5.0,2.0,250.0,4.0,5000.0,9.0
Built-up  Area,Bannerghatta Road,3000.0,4.0,2.0,140.0,4.0,4666.666666666667,8.0
Super built-up  Area,Bannerghatta,1120.0,2.0,1.0,42.5,2.0,3794.6428571428573,4.0
Super built-up  Area,Other,600.0,1.0,1.0,22.8,1.0,3800.0,2.0
Super built-up  Area,Whitefield,2321.0,4.0,1.0,157.0,3.0,6764.325721671693,7.0
Super built-up  Area,Other,540.0,1.0,2.0,24.0,1.0,4444.444444444444,2.0
Built-up  Area,Hebbal,1150.0,2.0,1.0,57.0,2.0,4956.521739130435,4.0
Built-up  Area,Sonnenahalli,1484.0,3.0,1.0,75.0,3.0,5053.908355795148,6.0
Super built-up  Area,Ramagondanahalli,1680.0,2.0,2.0,68.0,3.0,4047.6190476190477,5.0
Super built-up  Area,Other,620.0,2.0,1.0,23.0,2.0,3709.6774193548385,4.0
Super built-up  Area,Other,1650.0,3.0,2.0,78.0,3.0,4727.272727272727,6.0
Super built-up  Area,Other,1250.0,3.0,2.0,44.0,3.0,3520.0,6.0
Super built-up  Area,Other,2072.0,3.0,2.0,108.0,3.0,5212.355212355213,6.0
Super built-up  Area,Sarjapur  Road,1105.0,2.0,2.0,40.0,2.0,3619.9095022624433,4.0
Super built-up  Area,Vidyaranyapura,1200.0,2.0,2.0,60.5,2.0,5041.666666666667,4.0
Built-up  Area,Kumaraswami Layout,3100.0,7.0,3.0,145.0,7.0,4677.419354838709,14.0
Plot  Area,Whitefield,4007.0,4.0,3.0,530.0,4.0,13226.853007237334,8.0
Super built-up  Area,Banashankari,1340.0,2.0,2.0,53.6,3.0,4000.0,5.0
Super built-up  Area,Rajaji Nagar,2409.0,3.0,3.0,395.0,3.0,16396.84516396845,6.0
Super built-up  Area,Vittasandra,1246.0,2.0,1.0,65.0,2.0,5216.69341894061,4.0
Built-up  Area,Old Airport Road,1055.0,2.0,3.0,75.0,2.0,7109.004739336493,4.0
Super built-up  Area,Hosa Road,1541.0,3.0,1.0,69.61,3.0,4517.1966255678135,6.0
Built-up  Area,Harlur,1370.0,2.0,2.0,88.0,2.0,6423.3576642335765,4.0
Super built-up  Area,Whitefield,1224.0,2.0,2.0,75.0,2.0,6127.450980392156,4.0
Super built-up  Area,Yeshwanthpur,1676.0,3.0,2.0,92.13,3.0,5497.016706443914,6.0
Built-up  Area,Other,1154.0,2.0,1.0,57.0,2.0,4939.341421143848,4.0
Super built-up  Area,Kanakpura Road,1610.0,3.0,3.0,78.5,3.0,4875.776397515528,6.0
Super built-up  Area,Other,1057.0,2.0,1.0,42.0,2.0,3973.5099337748343,4.0
Super built-up  Area,Raja Rajeshwari Nagar,1157.0,2.0,1.0,65.0,2.0,5617.9775280898875,4.0
Plot  Area,Other,1200.0,4.0,1.0,85.0,4.0,7083.333333333333,8.0
Super built-up  Area,Other,980.0,2.0,3.0,35.0,2.0,3571.4285714285716,4.0
Super built-up  Area,Sarjapur  Road,1140.0,2.0,1.0,40.0,2.0,3508.7719298245615,4.0
Super built-up  Area,Raja Rajeshwari Nagar,1206.0,2.0,1.0,40.7,2.0,3374.7927031509125,4.0
Built-up  Area,Electronic City Phase II,575.0,1.0,1.0,16.75,1.0,2913.0434782608695,2.0
Super built-up  Area,Koramangala,1600.0,3.0,1.0,170.0,3.0,10625.0,6.0
Plot  Area,Other,2400.0,4.0,1.0,500.0,4.0,20833.333333333332,8.0
Super built-up  Area,Horamavu Agara,1300.0,2.0,2.0,52.0,3.0,4000.0,5.0
Super built-up  Area,Other,1270.0,2.0,1.0,35.56,3.0,2800.0,5.0
Super built-up  Area,Electronic City,1128.0,2.0,1.0,63.5,2.0,5629.432624113475,4.0
Super built-up  Area,Electronics City Phase 1,640.0,1.0,1.0,45.0,1.0,7031.25,2.0
Super built-up  Area,Other,2400.0,3.0,2.0,185.0,3.0,7708.333333333333,6.0
Super built-up  Area,Electronic City,589.0,1.0,1.0,29.0,1.0,4923.599320882852,2.0
Super built-up  Area,Electronic City,1125.0,2.0,1.0,28.13,2.0,2500.4444444444443,4.0
Plot  Area,Sarjapur  Road,3150.0,4.0,2.0,500.0,4.0,15873.015873015873,8.0
Super built-up  Area,Kundalahalli,1315.0,2.0,3.0,74.0,2.0,5627.376425855513,4.0
Super built-up  Area,Bellandur,1435.0,2.0,2.0,115.0,3.0,8013.937282229966,5.0
Super built-up  Area,Kadugodi,1314.0,2.0,3.0,80.0,2.0,6088.2800608828,4.0
Super built-up  Area,Koramangala,1260.0,2.0,1.0,100.0,2.0,7936.507936507936,4.0
Super built-up  Area,Nagarbhavi,1080.0,2.0,1.0,49.0,2.0,4537.037037037037,4.0
Built-up  Area,Nagasandra,4000.0,8.0,3.0,160.0,8.0,4000.0,16.0
Super built-up  Area,Mysore Road,1082.0,2.0,1.0,45.0,3.0,4158.964879852126,5.0
Super built-up  Area,Jakkur,1150.0,3.0,2.0,65.0,3.0,5652.173913043478,6.0
Super built-up  Area,Hennur Road,1052.0,2.0,1.0,34.72,2.0,3300.380228136882,4.0
Super built-up  Area,Yelahanka,1045.0,2.0,1.0,45.0,2.0,4306.2200956937795,4.0
Built-up  Area,Kodigehaali,1442.0,3.0,2.0,80.0,3.0,5547.850208044383,6.0
Super built-up  Area,Kaggadasapura,1500.0,2.0,2.0,75.0,3.0,5000.0,5.0
Super built-up  Area,Hennur,1255.0,2.0,1.0,53.57,2.0,4268.525896414342,4.0
Super built-up  Area,Other,1432.0,3.0,2.0,79.0,3.0,5516.7597765363125,6.0
Built-up  Area,Kundalahalli,2100.0,3.0,2.0,150.0,3.0,7142.857142857143,6.0
Built-up  Area,Hennur Road,1450.0,2.0,2.0,80.0,2.0,5517.241379310345,4.0
Super built-up  Area,Sarjapur  Road,1346.0,2.0,1.0,69.61,2.0,5171.619613670134,4.0
Super built-up  Area,Kumaraswami Layout,1200.0,2.0,2.0,29.0,2.0,2416.6666666666665,4.0
Super built-up  Area,Electronic City Phase II,925.0,2.0,1.0,49.82,3.0,5385.945945945946,5.0
Super built-up  Area,Dasarahalli,1160.0,2.0,2.0,49.0,2.0,4224.137931034483,4.0
Super built-up  Area,Lingadheeranahalli,1768.0,3.0,3.0,81.31,3.0,4598.981900452489,6.0
Super built-up  Area,Kothanur,1094.0,2.0,2.0,54.0,2.0,4936.014625228519,4.0
Super built-up  Area,Other,1500.0,3.0,3.0,90.0,3.0,6000.0,6.0
Built-up  Area,Gubbalala,1745.0,3.0,2.0,130.0,3.0,7449.856733524355,6.0
Built-up  Area,Bommanahalli,2875.0,7.0,2.0,85.0,7.0,2956.521739130435,14.0
Super built-up  Area,Other,3500.0,3.0,3.0,425.0,4.0,12142.857142857143,7.0
Super built-up  Area,Sonnenahalli,1550.0,3.0,1.0,50.0,3.0,3225.8064516129034,6.0
Super built-up  Area,Rajiv Nagar,2340.0,5.0,1.0,160.0,4.0,6837.606837606838,9.0
Super built-up  Area,Whitefield,1655.0,3.0,2.0,113.0,3.0,6827.794561933535,6.0
Super built-up  Area,Battarahalli,2024.0,3.0,2.0,103.0,3.0,5088.932806324111,6.0
Built-up  Area,Other,3100.0,5.0,0.0,425.0,4.0,13709.677419354839,9.0
Super built-up  Area,Jalahalli,1575.0,4.0,3.0,100.0,3.0,6349.206349206349,7.0
Built-up  Area,Sarjapur  Road,6200.0,4.0,2.0,744.0,4.0,12000.0,8.0
Super built-up  Area,BTM 2nd Stage,1265.0,2.0,3.0,55.0,3.0,4347.826086956522,5.0
Super built-up  Area,Other,1100.0,2.0,2.0,45.0,3.0,4090.909090909091,5.0
Plot  Area,Margondanahalli,1160.0,2.0,1.0,65.0,2.0,5603.448275862069,4.0
Super built-up  Area,Vittasandra,1246.0,2.0,1.0,67.4,2.0,5409.309791332264,4.0
Super built-up  Area,Hosa Road,615.0,1.0,1.0,43.08,1.0,7004.878048780488,2.0
Super built-up  Area,7th Phase JP Nagar,1128.0,2.0,1.0,60.0,2.0,5319.148936170212,4.0
Super built-up  Area,Other,1260.0,2.0,1.0,55.0,2.0,4365.079365079365,4.0
Super built-up  Area,Bellandur,1830.0,3.0,3.0,89.89,3.0,4912.021857923497,6.0
Super built-up  Area,Sarjapur,1525.0,2.0,2.0,68.0,3.0,4459.016393442623,5.0
Super built-up  Area,Yelahanka,602.0,2.0,1.0,30.0,1.0,4983.388704318937,3.0
Built-up  Area,Kumaraswami Layout,3000.0,4.0,2.0,400.0,7.0,13333.333333333334,11.0
Super built-up  Area,Hegde Nagar,1835.0,3.0,3.0,89.0,3.0,4850.136239782017,6.0
Built-up  Area,Kanakpura Road,1250.0,3.0,3.0,62.6,3.0,5008.0,6.0
Plot  Area,Other,1200.0,4.0,1.0,110.0,4.0,9166.666666666666,8.0
Super built-up  Area,Murugeshpalya,1855.0,3.0,3.0,96.0,3.0,5175.202156334231,6.0
Super built-up  Area,Sarjapur  Road,2089.0,3.0,2.0,148.0,3.0,7084.729535662997,6.0
Plot  Area,Banashankari Stage VI,4800.0,3.0,2.0,200.0,4.0,4166.666666666667,7.0
Built-up  Area,Begur Road,1200.0,2.0,2.0,44.73,2.0,3727.5,4.0
Super built-up  Area,Sarjapur,1095.0,2.0,1.0,45.0,2.0,4109.58904109589,4.0
Plot  Area,Ambedkar Nagar,2900.0,3.0,2.0,297.0,3.0,10241.379310344828,6.0
Super built-up  Area,BTM 2nd Stage,2500.0,3.0,2.0,345.0,3.0,13800.0,6.0
Built-up  Area,Kothanur,1170.0,3.0,2.0,80.0,3.0,6837.606837606838,6.0
Super built-up  Area,6th Phase JP Nagar,1280.0,2.0,1.0,88.0,2.0,6875.0,4.0
Super built-up  Area,Rajaji Nagar,1224.0,2.0,0.0,105.0,2.0,8578.43137254902,4.0
Built-up  Area,Thanisandra,1694.0,3.0,1.0,125.0,3.0,7378.984651711924,6.0
Super built-up  Area,Electronic City,825.0,2.0,1.0,30.0,2.0,3636.3636363636365,4.0
Super built-up  Area,Sarjapur  Road,1612.0,3.0,1.0,98.38,3.0,6102.977667493797,6.0
Super built-up  Area,Chandapura,985.0,2.0,1.0,25.12,2.0,2550.253807106599,4.0
Super built-up  Area,Murugeshpalya,1175.0,2.0,2.0,75.0,2.0,6382.978723404255,4.0
Plot  Area,Other,600.0,1.0,0.0,24.0,1.0,4000.0,2.0
Built-up  Area,Whitefield,1740.0,3.0,3.0,85.0,3.0,4885.057471264367,6.0
Super built-up  Area,Other,1770.0,3.0,2.0,99.0,3.0,5593.220338983051,6.0
Super built-up  Area,Horamavu Agara,1090.0,2.0,1.0,46.0,2.0,4220.183486238532,4.0
Plot  Area,Other,2295.0,3.0,0.0,650.0,6.0,28322.44008714597,9.0
Built-up  Area,Whitefield,4144.0,5.0,1.0,331.0,5.0,7987.451737451737,10.0
Super built-up  Area,Other,1800.0,3.0,1.0,130.0,3.0,7222.222222222223,6.0
Super built-up  Area,Jigani,1221.0,3.0,3.0,65.0,3.0,5323.505323505324,6.0
Super built-up  Area,8th Phase JP Nagar,1046.0,2.0,1.0,48.0,2.0,4588.910133843212,4.0
Super built-up  Area,Uttarahalli,1290.0,2.0,3.0,56.12,3.0,4350.387596899225,5.0
Built-up  Area,Electronic City Phase II,1065.0,2.0,1.0,30.76,2.0,2888.262910798122,4.0
Super built-up  Area,Ambedkar Nagar,1850.0,4.0,2.0,121.0,3.0,6540.540540540541,7.0
Super built-up  Area,Battarahalli,1097.0,2.0,1.0,49.0,2.0,4466.727438468551,4.0
Super built-up  Area,Kalena Agrahara,1200.0,3.0,2.0,70.0,2.0,5833.333333333333,5.0
Super built-up  Area,Varthur,2160.0,3.0,2.0,170.0,3.0,7870.37037037037,6.0
Super built-up  Area,Anekal,1140.0,2.0,2.0,52.0,2.0,4561.403508771929,4.0
Super built-up  Area,Thigalarapalya,1297.0,2.0,2.0,98.0,2.0,7555.898226676947,4.0
Super built-up  Area,Padmanabhanagar,1150.0,2.0,0.0,50.0,2.0,4347.826086956522,4.0
Super built-up  Area,Other,1375.0,2.0,1.0,45.0,2.0,3272.7272727272725,4.0
Super built-up  Area,Babusapalaya,1245.0,2.0,2.0,58.0,2.0,4658.634538152611,4.0
Super built-up  Area,Other,4750.0,6.0,1.0,948.0,4.0,19957.894736842107,10.0
Built-up  Area,Nagarbhavi,1800.0,3.0,0.0,180.0,4.0,10000.0,7.0
Super built-up  Area,Brookefield,1594.0,3.0,2.0,140.0,3.0,8782.936010037642,6.0
Super built-up  Area,Kanakpura Road,700.0,2.0,2.0,36.0,2.0,5142.857142857143,4.0
Built-up  Area,Rajaji Nagar,2500.0,4.0,0.0,650.0,5.0,26000.0,9.0
Built-up  Area,Raja Rajeshwari Nagar,1000.0,2.0,0.0,50.0,2.0,5000.0,4.0
Plot  Area,Whitefield,4000.0,5.0,1.0,540.0,6.0,13500.0,11.0
Super built-up  Area,Begur Road,1160.0,2.0,2.0,42.0,2.0,3620.689655172414,4.0
Super built-up  Area,Other,1570.0,2.0,2.0,95.0,3.0,6050.955414012738,5.0
Super built-up  Area,Sarjapur  Road,1290.0,2.0,2.0,88.0,2.0,6821.705426356589,4.0
Super built-up  Area,Kudlu Gate,1200.0,2.0,1.0,44.4,2.0,3700.0,4.0
Super built-up  Area,Other,2777.29,5.0,2.0,649.0,3.0,23368.10343896388,8.0
Super built-up  Area,Other,2250.0,3.0,0.0,180.0,3.0,8000.0,6.0
Built-up  Area,Other,1270.0,2.0,2.0,172.0,2.0,13543.307086614173,4.0
Super built-up  Area,Other,1145.0,2.0,2.0,44.0,2.0,3842.7947598253277,4.0
Super built-up  Area,Chikkabanavar,1320.0,2.0,2.0,46.0,3.0,3484.848484848485,5.0
Built-up  Area,Electronic City Phase II,1065.0,2.0,1.0,30.75,2.0,2887.323943661972,4.0
Built-up  Area,Whitefield,1650.0,3.0,2.0,48.0,3.0,2909.090909090909,6.0
Super built-up  Area,Sarjapur  Road,1371.0,2.0,1.0,86.0,2.0,6272.793581327498,4.0
Built-up  Area,Other,2700.0,5.0,2.0,150.0,5.0,5555.555555555556,10.0
Super built-up  Area,Electronic City,1575.0,3.0,1.0,94.5,3.0,6000.0,6.0
Super built-up  Area,Yelahanka,1362.0,2.0,2.0,66.0,2.0,4845.814977973569,4.0
Super built-up  Area,Haralur Road,1255.0,3.0,1.0,90.0,3.0,7171.314741035857,6.0
Super built-up  Area,Whitefield,925.0,2.0,1.0,35.0,2.0,3783.7837837837837,4.0
Super built-up  Area,Electronics City Phase 1,1088.0,2.0,1.0,30.46,2.0,2799.6323529411766,4.0
Super built-up  Area,Sarjapur  Road,2140.0,3.0,2.0,139.0,3.0,6495.327102803738,6.0
Super built-up  Area,Thubarahalli,1584.0,3.0,2.0,101.0,3.0,6376.262626262626,6.0
Super built-up  Area,Whitefield,1175.0,2.0,2.0,50.0,2.0,4255.31914893617,4.0
Super built-up  Area,Sarjapura - Attibele Road,1555.0,3.0,3.0,52.0,3.0,3344.051446945338,6.0
Super built-up  Area,Dodda Nekkundi,1585.0,2.0,2.0,79.0,3.0,4984.22712933754,5.0
Super built-up  Area,Kalena Agrahara,1354.0,2.0,2.0,71.0,2.0,5243.722304283604,4.0
Super built-up  Area,Other,1165.0,2.0,2.0,45.0,2.0,3862.6609442060085,4.0
Built-up  Area,Kumaraswami Layout,1200.0,3.0,1.0,75.0,3.0,6250.0,6.0
Super built-up  Area,Hebbal,1740.0,2.0,1.0,137.0,3.0,7873.563218390805,5.0
Super built-up  Area,Rachenahalli,985.0,2.0,1.0,50.17,2.0,5093.401015228426,4.0
Super built-up  Area,Other,1340.0,2.0,2.0,47.0,3.0,3507.4626865671644,5.0
Super built-up  Area,Begur Road,1583.0,3.0,1.0,95.23,3.0,6015.792798483892,6.0
Plot  Area,Other,1200.0,5.0,2.0,325.0,4.0,27083.333333333332,9.0
Plot  Area,Basaveshwara Nagar,1200.0,1.0,1.0,180.0,2.0,15000.0,3.0
Super built-up  Area,Bannerghatta Road,1122.5,2.0,0.0,61.74,2.0,5500.22271714922,4.0
Super built-up  Area,Thanisandra,1573.0,3.0,2.0,100.0,3.0,6357.279084551812,6.0
Super built-up  Area,CV Raman Nagar,1227.0,2.0,2.0,42.88,2.0,3494.702526487368,4.0
Super built-up  Area,Other,1210.0,2.0,1.0,60.0,2.0,4958.677685950413,4.0
Super built-up  Area,Basavangudi,1650.0,3.0,3.0,125.0,3.0,7575.757575757576,6.0
Super built-up  Area,Raja Rajeshwari Nagar,1485.0,2.0,2.0,63.0,3.0,4242.424242424242,5.0
Super built-up  Area,Haralur Road,1735.0,3.0,2.0,97.0,3.0,5590.778097982709,6.0
Super built-up  Area,Hebbal Kempapura,1730.0,3.0,2.0,175.0,3.0,10115.606936416185,6.0
Super built-up  Area,Other,1684.0,3.0,2.0,86.0,3.0,5106.88836104513,6.0
Super built-up  Area,Other,1686.0,3.0,3.0,77.0,3.0,4567.022538552787,6.0
Super built-up  Area,Other,1654.0,3.0,3.0,82.0,3.0,4957.678355501814,6.0
Built-up  Area,Green Glen Layout,1600.0,3.0,3.0,105.0,3.0,6562.5,6.0
Built-up  Area,KR Puram,1100.0,2.0,1.0,39.9,2.0,3627.2727272727275,4.0
Super built-up  Area,Bannerghatta Road,1655.0,3.0,3.0,95.0,3.0,5740.181268882176,6.0
Super built-up  Area,Hennur,1830.0,3.0,3.0,121.0,3.0,6612.021857923497,6.0
Super built-up  Area,Hebbal,1430.0,3.0,1.0,85.0,3.0,5944.055944055944,6.0
Super built-up  Area,Judicial Layout,1989.0,4.0,3.0,155.0,3.0,7792.860734037205,7.0
Super built-up  Area,Sarjapur  Road,1044.0,2.0,2.0,55.0,2.0,5268.199233716475,4.0
Super built-up  Area,Banashankari,1426.0,3.0,2.0,85.0,3.0,5960.729312762974,6.0
Super built-up  Area,Yelahanka,1000.0,2.0,1.0,29.0,2.0,2900.0,4.0
Plot  Area,Kathriguppe,754.0,2.0,0.0,69.99,2.0,9282.493368700265,4.0
Built-up  Area,Electronic City Phase II,1140.0,2.0,1.0,33.06,2.0,2900.0,4.0
Super built-up  Area,Kodichikkanahalli,900.0,2.0,1.0,35.0,2.0,3888.8888888888887,4.0
Built-up  Area,Other,1200.0,2.0,3.0,50.0,2.0,4166.666666666667,4.0
Built-up  Area,Malleshwaram,580.0,1.0,1.0,45.0,1.0,7758.620689655172,2.0
Super built-up  Area,Munnekollal,1030.0,2.0,1.0,50.36,2.0,4889.320388349514,4.0
Super built-up  Area,Koramangala,1910.0,4.0,3.0,150.0,3.0,7853.4031413612565,7.0
Super built-up  Area,Other,1950.0,3.0,3.0,132.0,3.0,6769.2307692307695,6.0
Super built-up  Area,Kundalahalli,1724.0,3.0,1.0,125.0,3.0,7250.580046403712,6.0
Plot  Area,Other,1200.0,2.0,2.0,130.0,3.0,10833.333333333334,5.0
Plot  Area,Rajaji Nagar,1314.0,2.0,0.0,225.0,2.0,17123.287671232876,4.0
Built-up  Area,Kothanur,1400.0,2.0,2.0,65.0,2.0,4642.857142857143,4.0
Super built-up  Area,Kaggadasapura,1400.0,2.0,2.0,68.0,3.0,4857.142857142857,5.0
Super built-up  Area,Hulimavu,1115.0,2.0,2.0,44.6,2.0,4000.0,4.0
Built-up  Area,Bharathi Nagar,1300.0,2.0,2.0,55.86,2.0,4296.923076923077,4.0
Built-up  Area,Other,2400.0,4.0,1.0,150.0,4.0,6250.0,8.0
Super built-up  Area,Kanakpura Road,1332.0,2.0,1.0,108.0,2.0,8108.108108108108,4.0
Super built-up  Area,Abbigere,1000.0,2.0,1.0,41.0,2.0,4100.0,4.0
Plot  Area,Whitefield,1200.0,3.0,2.0,67.75,3.0,5645.833333333333,6.0
Built-up  Area,Whitefield,2444.0,4.0,2.0,145.0,4.0,5932.896890343699,8.0
Super built-up  Area,Sarjapur  Road,1600.0,3.0,1.0,85.0,3.0,5312.5,6.0
Super built-up  Area,Marathahalli,1196.0,2.0,2.0,57.95,2.0,4845.3177257525085,4.0
Super built-up  Area,Electronic City,1025.0,2.0,1.0,54.0,2.0,5268.292682926829,4.0
Super built-up  Area,Sarjapur  Road,2180.0,4.0,3.0,180.0,3.0,8256.880733944954,7.0
Super built-up  Area,Other,1600.0,3.0,2.0,102.0,3.0,6375.0,6.0
Built-up  Area,Whitefield,1270.0,2.0,1.0,110.0,2.0,8661.417322834646,4.0
Built-up  Area,Other,3290.0,4.0,2.0,460.0,3.0,13981.76291793313,7.0
Super built-up  Area,Jakkur,1932.47,3.0,2.0,183.0,3.0,9469.7459727706,6.0
Super built-up  Area,Jalahalli,2086.0,3.0,2.0,160.0,3.0,7670.182166826462,6.0
Super built-up  Area,Old Madras Road,1165.0,2.0,1.0,51.42,2.0,4413.733905579399,4.0
Super built-up  Area,Rajaji Nagar,1440.0,2.0,2.0,165.0,2.0,11458.333333333334,4.0
Super built-up  Area,Electronics City Phase 1,1900.0,3.0,2.0,85.0,3.0,4473.684210526316,6.0
Built-up  Area,Chandapura,740.0,1.0,1.0,22.0,2.0,2972.972972972973,3.0
Super built-up  Area,Yeshwanthpur,2503.0,3.0,3.0,138.0,3.0,5513.383939272872,6.0
Super built-up  Area,Bellandur,1260.0,2.0,2.0,83.5,2.0,6626.984126984127,4.0
Super built-up  Area,Green Glen Layout,1717.0,3.0,3.0,125.0,3.0,7280.139778683751,6.0
Super built-up  Area,Other,1088.0,2.0,2.0,46.0,2.0,4227.941176470588,4.0
Super built-up  Area,Raja Rajeshwari Nagar,1335.0,2.0,1.0,56.0,3.0,4194.756554307116,5.0
Super built-up  Area,Vidyaranyapura,1200.0,2.0,1.0,42.0,2.0,3500.0,4.0
Super built-up  Area,Garudachar Palya,1325.0,2.0,2.0,60.0,3.0,4528.301886792453,5.0
Super built-up  Area,JP Nagar,1157.0,2.0,1.0,73.0,2.0,6309.420916162489,4.0
Super built-up  Area,Sahakara Nagar,1200.0,2.0,1.0,54.0,2.0,4500.0,4.0
Super built-up  Area,Pai Layout,1510.0,2.0,2.0,65.0,3.0,4304.635761589404,5.0
Super built-up  Area,Bommanahalli,1050.0,2.0,2.0,54.0,2.0,5142.857142857143,4.0
Super built-up  Area,Other,1200.0,2.0,2.0,45.0,2.0,3750.0,4.0
Super built-up  Area,Binny Pete,1516.0,3.0,1.0,147.0,3.0,9696.569920844327,6.0
Plot  Area,Indira Nagar,2400.0,6.0,2.0,475.0,6.0,19791.666666666668,12.0
Super built-up  Area,Channasandra,1050.0,2.0,1.0,44.41,2.0,4229.523809523809,4.0
Plot  Area,Hegde Nagar,1000.0,2.0,0.0,66.0,2.0,6600.0,4.0
Super built-up  Area,9th Phase JP Nagar,1050.0,2.0,2.0,35.0,2.0,3333.3333333333335,4.0
Super built-up  Area,Hormavu,1210.0,2.0,3.0,69.0,2.0,5702.479338842975,4.0
Super built-up  Area,Whitefield,1660.0,3.0,1.0,110.0,3.0,6626.506024096386,6.0
Super built-up  Area,Malleshwaram,1410.0,2.0,3.0,125.0,2.0,8865.248226950354,4.0
Super built-up  Area,Electronics City Phase 1,1305.0,2.0,1.0,67.0,2.0,5134.099616858238,4.0
Built-up  Area,Other,1800.0,6.0,2.0,101.0,6.0,5611.111111111111,12.0
Built-up  Area,Bannerghatta Road,1206.0,2.0,3.0,53.0,2.0,4394.69320066335,4.0
Super built-up  Area,Bannerghatta Road,1150.0,2.0,2.0,55.0,2.0,4782.608695652174,4.0
Carpet  Area,Other,1100.0,2.0,2.0,65.0,2.0,5909.090909090909,4.0
Super built-up  Area,Banashankari Stage II,1245.0,2.0,1.0,125.0,2.0,10040.160642570281,4.0
Built-up  Area,Cooke Town,1850.0,3.0,3.0,110.0,3.0,5945.945945945946,6.0
Built-up  Area,Hoodi,3385.0,4.0,1.0,220.0,4.0,6499.261447562777,8.0
Super built-up  Area,Sompura,2150.0,3.0,2.0,85.0,4.0,3953.4883720930234,7.0
Super built-up  Area,Hebbal,3895.0,3.0,1.0,390.0,3.0,10012.836970474968,6.0
Super built-up  Area,Other,1035.0,2.0,2.0,55.0,2.0,5314.009661835748,4.0
Super built-up  Area,Other,600.0,3.0,2.0,72.0,2.0,12000.0,5.0
Super built-up  Area,Other,1200.0,3.0,3.0,75.0,3.0,6250.0,6.0
Super built-up  Area,Electronics City Phase 1,755.0,1.0,0.0,30.12,1.0,3989.4039735099336,2.0
Built-up  Area,Ramamurthy Nagar,960.0,2.0,2.0,35.0,2.0,3645.8333333333335,4.0
Super built-up  Area,Other,450.0,1.0,1.0,20.0,1.0,4444.444444444444,2.0
Super built-up  Area,Other,4000.0,5.0,2.0,680.0,5.0,17000.0,10.0
Super built-up  Area,Raja Rajeshwari Nagar,1571.0,3.0,3.0,53.12,3.0,3381.285805219605,6.0
Super built-up  Area,Kanakapura,1489.0,2.0,1.0,70.0,3.0,4701.141705842848,5.0
Built-up  Area,Kengeri Satellite Town,800.0,2.0,1.0,32.0,2.0,4000.0,4.0
Built-up  Area,Jalahalli,980.0,2.0,2.0,60.0,3.0,6122.448979591837,5.0
Super built-up  Area,Bannerghatta Road,1215.0,2.0,1.0,65.0,2.0,5349.794238683127,4.0
Super built-up  Area,Electronic City Phase II,911.0,2.0,1.0,26.5,2.0,2908.8913282107574,4.0
Super built-up  Area,Bellandur,1535.0,3.0,2.0,90.0,3.0,5863.192182410424,6.0
Super built-up  Area,R.T. Nagar,1500.0,2.0,1.0,70.0,3.0,4666.666666666667,5.0
Built-up  Area,Brookefield,1588.0,2.0,3.0,58.0,2.0,3652.3929471032748,4.0
Built-up  Area,Kannamangala,957.0,2.0,2.0,56.0,2.0,5851.619644723093,4.0
Built-up  Area,Electronic City Phase II,1200.0,2.0,1.0,34.65,2.0,2887.5,4.0
Super built-up  Area,Other,1495.0,2.0,2.0,52.33,3.0,3500.334448160535,5.0
Built-up  Area,Bisuvanahalli,845.0,2.0,0.0,34.0,2.0,4023.6686390532545,4.0
Built-up  Area,Padmanabhanagar,3000.0,4.0,2.0,350.0,4.0,11666.666666666666,8.0
Super built-up  Area,Sarjapur  Road,2206.0,4.0,1.0,180.0,3.0,8159.564823209429,7.0
Super built-up  Area,Kasavanhalli,1181.0,2.0,1.0,61.0,2.0,5165.114309906859,4.0
Super built-up  Area,Sarjapur  Road,1309.0,2.0,3.0,69.5,2.0,5309.396485867074,4.0
Built-up  Area,Horamavu Agara,1400.0,3.0,3.0,63.0,3.0,4500.0,6.0
Plot  Area,Other,1650.0,5.0,1.0,450.0,5.0,27272.727272727272,10.0
Super built-up  Area,Kanakpura Road,1622.0,3.0,2.0,95.0,3.0,5856.966707768187,6.0
Super built-up  Area,CV Raman Nagar,1225.0,2.0,2.0,48.0,2.0,3918.3673469387754,4.0
Super built-up  Area,Other,1719.0,3.0,3.0,95.0,3.0,5526.468877254218,6.0
Super built-up  Area,Abbigere,995.0,2.0,1.0,40.8,2.0,4100.5025125628135,4.0
Super built-up  Area,Mahadevpura,1120.0,2.0,2.0,53.0,2.0,4732.142857142857,4.0
Super built-up  Area,Bellandur,1047.0,2.0,1.0,75.0,2.0,7163.323782234957,4.0
Super built-up  Area,Devanahalli,1466.0,3.0,3.0,59.96,3.0,4090.0409276944065,6.0
Super built-up  Area,Sarjapur  Road,1691.0,3.0,2.0,100.0,3.0,5913.660555884092,6.0
Super built-up  Area,Chandapura,876.0,2.0,2.0,28.47,2.0,3250.0,4.0
Super built-up  Area,CV Raman Nagar,1659.0,3.0,1.0,135.0,3.0,8137.4321880651,6.0
Super built-up  Area,Whitefield,1270.0,2.0,1.0,105.0,2.0,8267.71653543307,4.0
Super built-up  Area,8th Phase JP Nagar,1269.0,2.0,3.0,50.75,3.0,3999.211977935382,5.0
Super built-up  Area,Kammanahalli,1200.0,3.0,2.0,80.0,2.0,6666.666666666667,5.0
Super built-up  Area,Whitefield,1315.0,2.0,2.0,69.5,2.0,5285.171102661597,4.0
Plot  Area,Hebbal Kempapura,2485.0,4.0,2.0,198.0,4.0,7967.806841046277,8.0
Super built-up  Area,Tumkur Road,1354.0,3.0,1.0,85.86,3.0,6341.211225997045,6.0
Plot  Area,Whitefield,1344.0,3.0,1.0,130.0,4.0,9672.619047619048,7.0
Super built-up  Area,Yelahanka,1180.0,2.0,1.0,55.0,2.0,4661.016949152542,4.0
Super built-up  Area,Jalahalli,1313.0,2.0,2.0,68.0,2.0,5178.979436405179,4.0
Super built-up  Area,Nehru Nagar,1100.0,2.0,2.0,50.0,2.0,4545.454545454545,4.0
Built-up  Area,Basaveshwara Nagar,1200.0,3.0,0.0,190.0,3.0,15833.333333333334,6.0
Super built-up  Area,Vishwapriya Layout,890.0,2.0,3.0,37.0,2.0,4157.303370786517,4.0
Super built-up  Area,Other,1190.0,2.0,1.0,55.0,2.0,4621.848739495798,4.0
Built-up  Area,Green Glen Layout,1250.0,2.0,0.0,75.0,2.0,6000.0,4.0
Super built-up  Area,Hoodi,1644.0,3.0,3.0,80.51,3.0,4897.20194647202,6.0
Plot  Area,Yelahanka New Town,1740.0,3.0,2.0,150.0,3.0,8620.689655172413,6.0
Super built-up  Area,Jakkur,1710.0,3.0,2.0,110.0,3.0,6432.748538011696,6.0
Super built-up  Area,Hebbal,1662.0,3.0,2.0,155.0,3.0,9326.113116726836,6.0
Super built-up  Area,Other,1162.0,2.0,1.0,48.0,2.0,4130.808950086059,4.0
Super built-up  Area,Whitefield,1362.0,2.0,3.0,85.0,2.0,6240.822320117474,4.0
Super built-up  Area,Other,540.0,1.0,1.0,22.5,1.0,4166.666666666667,2.0
Super built-up  Area,Thanisandra,1533.0,3.0,0.0,75.885,3.0,4950.097847358122,6.0
Plot  Area,Sarjapur  Road,1250.0,4.0,2.0,135.0,4.0,10800.0,8.0
Super built-up  Area,Begur Road,1410.0,2.0,3.0,54.99,3.0,3900.0,5.0
Plot  Area,Chikka Tirupathi,2665.0,5.0,3.0,125.0,4.0,4690.431519699812,9.0
Built-up  Area,Other,970.0,2.0,0.0,45.0,2.0,4639.1752577319585,4.0
Plot  Area,Uttarahalli,1200.0,4.0,3.0,155.0,4.0,12916.666666666666,8.0
Super built-up  Area,Haralur Road,1810.0,3.0,2.0,97.83,3.0,5404.972375690608,6.0
Super built-up  Area,Other,1084.0,2.0,1.0,51.0,2.0,4704.79704797048,4.0
Super built-up  Area,Other,1500.0,3.0,2.0,85.0,3.0,5666.666666666667,6.0
Super built-up  Area,Uttarahalli,1328.0,2.0,1.0,56.0,3.0,4216.8674698795185,5.0
Built-up  Area,Marathahalli,1485.0,2.0,2.0,90.0,3.0,6060.606060606061,5.0
Super built-up  Area,Pai Layout,1500.0,2.0,2.0,58.0,3.0,3866.6666666666665,5.0
Super built-up  Area,R.T. Nagar,1100.0,2.0,2.0,85.0,2.0,7727.272727272727,4.0
Super built-up  Area,Other,1360.0,2.0,2.0,73.0,3.0,5367.64705882353,5.0
Super built-up  Area,1st Phase JP Nagar,900.0,2.0,1.0,75.0,2.0,8333.333333333334,4.0
Super built-up  Area,Electronic City Phase II,1031.0,2.0,1.0,54.48,2.0,5284.190106692531,4.0
Super built-up  Area,Whitefield,955.0,2.0,0.0,38.19,2.0,3998.952879581152,4.0
Super built-up  Area,Uttarahalli,1040.0,2.0,2.0,36.4,2.0,3500.0,4.0
Built-up  Area,KR Puram,2800.0,6.0,1.0,110.0,7.0,3928.5714285714284,13.0
Super built-up  Area,Kothannur,1404.0,2.0,1.0,56.15,3.0,3999.287749287749,5.0
Super built-up  Area,Haralur Road,1200.0,2.0,2.0,46.0,2.0,3833.3333333333335,4.0
Super built-up  Area,Yelahanka,1267.0,3.0,1.0,78.0,2.0,6156.274664561957,5.0
Super built-up  Area,Bannerghatta Road,1510.0,2.0,3.0,110.0,3.0,7284.76821192053,5.0
Super built-up  Area,Kanakpura Road,900.0,2.0,1.0,42.0,2.0,4666.666666666667,4.0
Super built-up  Area,Whitefield,1457.0,2.0,2.0,105.0,3.0,7206.588881262869,5.0
Super built-up  Area,Iblur Village,3596.0,4.0,2.0,268.0,4.0,7452.725250278087,8.0
Super built-up  Area,8th Phase JP Nagar,1408.0,3.0,2.0,80.0,3.0,5681.818181818182,6.0
Built-up  Area,Dodda Nekkundi,1005.0,2.0,2.0,45.0,2.0,4477.611940298508,4.0
Plot  Area,Other,30400.0,4.0,2.0,1824.0,6.0,6000.0,10.0
Built-up  Area,Other,1182.0,2.0,1.0,64.0,2.0,5414.551607445009,4.0
Super built-up  Area,Talaghattapura,2038.5,3.0,0.0,122.0,3.0,5984.792739759627,6.0
Built-up  Area,Sarjapur  Road,1367.0,2.0,0.0,80.0,2.0,5852.231163130944,4.0
Built-up  Area,Sarjapur  Road,1565.0,3.0,2.0,78.0,3.0,4984.025559105431,6.0
Super built-up  Area,Whitefield,1720.0,3.0,2.0,128.0,3.0,7441.860465116279,6.0
Built-up  Area,Doddathoguru,1107.0,2.0,3.0,44.0,2.0,3974.706413730804,4.0
Super built-up  Area,Yelahanka,1360.0,2.0,1.0,78.19,2.0,5749.264705882353,4.0
Super built-up  Area,Anekal,625.0,1.0,1.0,25.0,2.0,4000.0,3.0
Super built-up  Area,Jalahalli,1701.0,2.0,2.0,145.0,2.0,8524.397413286302,4.0
Plot  Area,Other,1350.0,1.0,0.0,120.0,3.0,8888.888888888889,4.0
Super built-up  Area,Hosa Road,1016.0,2.0,1.0,39.95,2.0,3932.086614173229,4.0
Super built-up  Area,Other,1500.0,3.0,1.0,90.0,3.0,6000.0,6.0
Built-up  Area,Akshaya Nagar,900.0,2.0,1.0,45.0,2.0,5000.0,4.0
Super built-up  Area,Sanjay nagar,1500.0,3.0,1.0,150.0,3.0,10000.0,6.0
Super built-up  Area,Other,2292.0,2.0,1.0,285.0,3.0,12434.554973821989,5.0
Carpet  Area,Kereguddadahalli,1280.0,3.0,1.0,42.0,3.0,3281.25,6.0
Plot  Area,Other,1750.0,4.0,2.0,263.0,4.0,15028.57142857143,8.0
Super built-up  Area,Electronic City,1500.0,2.0,1.0,70.0,3.0,4666.666666666667,5.0
Super built-up  Area,Gottigere,1245.0,2.0,2.0,59.0,2.0,4738.955823293173,4.0
Super built-up  Area,Yelahanka,1025.0,2.0,1.0,44.0,2.0,4292.682926829269,4.0
Super built-up  Area,Other,1945.0,3.0,2.0,135.0,3.0,6940.874035989717,6.0
Super built-up  Area,Rajaji Nagar,1640.0,3.0,3.0,245.0,3.0,14939.024390243903,6.0
Built-up  Area,Hegde Nagar,1348.0,2.0,2.0,80.5,3.0,5971.810089020772,5.0
Super built-up  Area,Tindlu,1100.0,2.0,2.0,55.0,2.0,5000.0,4.0
Super built-up  Area,Kammasandra,1616.0,3.0,3.0,40.0,3.0,2475.2475247524753,6.0
Super built-up  Area,Yeshwanthpur,1855.0,3.0,3.0,135.0,3.0,7277.628032345014,6.0
Super built-up  Area,Hennur,1255.0,2.0,2.0,56.5,2.0,4501.99203187251,4.0
Plot  Area,HAL 2nd Stage,2040.0,4.0,1.0,500.0,5.0,24509.803921568626,9.0
Plot  Area,5th Phase JP Nagar,2400.0,4.0,1.0,228.0,4.0,9500.0,8.0
Super built-up  Area,Kothanur,1195.0,2.0,2.0,59.0,2.0,4937.238493723849,4.0
Super built-up  Area,Bannerghatta Road,1022.0,2.0,1.0,35.0,2.0,3424.6575342465753,4.0
Super built-up  Area,Dodda Nekkundi,1264.0,2.0,2.0,52.0,2.0,4113.9240506329115,4.0
Super built-up  Area,Chamrajpet,1650.0,3.0,2.0,115.0,3.0,6969.69696969697,6.0
Super built-up  Area,Abbigere,1020.0,2.0,1.0,40.8,2.0,3999.9999999999995,4.0
Built-up  Area,Bommasandra,950.0,2.0,1.0,25.0,2.0,2631.5789473684213,4.0
Super built-up  Area,Other,2710.0,5.0,3.0,142.0,4.0,5239.852398523985,9.0
Super built-up  Area,Hennur Road,1936.0,3.0,1.0,131.0,3.0,6766.528925619835,6.0
Super built-up  Area,Other,1075.0,2.0,2.0,58.0,2.0,5395.3488372093025,4.0
Super built-up  Area,Hosur Road,1223.0,2.0,1.0,93.0,2.0,7604.251839738348,4.0
Plot  Area,Whitefield,1500.0,3.0,1.0,61.9,3.0,4126.666666666667,6.0
Built-up  Area,Hennur,1050.0,2.0,2.0,42.73,2.0,4069.5238095238096,4.0
Super built-up  Area,7th Phase JP Nagar,2100.0,3.0,2.0,190.0,3.0,9047.619047619048,6.0
Built-up  Area,Uttarahalli,1650.0,2.0,1.0,130.0,3.0,7878.787878787879,5.0
Super built-up  Area,Whitefield,1495.0,2.0,1.0,78.0,2.0,5217.391304347826,4.0
Super built-up  Area,Koramangala,1605.0,3.0,2.0,260.0,3.0,16199.376947040499,6.0
Super built-up  Area,Whitefield,1270.0,2.0,2.0,52.0,2.0,4094.488188976378,4.0
Super built-up  Area,Kumaraswami Layout,1081.0,2.0,3.0,60.0,2.0,5550.416281221092,4.0
Super built-up  Area,Koramangala,1600.0,2.0,0.0,140.0,3.0,8750.0,5.0
Super built-up  Area,Kanakpura Road,1596.0,3.0,1.0,118.0,3.0,7393.483709273183,6.0
Super built-up  Area,Horamavu Agara,1557.0,3.0,1.0,70.0,3.0,4495.82530507386,6.0
Built-up  Area,Other,1410.0,3.0,3.0,68.0,3.0,4822.695035460993,6.0
Super built-up  Area,Sarjapur  Road,1984.0,4.0,1.0,148.0,3.0,7459.677419354839,7.0
Super built-up  Area,Kadugodi,1196.0,2.0,3.0,60.0,2.0,5016.722408026756,4.0
Super built-up  Area,Thanisandra,2259.0,3.0,2.0,112.0,4.0,4957.9459938025675,7.0
Super built-up  Area,Kenchenahalli,1720.0,3.0,2.0,100.0,3.0,5813.953488372093,6.0
Super built-up  Area,Electronic City Phase II,1310.0,2.0,1.0,37.83,3.0,2887.7862595419847,5.0
Built-up  Area,7th Phase JP Nagar,1140.0,2.0,1.0,57.0,2.0,5000.0,4.0
Super built-up  Area,Cooke Town,1600.0,3.0,2.0,260.0,3.0,16250.0,6.0
Super built-up  Area,Kothanur,1790.0,3.0,2.0,120.0,3.0,6703.91061452514,6.0
Super built-up  Area,Harlur,1335.0,2.0,0.0,72.76,2.0,5450.187265917603,4.0
Super built-up  Area,Nehru Nagar,1674.0,3.0,2.0,81.0,3.0,4838.709677419355,6.0
Super built-up  Area,Other,1786.0,3.0,2.0,79.99,3.0,4478.723404255318,6.0
Super built-up  Area,Sarjapur  Road,1035.0,2.0,1.0,47.0,2.0,4541.062801932367,4.0
Super built-up  Area,Whitefield,1564.0,3.0,1.0,103.0,3.0,6585.677749360614,6.0
Super built-up  Area,Margondanahalli,1334.0,2.0,1.0,67.76,2.0,5079.460269865068,4.0
Super built-up  Area,Bommasandra,1365.0,3.0,1.0,53.96,3.0,3953.1135531135533,6.0
Super built-up  Area,Other,1369.0,2.0,3.0,72.0,3.0,5259.313367421476,5.0
Super built-up  Area,Whitefield,1240.0,2.0,2.0,41.0,2.0,3306.451612903226,4.0
Super built-up  Area,Other,1418.0,2.0,1.0,62.0,2.0,4372.3554301833565,4.0
Built-up  Area,Hebbal,2250.0,3.0,2.0,219.0,3.0,9733.333333333334,6.0
Super built-up  Area,KR Puram,1020.0,2.0,2.0,39.0,2.0,3823.529411764706,4.0
Built-up  Area,Yelahanka New Town,1290.0,2.0,2.0,70.0,2.0,5426.356589147287,4.0
Plot  Area,Attibele,1500.0,3.0,2.0,90.0,3.0,6000.0,6.0
Super built-up  Area,Billekahalli,1290.0,3.0,3.0,62.0,3.0,4806.201550387597,6.0
Super built-up  Area,Jalahalli,1881.0,3.0,2.0,115.0,3.0,6113.769271664009,6.0
Super built-up  Area,Jigani,943.0,2.0,2.0,49.5,2.0,5249.204665959703,4.0
Built-up  Area,Electronic City,1140.0,2.0,1.0,32.93,2.0,2888.59649122807,4.0
Super built-up  Area,Other,1035.0,2.0,2.0,60.0,2.0,5797.101449275362,4.0
Plot  Area,Whitefield,1500.0,3.0,1.0,71.0,3.0,4733.333333333333,6.0
Super built-up  Area,Other,5665.84,7.0,2.0,988.0,5.0,17437.837990483316,12.0
Super built-up  Area,Other,1232.0,2.0,1.0,94.28,2.0,7652.597402597403,4.0
Super built-up  Area,Uttarahalli,1290.0,2.0,2.0,56.12,3.0,4350.387596899225,5.0
Super built-up  Area,Malleshwaram,2610.0,4.0,2.0,306.0,4.0,11724.137931034482,8.0
Super built-up  Area,Anandapura,1576.0,3.0,2.0,58.7,3.0,3724.6192893401017,6.0
Super built-up  Area,Other,980.0,2.0,1.0,41.0,2.0,4183.673469387755,4.0
Super built-up  Area,Hebbal,4000.0,6.0,1.0,440.0,4.0,11000.0,10.0
Super built-up  Area,Sarjapur  Road,1346.0,2.0,1.0,74.03,2.0,5500.0,4.0
Super built-up  Area,Hoodi,1181.0,2.0,2.0,55.0,2.0,4657.070279424217,4.0
Super built-up  Area,Other,6652.0,6.0,1.0,660.0,4.0,9921.828021647625,10.0
Super built-up  Area,Other,1307.0,2.0,2.0,59.0,2.0,4514.154552410099,4.0
Super built-up  Area,Other,1215.0,2.0,2.0,49.86,3.0,4103.7037037037035,5.0
Super built-up  Area,Sanjay nagar,1180.0,2.0,3.0,80.0,2.0,6779.661016949152,4.0
Built-up  Area,Amruthahalli,600.0,1.0,1.0,55.0,1.0,9166.666666666666,2.0
Super built-up  Area,Other,1025.0,2.0,2.0,43.04,2.0,4199.024390243902,4.0
Super built-up  Area,Ramagondanahalli,1910.0,3.0,2.0,131.0,3.0,6858.638743455497,6.0
Super built-up  Area,Gottigere,1200.0,2.0,2.0,50.0,2.0,4166.666666666667,4.0
Built-up  Area,Other,2920.0,4.0,3.0,536.0,4.0,18356.164383561645,8.0
Super built-up  Area,Electronics City Phase 1,1175.0,2.0,1.0,60.0,2.0,5106.382978723404,4.0
Super built-up  Area,Whitefield,1404.0,2.0,2.0,59.0,3.0,4202.279202279202,5.0
Built-up  Area,Other,2700.0,3.0,2.0,230.0,4.0,8518.518518518518,7.0
Built-up  Area,HSR Layout,1203.0,2.0,2.0,60.0,2.0,4987.5311720698255,4.0
Super built-up  Area,Somasundara Palya,1571.0,3.0,3.0,63.0,3.0,4010.1845957988544,6.0
Super built-up  Area,Other,1125.0,2.0,2.0,46.0,2.0,4088.8888888888887,4.0
Super built-up  Area,Kammasandra,610.0,1.0,1.0,18.5,1.0,3032.7868852459014,2.0
Super built-up  Area,Ambalipura,1198.0,2.0,2.0,80.0,2.0,6677.79632721202,4.0
Plot  Area,Chandapura,1200.0,3.0,2.0,65.0,3.0,5416.666666666667,6.0
Super built-up  Area,Other,1200.0,2.0,2.0,45.0,2.0,3750.0,4.0
Plot  Area,Other,6688.0,6.0,1.0,700.0,4.0,10466.507177033493,10.0
Super built-up  Area,Other,1830.0,3.0,2.0,95.0,3.0,5191.256830601093,6.0
Super built-up  Area,Kudlu Gate,1432.0,2.0,2.0,61.11,3.0,4267.458100558659,5.0
Built-up  Area,Somasundara Palya,2300.0,2.0,0.0,70.0,3.0,3043.478260869565,5.0
Super built-up  Area,9th Phase JP Nagar,1331.95,2.0,2.0,69.0,2.0,5180.374638687638,4.0
Super built-up  Area,Yeshwanthpur,1876.0,3.0,3.0,160.0,3.0,8528.784648187633,6.0
Plot  Area,Akshaya Nagar,1200.0,4.0,2.0,125.0,4.0,10416.666666666666,8.0
Super built-up  Area,Kanakpura Road,1665.0,3.0,2.0,74.9,3.0,4498.498498498499,6.0
Super built-up  Area,Electronic City,2093.0,4.0,2.0,134.0,4.0,6402.293358815098,8.0
Super built-up  Area,TC Palaya,1330.0,3.0,3.0,46.56,3.0,3500.751879699248,6.0
Plot  Area,Other,1200.0,5.0,1.0,350.0,4.0,29166.666666666668,9.0
Built-up  Area,Talaghattapura,1800.0,3.0,1.0,84.0,3.0,4666.666666666667,6.0
Built-up  Area,Other,2872.0,4.0,3.0,183.0,4.0,6371.866295264624,8.0
Super built-up  Area,Other,1486.0,2.0,2.0,65.0,3.0,4374.158815612383,5.0
Built-up  Area,Chikkalasandra,1425.0,1.0,0.0,54.0,3.0,3789.4736842105262,4.0
Super built-up  Area,Raja Rajeshwari Nagar,1255.0,2.0,2.0,42.54,2.0,3389.641434262948,4.0
Built-up  Area,Electronic City,750.0,2.0,1.0,19.5,2.0,2600.0,4.0
Super built-up  Area,Nagarbhavi,1225.0,2.0,3.0,58.0,2.0,4734.693877551021,4.0
Built-up  Area,Other,4600.0,9.0,2.0,150.0,9.0,3260.8695652173915,18.0
Super built-up  Area,Other,1100.0,2.0,2.0,64.08,2.0,5825.454545454545,4.0
Super built-up  Area,Whitefield,1760.0,3.0,2.0,139.0,3.0,7897.727272727273,6.0
Plot  Area,Bommasandra,1200.0,3.0,2.0,110.0,3.0,9166.666666666666,6.0
Super built-up  Area,Chandapura,1095.0,2.0,2.0,28.0,3.0,2557.077625570776,5.0
Super built-up  Area,Raja Rajeshwari Nagar,1530.0,3.0,3.0,64.86,3.0,4239.21568627451,6.0
Super built-up  Area,Kundalahalli,1724.0,3.0,3.0,140.0,3.0,8120.649651972158,6.0
Super built-up  Area,Horamavu Agara,1058.0,2.0,2.0,47.0,2.0,4442.34404536862,4.0
Super built-up  Area,Other,1975.0,3.0,3.0,90.0,3.0,4556.962025316456,6.0
Super built-up  Area,Sarjapur  Road,1112.0,2.0,1.0,58.0,2.0,5215.827338129497,4.0
Built-up  Area,Other,1600.0,2.0,1.0,90.0,2.0,5625.0,4.0
Super built-up  Area,Vittasandra,1648.0,3.0,2.0,85.0,3.0,5157.766990291262,6.0
Super built-up  Area,Other,1100.0,2.0,2.0,32.0,2.0,2909.090909090909,4.0
Super built-up  Area,Hoskote,509.0,1.0,1.0,23.0,1.0,4518.664047151277,2.0
Super built-up  Area,Talaghattapura,2265.0,3.0,3.0,159.0,3.0,7019.867549668874,6.0
Super built-up  Area,Malleshpalya,1200.0,2.0,2.0,46.0,2.0,3833.3333333333335,4.0
Super built-up  Area,Other,530.0,1.0,1.0,18.0,1.0,3396.2264150943397,2.0
Built-up  Area,Other,1010.0,2.0,1.0,41.0,2.0,4059.4059405940593,4.0
Built-up  Area,Kaggadasapura,1150.0,2.0,2.0,45.0,2.0,3913.0434782608695,4.0
Super built-up  Area,Sarjapur  Road,1340.0,2.0,2.0,75.0,2.0,5597.014925373134,4.0
Built-up  Area,Raja Rajeshwari Nagar,1850.0,3.0,1.0,98.0,3.0,5297.2972972972975,6.0
Built-up  Area,Doddathoguru,907.0,2.0,1.0,40.0,2.0,4410.143329658214,4.0
Plot  Area,Benson Town,1688.0,2.0,0.0,280.0,2.0,16587.677725118483,4.0
Plot  Area,Ulsoor,1160.0,2.0,1.0,130.0,2.0,11206.896551724138,4.0
Super built-up  Area,Pai Layout,1600.0,2.0,1.0,65.0,3.0,4062.5,5.0
Plot  Area,Other,1800.0,5.0,1.0,140.0,6.0,7777.777777777777,11.0
Super built-up  Area,Iblur Village,3596.0,5.0,1.0,251.0,4.0,6979.9777530589545,9.0
Super built-up  Area,Hosur Road,1464.0,3.0,2.0,56.0,3.0,3825.136612021858,6.0
Super built-up  Area,Hennur,1295.0,2.0,1.0,62.0,2.0,4787.644787644787,4.0
Super built-up  Area,Other,1012.0,2.0,1.0,62.0,2.0,6126.482213438735,4.0
Super built-up  Area,Yelahanka New Town,1000.0,2.0,1.0,48.0,3.0,4800.0,5.0
Super built-up  Area,Channasandra,1010.0,2.0,1.0,32.0,2.0,3168.3168316831684,4.0
Super built-up  Area,Bharathi Nagar,1379.0,2.0,1.0,85.0,2.0,6163.8868745467735,4.0
Built-up  Area,Kasavanhalli,1121.0,2.0,2.0,75.0,2.0,6690.454950936663,4.0
Built-up  Area,LB Shastri Nagar,1200.0,2.0,1.0,75.0,2.0,6250.0,4.0
Super built-up  Area,Sarakki Nagar,3124.0,6.0,3.0,349.0,4.0,11171.574903969271,10.0
Super built-up  Area,Bannerghatta Road,1246.0,2.0,2.0,47.35,2.0,3800.1605136436597,4.0
Super built-up  Area,7th Phase JP Nagar,1420.0,3.0,2.0,90.0,3.0,6338.028169014085,6.0
Carpet  Area,Shivaji Nagar,600.0,1.0,1.0,65.0,2.0,10833.333333333334,3.0
Super built-up  Area,Other,1090.0,2.0,2.0,55.0,2.0,5045.871559633028,4.0
Super built-up  Area,Electronic City,1355.0,2.0,1.0,73.0,2.0,5387.453874538745,4.0
Super built-up  Area,Ambedkar Nagar,1425.0,2.0,1.0,94.0,2.0,6596.491228070176,4.0
Built-up  Area,Chikkabanavar,4000.0,7.0,0.0,110.0,8.0,2750.0,15.0
Super built-up  Area,Electronics City Phase 1,1700.0,3.0,2.0,111.0,3.0,6529.411764705882,6.0
Super built-up  Area,Talaghattapura,2099.0,3.0,2.0,134.0,3.0,6383.992377322535,6.0
Super built-up  Area,Devanahalli,1520.0,2.0,1.0,69.76,3.0,4589.473684210527,5.0
Built-up  Area,Other,1490.0,3.0,0.0,140.0,3.0,9395.973154362417,6.0
Super built-up  Area,Horamavu Banaswadi,1000.0,2.0,2.0,50.0,2.0,5000.0,4.0
Super built-up  Area,Sahakara Nagar,1291.0,2.0,2.0,72.3,2.0,5600.309837335399,4.0
Super built-up  Area,Kanakpura Road,1339.0,2.0,2.0,67.0,2.0,5003.734129947722,4.0
Super built-up  Area,Other,1330.0,2.0,1.0,56.0,2.0,4210.526315789473,4.0
Plot  Area,Other,9200.0,4.0,2.0,2600.0,4.0,28260.869565217392,8.0
Built-up  Area,Other,1650.0,1.0,1.0,130.0,2.0,7878.787878787879,3.0
Plot  Area,Other,8000.0,6.0,3.0,2800.0,6.0,35000.0,12.0
Super built-up  Area,Jakkur,1125.0,2.0,1.0,44.75,2.0,3977.777777777778,4.0
Built-up  Area,CV Raman Nagar,1310.0,2.0,1.0,62.0,2.0,4732.824427480916,4.0
Super built-up  Area,Bellandur,1096.0,2.0,2.0,40.0,2.0,3649.6350364963505,4.0
Super built-up  Area,Dasanapura,814.0,2.0,1.0,43.7,2.0,5368.550368550368,4.0
Plot  Area,Sarjapur  Road,3500.0,3.0,2.0,275.0,3.0,7857.142857142857,6.0
Super built-up  Area,Raja Rajeshwari Nagar,1140.0,2.0,2.0,44.0,2.0,3859.6491228070176,4.0
Super built-up  Area,Other,1480.0,2.0,0.0,75.0,3.0,5067.5675675675675,5.0
Super built-up  Area,Hebbal,4000.0,6.0,1.0,370.0,4.0,9250.0,10.0
Super built-up  Area,Other,1500.0,2.0,3.0,78.0,3.0,5200.0,5.0
Super built-up  Area,Sarjapur  Road,1850.0,3.0,2.0,89.0,3.0,4810.810810810811,6.0
Super built-up  Area,Other,745.0,2.0,1.0,36.0,2.0,4832.214765100671,4.0
Super built-up  Area,Whitefield,613.0,1.0,1.0,48.0,1.0,7830.342577487765,2.0
Plot  Area,Other,1200.0,5.0,2.0,325.0,4.0,27083.333333333332,9.0
Carpet  Area,Bannerghatta Road,1470.0,2.0,1.0,85.0,3.0,5782.312925170068,5.0
Plot  Area,Frazer Town,896.0,1.0,0.0,100.0,1.0,11160.714285714286,2.0
Super built-up  Area,Bannerghatta Road,1160.0,2.0,2.0,45.0,2.0,3879.310344827586,4.0
Built-up  Area,Attibele,520.0,1.0,1.0,15.0,1.0,2884.6153846153848,2.0
Super built-up  Area,Electronic City,1360.0,2.0,1.0,64.99,3.0,4778.676470588234,5.0
Super built-up  Area,Other,1155.0,2.0,1.0,64.0,2.0,5541.1255411255415,4.0
Super built-up  Area,Chandapura,520.0,1.0,1.0,14.04,1.0,2700.0,2.0
Super built-up  Area,Ambalipura,1615.0,2.0,3.0,150.0,3.0,9287.925696594428,5.0
Built-up  Area,Raja Rajeshwari Nagar,6000.0,8.0,3.0,215.0,8.0,3583.3333333333335,16.0
Super built-up  Area,Raja Rajeshwari Nagar,1140.0,2.0,2.0,39.0,2.0,3421.0526315789475,4.0
Super built-up  Area,Other,1508.0,3.0,1.0,77.0,3.0,5106.100795755968,6.0
Built-up  Area,Ambedkar Nagar,2395.0,4.0,2.0,150.0,3.0,6263.048016701461,7.0
Super built-up  Area,Thigalarapalya,2215.0,4.0,2.0,152.0,3.0,6862.302483069978,7.0
Super built-up  Area,R.T. Nagar,1667.0,3.0,2.0,130.0,3.0,7798.440311937612,6.0
Built-up  Area,Other,1903.0,2.0,1.0,293.0,3.0,15396.741986337362,5.0
Super built-up  Area,7th Phase JP Nagar,1530.0,2.0,1.0,108.0,2.0,7058.823529411765,4.0
Super built-up  Area,Whitefield,1730.0,3.0,2.0,125.0,3.0,7225.43352601156,6.0
Built-up  Area,JP Nagar,1048.0,2.0,1.0,44.0,2.0,4198.473282442748,4.0
Super built-up  Area,Malleshpalya,1225.0,2.0,2.0,52.0,2.0,4244.897959183673,4.0
Carpet  Area,Other,1200.0,2.0,3.0,70.0,2.0,5833.333333333333,4.0
Super built-up  Area,Kundalahalli,1175.0,2.0,1.0,65.0,2.0,5531.914893617021,4.0
Super built-up  Area,Electronic City Phase II,1651.0,3.0,1.0,49.53,3.0,3000.0,6.0
Super built-up  Area,8th Phase JP Nagar,1500.0,2.0,3.0,55.0,3.0,3666.6666666666665,5.0
Super built-up  Area,Doddathoguru,1783.0,3.0,3.0,85.0,3.0,4767.246214245653,6.0
Super built-up  Area,Kereguddadahalli,1015.0,2.0,1.0,35.0,2.0,3448.2758620689656,4.0
Super built-up  Area,Other,1800.0,1.0,1.0,200.0,1.0,11111.111111111111,2.0
Built-up  Area,Sarjapur  Road,2758.0,4.0,1.0,240.0,4.0,8701.95794053662,8.0
Plot  Area,Other,1200.0,5.0,2.0,325.0,4.0,27083.333333333332,9.0
Super built-up  Area,Sarjapur  Road,1132.0,2.0,1.0,70.0,2.0,6183.745583038869,4.0
Plot  Area,KR Puram,1200.0,2.0,0.0,75.0,2.0,6250.0,4.0
Built-up  Area,Hoodi,1490.0,3.0,0.0,85.0,3.0,5704.697986577181,6.0
Built-up  Area,Thanisandra,1917.0,4.0,2.0,130.0,4.0,6781.429316640584,8.0
Super built-up  Area,Bhoganhalli,1703.0,3.0,2.0,120.0,3.0,7046.388725778039,6.0
Super built-up  Area,Old Madras Road,1211.0,2.0,3.0,45.0,2.0,3715.9372419488027,4.0
Built-up  Area,Kudlu Gate,1310.0,2.0,2.0,53.0,2.0,4045.8015267175574,4.0
Super built-up  Area,Marathahalli,1146.0,2.0,1.0,69.0,2.0,6020.942408376964,4.0
Super built-up  Area,Kudlu,1041.0,2.0,1.0,53.0,2.0,5091.258405379443,4.0
Super built-up  Area,Whitefield,1453.0,2.0,2.0,58.0,3.0,3991.741225051617,5.0
Super built-up  Area,Whitefield,877.0,1.0,1.0,59.0,1.0,6727.480045610034,2.0
Super built-up  Area,Kanakapura,1477.0,2.0,1.0,69.5,3.0,4705.484089370345,5.0
Built-up  Area,Frazer Town,1420.0,2.0,0.0,120.0,2.0,8450.704225352112,4.0
Plot  Area,Other,2000.0,2.0,2.0,360.0,3.0,18000.0,5.0
Built-up  Area,Other,1140.0,1.0,1.0,185.0,2.0,16228.070175438597,3.0
Built-up  Area,Sarjapur  Road,1380.0,2.0,2.0,55.0,3.0,3985.5072463768115,5.0
Super built-up  Area,Other,1095.0,2.0,1.0,57.0,2.0,5205.479452054795,4.0
Super built-up  Area,Hoodi,1258.5,2.0,0.0,59.135,2.0,4698.847834723878,4.0
Super built-up  Area,Varthur,1665.0,3.0,2.0,71.58,3.0,4299.0990990990995,6.0
Super built-up  Area,KR Puram,1245.0,2.0,1.0,60.0,2.0,4819.277108433735,4.0
Super built-up  Area,EPIP Zone,3360.0,5.0,2.0,221.0,4.0,6577.380952380952,9.0
Plot  Area,Electronic City,2010.0,3.0,2.0,201.0,3.0,10000.0,6.0
Super built-up  Area,Shivaji Nagar,1226.0,2.0,2.0,60.0,3.0,4893.964110929854,5.0
Super built-up  Area,Thanisandra,1226.0,2.0,1.0,65.59,2.0,5349.918433931484,4.0
Super built-up  Area,Raja Rajeshwari Nagar,510.0,1.0,1.0,22.0,1.0,4313.725490196079,2.0
Plot  Area,Kothannur,1600.0,4.0,2.0,45.0,4.0,2812.5,8.0
Super built-up  Area,LB Shastri Nagar,1000.0,2.0,1.0,49.5,2.0,4950.0,4.0
Built-up  Area,Other,1256.0,2.0,1.0,65.0,2.0,5175.15923566879,4.0
Built-up  Area,Sarjapur,1425.0,3.0,2.0,57.0,3.0,4000.0,6.0
Super built-up  Area,Hosur Road,1919.0,3.0,2.0,117.0,3.0,6096.925482021887,6.0
Super built-up  Area,Neeladri Nagar,2111.0,3.0,2.0,103.0,3.0,4879.204168640455,6.0
Super built-up  Area,Bannerghatta Road,970.0,2.0,1.0,57.0,2.0,5876.288659793814,4.0
Super built-up  Area,Jalahalli,1405.0,2.0,1.0,85.0,3.0,6049.82206405694,5.0
Super built-up  Area,Gubbalala,1285.0,2.0,2.0,90.0,2.0,7003.8910505836575,4.0
Super built-up  Area,Mahadevpura,1050.0,2.0,1.0,42.0,2.0,4000.0,4.0
Super built-up  Area,Hebbal,1349.0,2.0,1.0,96.8,2.0,7175.685693106005,4.0
Super built-up  Area,Sarjapur  Road,4050.0,2.0,1.0,450.0,4.0,11111.111111111111,6.0
Plot  Area,Other,812.0,1.0,0.0,26.0,1.0,3201.9704433497536,2.0
Super built-up  Area,Other,1440.0,2.0,2.0,63.93,3.0,4439.583333333333,5.0
Super built-up  Area,Sarjapur  Road,2425.0,5.0,1.0,195.0,4.0,8041.237113402062,9.0
Super built-up  Area,Sultan Palaya,2200.0,3.0,3.0,80.0,4.0,3636.3636363636365,7.0
Super built-up  Area,Haralur Road,1810.0,3.0,2.0,112.0,3.0,6187.845303867403,6.0
Super built-up  Area,Cox Town,1200.0,2.0,2.0,140.0,2.0,11666.666666666666,4.0
Super built-up  Area,Electronic City,1060.0,2.0,1.0,52.0,2.0,4905.66037735849,4.0
Super built-up  Area,Kenchenahalli,1015.0,2.0,2.0,60.0,2.0,5911.330049261083,4.0
Plot  Area,Hosakerehalli,1500.0,6.0,2.0,145.0,5.0,9666.666666666666,11.0
Super built-up  Area,Kothanur,1454.0,3.0,3.0,71.5,3.0,4917.469050894085,6.0
Super built-up  Area,Other,1075.0,2.0,2.0,48.0,2.0,4465.116279069767,4.0
Super built-up  Area,Raja Rajeshwari Nagar,1187.0,2.0,2.0,40.14,2.0,3381.6343723673126,4.0
Carpet  Area,Hulimavu,500.0,1.0,3.0,220.0,1.0,44000.0,2.0
Plot  Area,Other,1200.0,5.0,2.0,325.0,4.0,27083.333333333332,9.0
Built-up  Area,Billekahalli,1805.0,3.0,3.0,134.0,3.0,7423.822714681441,6.0
Built-up  Area,Bannerghatta Road,1527.0,3.0,1.0,142.0,3.0,9299.279633267846,6.0
Super built-up  Area,Yeshwanthpur,1675.0,3.0,2.0,92.13,3.0,5500.298507462687,6.0
Super built-up  Area,Rachenahalli,1050.0,2.0,2.0,52.71,2.0,5020.0,4.0
Super built-up  Area,Bellandur,1262.0,2.0,2.0,47.0,2.0,3724.247226624406,4.0
Super built-up  Area,Green Glen Layout,1715.0,3.0,3.0,112.0,3.0,6530.6122448979595,6.0
Built-up  Area,Whitefield,3453.0,4.0,0.0,231.0,5.0,6689.834926151173,9.0
Super built-up  Area,Other,3600.0,5.0,2.0,400.0,4.0,11111.111111111111,9.0
Built-up  Area,Raja Rajeshwari Nagar,1141.0,2.0,1.0,60.0,2.0,5258.545135845749,4.0
Super built-up  Area,Padmanabhanagar,4689.0,4.0,1.0,488.0,4.0,10407.336319044573,8.0
